id,custname,emailid,age
1,Brianna Martin,alexandra53@baker.com,26
2,Tina Calhoun,jasminefernandez@hotmail.com,66
3,Gary Garcia,ysmith@turner.com,51
4,Robert Miller,ugonzalez@hotmail.com,42
5,Amber Ramsey,aliciabrewer@brewer-durham.com,79
6,Donna Valdez,ireynolds@cisneros.info,16
7,John Armstrong,leslie74@jenkins-smith.net,53
8,Mary Stevens,ebooker@dodson-smith.com,48
9,Duane Sanchez,michael50@yahoo.com,51
10,James Douglas,lopezjared@yahoo.com,49
11,Ashley Richardson,mitchelldavid@gmail.com,96
12,Stephen Willis,lori75@hotmail.com,14
13,Willie Perry,vincenttiffany@gmail.com,38
14,Ralph Keith,qmoore@heath.com,94
15,Cindy Moore,dawnsmith@yahoo.com,84
16,Julia Erickson,damonhammond@sexton.info,97
17,Larry Jensen,guzmanmichael@adams.info,69
18,Lisa Cameron,aaron33@sanders.biz,22
19,Joseph Clark,cbishop@bradley.biz,82
20,Tyler Harper,cynthia95@may.com,89
21,Samantha Flores,crobles@gmail.com,52
22,Lisa Parker,jennifercummings@howell.com,56
23,Timothy Daniels,clarkkaren@yahoo.com,43
24,Kathleen Pineda,douglas28@haynes-robbins.org,91
25,Mary Reed,welchjeffery@williams-wagner.com,88
26,Heather Santiago,codyrosales@yahoo.com,86
27,Steven Harris,mbrown@turner.org,40
28,Eric Kent,evanschristopher@hotmail.com,12
29,Kimberly Pacheco,daniel90@yahoo.com,22
30,David Bradshaw,eric66@gmail.com,13
31,Lisa Cervantes,chelsea77@yahoo.com,18
32,Dawn Thompson,jorgemcdonald@yahoo.com,44
33,Larry Garcia,uhuang@reyes.com,51
34,Heather Green,bradleyray@lee.com,43
35,Kelly Lawson,duncanpenny@yahoo.com,34
36,Tyler Willis,victoria50@vega.com,65
37,Christina Dixon,anajacobs@cunningham-hernandez.org,55
38,Casey Lyons,tabitha44@yahoo.com,29
39,Jonathan Spears,antonio21@hotmail.com,45
40,Traci Wallace,clarkrichard@mcbride.com,81
41,Paula Blake,afloyd@hill.net,56
42,Lauren Russell,timothy88@hawkins.com,45
43,Tony Cisneros,regina43@le.com,18
44,Matthew Hines,zgoodman@hotmail.com,83
45,Philip Pearson,owaller@gmail.com,61
46,Scott Smith,bwhite@jenkins.com,93
47,Linda Hunter,jnielsen@johnson-taylor.net,12
48,Shane Martinez,nicholasmartinez@gutierrez-kim.com,22
49,David Sanchez,julia22@gmail.com,53
50,Christopher Yang,wharvey@gmail.com,31
51,Jennifer Hughes PhD,adamlewis@hotmail.com,66
52,Bryan Fields,sarah98@barker-frazier.com,43
53,Kenneth Johnson,ukim@yahoo.com,54
54,Eric Brown,qdougherty@espinoza.biz,30
55,Jessica Mendez,michael68@garcia.com,55
56,Michael Baker,swhite@lawrence-harris.com,37
57,Dr. Clinton Mitchell,ymitchell@ballard.org,36
58,Elizabeth Oliver,cassidy18@terry.org,68
59,Richard Douglas,mejiaandrea@jones.info,17
60,Paul Mathis,andersondenise@meyer.com,13
61,Scott Cunningham,luismoyer@yahoo.com,50
62,Mary Smith,scott25@meyer-collier.com,84
63,Natalie Barnes,greentiffany@yahoo.com,72
64,Angela Dodson,barbara72@gmail.com,61
65,Christopher Lopez,vburch@anderson-allen.info,19
66,Jessica Peters,shane90@dixon-brooks.com,36
67,Jeremy Knight,wolfclaudia@navarro.biz,45
68,Jordan Cline,johnsonchristy@ballard.com,15
69,Bradley Miller,cochranaaron@yahoo.com,16
70,James Livingston,xdavis@gmail.com,27
71,Lisa Reynolds,christopher13@yahoo.com,82
72,Jennifer Moore,bartonjared@evans-fowler.com,83
73,Jennifer Rodriguez,carterthomas@gmail.com,69
74,William Kennedy,kellienelson@valentine.com,57
75,David Cain,johnsonjoshua@barnes.biz,24
76,Mr. Samuel Nguyen,davispatricia@davis.com,24
77,Ariel Butler,lewiskevin@carlson-price.com,61
78,Christopher Parker,brandonclark@gmail.com,16
79,Kevin Sharp,kimberly29@williams.net,25
80,Edwin Francis,traviskoch@hotmail.com,74
81,Robert Clark,robinsontracy@carney-salazar.com,58
82,Nicholas Smith,hoffmanryan@tanner.com,46
83,Mr. Edward Walsh,stevengordon@gmail.com,14
84,Frederick Perry,emartinez@mason.com,20
85,Mr. Jose Anderson MD,mflowers@meyer.net,35
86,Gregory Prince,xgutierrez@anderson.net,15
87,Katrina Taylor,barberthomas@king.com,35
88,Scott Cooper,chorton@richardson-taylor.com,99
89,Jennifer Warner,barbara31@hotmail.com,87
90,Dawn Bennett,carlos43@matthews.info,73
91,Alexandra Blake,vjackson@gmail.com,30
92,Erica Hudson,lawrence32@johnson.com,94
93,Erin Gamble,twilliams@white.info,82
94,Troy Stanley,michael09@hotmail.com,13
95,John Obrien,nathanielmartinez@hotmail.com,40
96,Dr. Paul Lee,ifleming@black.info,95
97,Joseph Lambert,patrickharvey@gmail.com,36
98,Timothy Robertson,hudsonjulie@shepard-ellis.com,11
99,Sarah Gonzalez,karen57@hotmail.com,84
100,Linda Frye,charles69@gmail.com,85
101,Richard Schaefer,mooremichael@clark-green.com,12
102,Amanda Robbins,longlarry@gmail.com,24
103,Shelley Hancock,valerie97@flynn.com,58
104,Deborah Lambert,nina07@gmail.com,93
105,Carolyn Ortiz,jessicagarrison@gardner.net,64
106,Sandra Wilson,thomas03@hotmail.com,59
107,Pamela Booker,christianmcdonald@yahoo.com,35
108,Kathleen Pitts,morganabigail@yahoo.com,71
109,Matthew Bryant,danielhenderson@gmail.com,75
110,Vincent Grant,gordonbrandi@walker.com,33
111,Dr. Elizabeth Gray,lucasmedina@smith-horton.com,94
112,Anthony Medina,cstewart@leach.com,66
113,Kylie Schmidt,schmidtdouglas@yahoo.com,85
114,Sara Kelly,larsonlisa@maynard.com,17
115,David Estrada,garzarenee@escobar-kent.com,62
116,Christina Smith,danielselizabeth@yahoo.com,12
117,Selena Bentley,epark@bender.biz,54
118,Sara Harris,nicholasbrooks@yahoo.com,89
119,Jason Lewis,doylejennifer@hotmail.com,69
120,Brittany Morgan,karathomas@johnston-williams.com,89
121,Chelsea Schneider,mandybush@rivers-burton.org,70
122,William Lewis,henryemily@maxwell-hernandez.com,32
123,Zachary Edwards,kathy34@gmail.com,63
124,Barbara Hardy,gracesullivan@yahoo.com,18
125,Tara Farley,bmoran@price.com,66
126,Victoria Smith,lyoung@nunez.com,87
127,Scott Combs,robinsonscott@hotmail.com,54
128,Megan White,beverlyhall@munoz-jordan.biz,12
129,Christopher Day,vgillespie@schneider.com,52
130,Douglas James,rmiller@yahoo.com,67
131,Allison Evans,morgankelly@yahoo.com,73
132,Rebecca Kemp,lisakennedy@estes.com,31
133,Timothy Logan,gordonjerry@anderson-schroeder.com,42
134,Cody Bailey,gonzalezmelinda@blanchard.com,69
135,Jamie Dixon,sean85@yahoo.com,38
136,Susan Ross,alyssa92@palmer-thomas.biz,13
137,Charles Price,sherryzavala@yahoo.com,48
138,Margaret Morrison,hmitchell@yahoo.com,51
139,James Willis,susan55@church.com,53
140,Daniel Young,warrenlaura@gmail.com,99
141,Dylan Hood,tstewart@yahoo.com,84
142,Brandon Brown,stephanie16@taylor.com,46
143,Alan Mueller,pblanchard@yahoo.com,64
144,Jeffrey Durham,hensonjoshua@gmail.com,32
145,Michael Phillips,rebeccaheath@cabrera.com,56
146,Timothy Griffin,mccalltodd@yahoo.com,57
147,William Massey,sarah95@hotmail.com,38
148,James Smith,varnold@yahoo.com,77
149,Teresa Blair,jessica06@hotmail.com,92
150,Lisa Adkins,morgandebra@hotmail.com,18
151,Dawn Mitchell,banksangela@potts.com,64
152,Kevin Carr,jamesholland@quinn-jones.com,48
153,Sara Duke,erincarey@brown.com,50
154,Janet Haynes,stephenmcknight@hotmail.com,47
155,David Klein,uday@gmail.com,74
156,Phillip Norton,amanda84@stuart.com,42
157,Ethan Shah,lisabaker@martinez.com,95
158,William Harrington,nfranklin@yahoo.com,32
159,Amanda Miller,david30@hotmail.com,29
160,Gregory Davis,georgekyle@yahoo.com,81
161,Wyatt Murray,ricardo03@hernandez-dunn.com,57
162,Kyle Velasquez,juarezjoshua@hotmail.com,66
163,Daniel Welch,bethanyjohnson@yahoo.com,91
164,Megan Moore,zrose@gmail.com,86
165,Roger Conner,ashley02@hotmail.com,57
166,Emily Hopkins,lopezkimberly@perez.com,83
167,Christina Aguilar,dflowers@burch.com,14
168,James Reynolds,holmespaul@hotmail.com,79
169,Hayley Lane,nelsonapril@wagner.com,74
170,Jenna Collins,dholden@bennett.net,80
171,Renee Cohen,tracytorres@hotmail.com,85
172,Nicholas Coffey,mary80@hotmail.com,55
173,Anita Butler,egood@gmail.com,84
174,Ashley Gilmore,theodore17@gmail.com,82
175,Christina Owen,peter09@colon.com,83
176,Vincent Burton,casey87@baker.net,71
177,Sean Ramirez,craigaudrey@grant.net,50
178,Crystal Neal,georgemichael@garcia-montes.com,80
179,Thomas Sanchez,cpalmer@hotmail.com,54
180,Lisa Jones,christopher45@yahoo.com,29
181,John Hicks,brent66@hernandez-gonzalez.com,29
182,Michael Richards,holly90@gmail.com,50
183,Clinton Evans,kevinmartinez@johnson.org,64
184,Kelsey Roberts,sfox@hernandez.com,98
185,Alexander Miller,whitemichele@yahoo.com,89
186,Olivia Gilmore,salinasbonnie@ryan.com,54
187,Jennifer Patterson,rosskelly@yahoo.com,57
188,Dominique Pratt MD,diana40@whitehead-potter.biz,40
189,Sarah Coleman,samantha09@wood.biz,40
190,Kimberly Anderson,zchang@ortega.com,75
191,Stephanie Hartman MD,sbryant@hansen.com,51
192,Brenda Russo,amyherrera@melendez.biz,39
193,Angelica Carson,millermelanie@anderson-smith.com,47
194,Michael Harvey,katiepeters@gmail.com,94
195,Molly Burns,jay88@hotmail.com,92
196,Nicole Richardson,karenmaldonado@yahoo.com,69
197,Jennifer Burton,melindatrujillo@gmail.com,53
198,Matthew Rodgers,daniel28@boyd.net,70
199,Justin Lynch III,colinsteele@yahoo.com,78
200,John Smith,urodriguez@smith-torres.org,52
201,Billy Adams,robert99@walker-griffin.com,36
202,Anthony Rodriguez,ethomas@hotmail.com,73
203,Derek Whitaker,sandraharris@rodriguez.com,81
204,Karen Campbell,vgarcia@gmail.com,47
205,Amanda Green,zhunt@gmail.com,23
206,Taylor Smith,karen25@jackson.com,82
207,Tiffany Herrera,pruittrobert@hotmail.com,24
208,Kimberly Durham,cheyenne11@baldwin.com,19
209,Diane Sparks,rogergraves@jimenez.com,35
210,Kyle Jenkins,cynthia24@gmail.com,51
211,Andrew Tucker,houstondavid@hotmail.com,80
212,Annette Jones,linda94@yahoo.com,56
213,Lisa Dennis,davidwilliams@young.org,92
214,Jennifer Gutierrez,luisbarajas@simpson.com,52
215,Larry Gordon,umartin@johnson.com,12
216,Shannon Nelson,cynthia91@mendoza-carter.com,40
217,Michael Lambert,jeremymcdonald@gmail.com,14
218,Jose Beck,olsennathan@webb.org,13
219,Maria Price,qweber@bell.com,70
220,Emily Oliver,millersarah@ryan.net,67
221,Max Williams,albertjones@hotmail.com,43
222,Kayla Fleming,michaeloliver@yahoo.com,95
223,Mia Johnson,suzanne84@hernandez.com,14
224,Heather Mccarty,wesleysanders@williams.com,91
225,Emily Clark,deborahbarrett@morgan.net,32
226,Mario Hill,juansmith@yahoo.com,64
227,Seth Wood,awall@mayo-jefferson.biz,62
228,John Williams,pmontgomery@gmail.com,96
229,Laurie Robles,louissmith@gmail.com,95
230,Lindsey Smith,cthomas@hotmail.com,66
231,Gregory Harrison,pcarlson@richardson.com,56
232,Garrett Casey,yedwards@gmail.com,21
233,Bridget Keller,michael92@arnold-garcia.com,89
234,Rachel Cardenas,markbrown@yahoo.com,63
235,Todd Davis,hurleysharon@thompson-rojas.com,74
236,Jeffrey Thompson,justin35@rodriguez-brown.org,59
237,Megan Kelley,mollywilliams@hotmail.com,54
238,Brianna Dyer,caleb84@hotmail.com,55
239,Teresa Howell,natashaaguilar@brady-ward.com,76
240,Ashley Baldwin,richarddiaz@valdez-evans.net,90
241,Peter Lewis,hilldavid@yahoo.com,17
242,Jennifer Rogers,danielle55@villegas.com,73
243,Robin Preston,samuel47@yahoo.com,69
244,Shawn Harris,smithdaniel@buck-anderson.com,46
245,Andrew Lee,roberto95@hotmail.com,68
246,Andrea Lynch,donald77@yahoo.com,17
247,Stephen Waters,vazquezmichele@yahoo.com,59
248,Paul Wilkerson,gonzalezjoshua@hotmail.com,17
249,Jasmine Anderson,monica96@yahoo.com,46
250,Robert King,ajimenez@faulkner.com,83
251,Scott Norton,lmorales@rogers.com,62
252,Jenny Ramos,stevensonmichelle@graham.com,95
253,Amanda Barr,hmartinez@yahoo.com,21
254,Nicole Myers,andersonedward@yahoo.com,80
255,Melanie Horton,thomasfernandez@young.com,98
256,Angela Smith,zpineda@yahoo.com,50
257,April Freeman,timothybarnett@brown.com,25
258,Kevin Ford,craigglenn@gmail.com,71
259,Laura Chan,josephdixon@perry.com,74
260,Lisa Johnson,ycruz@alvarez.com,73
261,Robert Martin,timothy46@griffin-nelson.info,20
262,Gary Brown,leechristopher@monroe-bryan.com,22
263,Shawn Knight,vsummers@white-smith.org,22
264,Renee Cooper,iperry@yahoo.com,11
265,Don Smith,roberthood@brewer.com,88
266,Francis Olson,susanpatterson@yahoo.com,56
267,Anthony Williams,leah68@hotmail.com,43
268,Marissa Stevens,alex72@garrison.biz,66
269,Carol Mcmillan,christopher80@matthews.com,19
270,Phillip Cooper,hjohnson@hotmail.com,46
271,Jonathan Franco,crystalscott@yahoo.com,50
272,Christopher Obrien,sandysmith@reeves-wright.info,52
273,Douglas Fernandez,clong@carey.info,41
274,Nancy Sanchez,cynthiafowler@turner-moss.net,43
275,Gina Carpenter,carterdiane@yahoo.com,86
276,Juan Mcbride,jennifer58@hotmail.com,28
277,Jason Miller,gcain@warren-allen.org,19
278,Karen Hill,michael25@fields-black.org,70
279,Nicole Aguirre,jessica63@gmail.com,62
280,Jennifer Singh,charlottehines@juarez.com,23
281,Jennifer Allen,donaldgibbs@hotmail.com,83
282,Dennis White,audreystewart@gmail.com,42
283,Michael Weaver,lhernandez@wells.com,49
284,Larry George,rhondaking@conway.net,82
285,Brandon Graham,hayleymcdonald@yahoo.com,37
286,Anna Ortiz,timothyharris@kaufman-russell.net,47
287,Jordan Smith,courtneynelson@hotmail.com,42
288,Heather Parsons,riversjoshua@burton.com,69
289,Shannon Morrow,fmercer@anderson.com,59
290,Mikayla White,michael46@turner.info,34
291,Kaitlyn Lowery,lisa25@hotmail.com,18
292,Craig Trevino,maxwellshawn@cook.com,49
293,Charles Farmer,rachel53@yahoo.com,90
294,Sarah Kennedy,russellkelsey@hotmail.com,90
295,Lindsay Banks,peter74@yahoo.com,99
296,James Dominguez,davisrenee@gmail.com,83
297,Charles Valenzuela,howelltyler@vasquez-leon.org,60
298,Jeffery Peterson,nunezaustin@skinner.com,58
299,Devin Hays,teresavasquez@cook-stone.com,74
300,Kristina Rodriguez,jalvarado@hotmail.com,39
301,Steven Rivers,brianoneal@gmail.com,76
302,Dominique Stanley,murphynicholas@thomas-shannon.com,45
303,Mrs. Amy Shields,ocarpenter@hotmail.com,35
304,Meghan Lin,joseph06@yahoo.com,87
305,Joshua Duncan,john88@miller.org,74
306,Carol Smith,ggrimes@ochoa.info,92
307,Tyrone Lyons,richardsonnathan@hernandez.com,20
308,Makayla Bell,eanderson@hughes-smith.com,64
309,Emily Moore,deniseelliott@yahoo.com,36
310,Keith Elliott,vlopez@richardson.com,83
311,Adam Evans,jameskirby@yahoo.com,53
312,Gary Gomez,amandarowe@potter-johnson.com,45
313,Katrina Mckenzie,rhall@hotmail.com,29
314,Jenna Hurst,thomas42@yahoo.com,25
315,Ann Adams,adamsjoshua@farmer.com,84
316,Victoria Bush,jessica19@jordan.com,84
317,Alan Huff,saundersrobert@flores.com,39
318,Eric Shaw,jeremymoore@garcia.biz,91
319,James Davis,karen35@yang.info,97
320,Brett Dixon,nspencer@cunningham-powers.biz,93
321,Miranda Chavez,pbrewer@baker-tucker.com,71
322,Robin Sims,sandrapowell@yahoo.com,55
323,Richard Garza,jburton@yahoo.com,59
324,Michael Hernandez,jacobking@yahoo.com,98
325,Jill Miller,harrischristina@hotmail.com,21
326,Mr. Arthur White,jsherman@yahoo.com,82
327,Bailey Hamilton DDS,jennyschwartz@galloway.com,17
328,Michael Sweeney,danielcarlson@stewart-greer.net,61
329,Teresa Bradshaw,christopherrobinson@yahoo.com,32
330,Lisa Mcguire,alexandergreen@gmail.com,78
331,Jesse Howard Jr.,rgalvan@hotmail.com,27
332,Kevin Osborn,leblancfaith@garcia-taylor.org,30
333,Brian Romero MD,caitlin12@hotmail.com,79
334,Vickie Cobb,brent31@yahoo.com,74
335,Mario Francis,bassmarissa@hotmail.com,92
336,Johnny Stewart,emilyellison@hotmail.com,32
337,James Johnson,nmurphy@williams.net,37
338,Amy White,heathertorres@hotmail.com,70
339,Brittney Campos,lisa15@hotmail.com,78
340,Alan Maldonado,dhill@hotmail.com,46
341,Rebecca Hall,michael27@anderson.biz,59
342,Jeffrey Sullivan,tinawashington@gmail.com,88
343,Angel Clarke,christinecooley@hotmail.com,52
344,Dillon Bailey,rachel79@gonzalez.info,44
345,Jill Gates,lee31@weaver.com,72
346,Ashley Thornton,andrea63@yahoo.com,27
347,Mr. David Lopez,jyang@anderson.com,47
348,Jennifer Clark,ashley25@rios-casey.com,94
349,Eric Carroll,dnorton@jones.com,91
350,David Myers,malonepeter@hotmail.com,58
351,Krystal French,hendersonmary@hotmail.com,10
352,Evan Sharp,lisachandler@gonzalez.biz,74
353,Jill Baker,caldwelltraci@gmail.com,47
354,Matthew Cain,samanthamartin@black-wright.org,56
355,William Nguyen,matthewdavid@hotmail.com,33
356,Jason Murray,davidgonzalez@hotmail.com,81
357,Ernest Vaughn,ybird@gmail.com,23
358,David Russell,robert59@navarro-collier.com,55
359,Katrina Boyd,corey12@fernandez.com,29
360,Aaron Larsen,jacksonwalker@smith-jackson.com,86
361,Nicholas Wright,chris83@hotmail.com,56
362,Cole Ritter,ashleytina@reyes.net,15
363,Michael Powers,vincent69@vazquez.com,44
364,Roy Gates,kathleen81@knight.info,33
365,James Romero,woodwardcourtney@yahoo.com,15
366,Brandon George III,martinleslie@moore.com,63
367,Bob Koch,rdaniel@gmail.com,63
368,Becky Richardson,efernandez@tate-moore.org,43
369,Monica Middleton,qlowe@williams.com,80
370,Valerie Floyd,bethmathis@yahoo.com,30
371,Emily Carroll,padillasamantha@smith-wilson.com,90
372,Brooke Buchanan,zachary48@hill.com,18
373,Charles Haynes,amanda42@yahoo.com,25
374,Laurie Myers,jamesfox@foster-lee.info,14
375,Steven Miller III,jeanrobinson@hotmail.com,71
376,Sharon Bautista,sherrigillespie@hotmail.com,73
377,Kyle Giles,smithcynthia@kirk.com,85
378,Alex Garcia,shepherdrichard@green.com,38
379,Michael Allen,usmith@prince.com,99
380,Christopher Phillips,hudsonjamie@ryan.com,66
381,Cynthia Turner,gomezmorgan@vance-kim.com,96
382,Michael Reed,ericmack@kim.com,49
383,Rachel Grant,lauravargas@gmail.com,97
384,Julia Evans,martinfrey@ray.org,11
385,Juan Rodriguez,knightlauren@gmail.com,59
386,James Ross,qblackwell@reyes.com,95
387,Heather Mooney,kerrdonna@johnson.com,48
388,Andrew Wade,diazeric@reyes.com,33
389,Lisa Taylor,morganlindsey@wagner.com,38
390,Marvin Schroeder,christinedaniels@hall.info,17
391,Corey Boyd,npoole@hotmail.com,69
392,Russell Anderson,nichole08@gmail.com,44
393,Joseph Pacheco,penarachel@gmail.com,36
394,Kimberly Bauer,nmurphy@perez.net,81
395,Brian Lopez,ashleycarpenter@gmail.com,95
396,Patricia Reid,heather44@larson-chambers.org,15
397,Miguel Hart,millerhenry@gmail.com,15
398,Jorge Kane,michael93@yahoo.com,14
399,Curtis Hines,bridgeslaura@hotmail.com,78
400,Matthew Hunt,thomas04@yahoo.com,95
401,Jamie Mcbride,dawnwise@freeman.com,96
402,Troy Scott,cranesamantha@spencer.com,91
403,Jorge Simon,justin74@bennett-jenkins.com,26
404,Hannah Long,emilymccullough@smith.com,16
405,Kathleen Taylor,mariahmorales@gmail.com,79
406,Eric Rogers,travishayes@parker.net,64
407,Michael Kelly,mjennings@gmail.com,56
408,Kenneth Hicks,elizabeth98@gmail.com,46
409,Michael King,johnwood@stuart-collins.info,58
410,James Lam,howardtimothy@hotmail.com,93
411,Mark Scott,derrick90@gmail.com,28
412,Angelica Webster,zharmon@hotmail.com,55
413,Donna Hunter,kevin19@white.com,44
414,Jessica Sandoval,charles96@yahoo.com,66
415,John Hernandez,brucegarcia@yahoo.com,31
416,Rachel Stanley,rodriguezjohn@steele-briggs.com,83
417,Edward Wilson,barberfernando@richards.com,54
418,Kevin Leon,tracyjohnson@yahoo.com,26
419,Tracy Holland,rodriguezteresa@hotmail.com,68
420,Gregory Graves,vali@gmail.com,68
421,Danielle Snow,rwilkerson@castillo.biz,85
422,Miss Angela Cruz MD,jasonramirez@valenzuela.net,65
423,Kelly Boyd,wwilliams@gibbs-yang.net,69
424,Jason Johnson,jacksonderek@gmail.com,99
425,Lisa Smith,natalie81@hotmail.com,77
426,Molly Mendoza,avilamaria@mcknight.org,74
427,John Rich,kyle82@yahoo.com,48
428,Jennifer Elliott DDS,william86@hotmail.com,97
429,Jeremy Huang,xgordon@hotmail.com,72
430,Kevin Morales,laura36@hotmail.com,88
431,Natalie Hernandez,yangjeremy@olsen.biz,89
432,Elizabeth Buchanan,irwinashley@gmail.com,78
433,Laura Adkins,jamielopez@wilson-gonzalez.info,28
434,Dr. Jason Anderson,katierobertson@yahoo.com,91
435,Kristen Curtis,xwest@yahoo.com,70
436,Tara Rodriguez,fjohnston@gmail.com,28
437,Ryan Blair,xchapman@golden.com,61
438,Jennifer Smith,matthew14@levy.info,99
439,Erin Knapp,ehall@lee-hatfield.com,90
440,Johnny Santos,melissa57@hotmail.com,15
441,Bryce Tran,elijah69@johnson.net,82
442,Mandy Guzman,perezchristopher@yahoo.com,70
443,Chad Jones,cervantesrobert@jackson.biz,92
444,Amanda Cook,monicamiddleton@rogers.com,65
445,Joseph Norman,stephaniegood@hotmail.com,85
446,Scott Rangel,moniqueedwards@wilson-spencer.com,30
447,Joseph Lee,ymorris@wilson-rivas.com,43
448,Darrell Hicks,mitchellroberts@simmons.com,39
449,Donald Colon,steven92@allen.com,39
450,Angela Le,daniel80@weiss.org,94
451,Wendy Todd,brandigray@mcclain.com,62
452,Christine Mitchell,douglasderek@yahoo.com,50
453,Christina Sanders,lmorris@hotmail.com,89
454,Stephen Baker,hunter03@yahoo.com,28
455,Mark Young,martinezmario@acevedo-henderson.org,72
456,Jessica Simon,osimmons@acosta.org,67
457,Barry Vega,richard67@hotmail.com,58
458,Adrian Bray,tranwilliam@riddle.com,65
459,Ricky Parks,shelby68@baker.net,24
460,Rebecca Marks,jeffrey09@yahoo.com,19
461,Alexandra Graves,houstonabigail@hotmail.com,34
462,Micheal Mcclain,zsnyder@gentry.net,61
463,Joel Savage,jennifergray@austin.info,76
464,Michael Molina,walshbrandon@williamson.biz,55
465,Joseph Evans,anitacardenas@sandoval.net,25
466,Shari Zuniga,austinkimberly@hotmail.com,45
467,Bonnie Thompson,stacy48@yahoo.com,51
468,Ashley Griffith,whitneystephanie@hotmail.com,90
469,Anthony Johnson,michael62@yahoo.com,77
470,Kelly Mccoy,martinjason@russell.com,17
471,Carrie Kirk,butlerstephanie@palmer-davis.com,63
472,Robin Salas,nicolenolan@mcintyre-williams.com,65
473,David Buchanan,simpsonkelly@yahoo.com,70
474,James King,nicholasmitchell@gmail.com,53
475,Keith Castillo,melinda05@yahoo.com,42
476,Kevin Mitchell,douglashaney@wiley-bishop.com,57
477,Adrian Wang,stephanie79@hotmail.com,50
478,Amber Gibson,browndavid@gonzales.com,92
479,Cindy Koch,sharon83@yahoo.com,19
480,Ariana Hunt,swilliams@gmail.com,38
481,David Brown,christopher81@yahoo.com,64
482,Laura Walker,jeffreychapman@hotmail.com,14
483,Garrett Perkins,wbennett@crawford.org,73
484,Angela Navarro,jessicaschmidt@grant.com,99
485,Alicia Chavez,robertbarnes@cox.com,17
486,Mrs. Barbara Smith,elijahgarcia@mathis-wilson.biz,48
487,George Elliott,kevin70@yahoo.com,40
488,Joshua Hansen,smiller@richard-jenkins.net,28
489,Christopher Leonard,john80@bond.biz,60
490,Tiffany Diaz,rosschris@fletcher.net,45
491,Michele Larsen,annamartin@yahoo.com,98
492,Jeremy Nelson,weeksamanda@nicholson-fernandez.info,44
493,Jonathan Sanchez,buchanandave@stewart.com,38
494,Melissa Mccarty,gperry@hotmail.com,99
495,Jacob Ross,russellroberts@johnson-brennan.com,55
496,Justin Price,donnavang@yahoo.com,10
497,Robert Cordova,staffordscott@nelson-stafford.com,51
498,Megan Martin,dramirez@yahoo.com,62
499,Jacqueline Black,twalker@gmail.com,21
500,Sandra Richard,nsmith@hotmail.com,30
501,Laura George,haleymitchell@maxwell-garcia.com,46
502,Amber Dawson,jacksonaustin@douglas.com,97
503,Donna Rivera,joshua60@garcia.com,92
504,Sandra Boone,dianaclark@jenkins-perkins.net,84
505,Henry Choi,michael32@perry.com,27
506,Jason Mendez,rrogers@hotmail.com,31
507,Johnny Williams,ujones@medina-valenzuela.com,43
508,Pamela Martin,vkim@yahoo.com,55
509,Kelsey Johnson,joseph88@floyd-mendez.com,40
510,Dawn Moore,wleonard@bautista.biz,97
511,Justin Hopkins,kendralara@hotmail.com,99
512,Brianna Martin,millerdustin@williams.net,46
513,Aaron Cook,geraldbrown@brown-brown.net,38
514,Nicholas Whitaker,dhenry@greene.net,83
515,Christine Sanchez,ocrawford@russell-griffin.net,49
516,Miranda Garrett,samanthajacobs@hotmail.com,45
517,Derrick Vazquez,qjefferson@brennan.org,10
518,Chad Shaw,chad98@hess-alexander.com,97
519,Jason Lyons,ashley32@wright.com,67
520,Miranda Cook,sperry@holt.com,54
521,Kayla Wilson,christopher81@gmail.com,78
522,Eric Davis,andremcintyre@brandt-johnson.info,60
523,Derek Williams,thomashicks@gould-hunt.com,25
524,Zachary Jacobson,blake86@gmail.com,47
525,Ricardo Flores,kochtroy@gmail.com,52
526,Carlos Smith,michelle84@yahoo.com,80
527,Ashley Price,ubarker@yahoo.com,63
528,Toni Gomez,nelsonrebecca@hotmail.com,43
529,Laura Fisher,kaiserstephanie@hotmail.com,71
530,Michele Kelley,wattstimothy@adams.com,26
531,Andrew Nichols,bryanfoster@yahoo.com,83
532,Debra Cooper DDS,vwatts@yahoo.com,23
533,Melissa Allen,rhondacoleman@yahoo.com,16
534,Jamie Turner,dylan42@hotmail.com,35
535,Jennifer Barry,ramseysean@clark.org,30
536,Timothy Lewis,fuentesvalerie@mcbride.info,17
537,Theresa Alvarez,shirley79@smith.com,67
538,Lisa Turner,scott04@gmail.com,53
539,Mary Fields,corey42@powell.com,25
540,Dr. Jeffrey Nichols,gary95@gmail.com,32
541,Heather Parks,gonzalezrhonda@campbell-williams.com,89
542,Matthew Barker,alexanderwood@padilla.com,70
543,Joseph Greene,jonathanmedina@jones-hunter.com,76
544,Jonathan Gonzalez,josephflowers@hoffman-white.net,58
545,Sharon Torres,orrbrandon@yahoo.com,96
546,Miranda Thompson,elizabethmolina@jacobs.net,41
547,Heather Allen,msawyer@warren.org,53
548,David Mills,peter71@yahoo.com,33
549,Andrea Collier,brandon90@rodriguez.com,87
550,Ariana Newman,richard72@henderson.biz,73
551,Thomas Rodgers,melissa34@yahoo.com,22
552,Angela Campbell,terrance88@yahoo.com,72
553,Patrick Phillips,barbaraperez@hotmail.com,45
554,James Stokes,schroederjoseph@yahoo.com,40
555,Dana James,crystal79@hotmail.com,53
556,Rachael Stout,martinezvictor@dominguez-cardenas.com,57
557,Jeffrey Cook,daveliu@gmail.com,32
558,Mr. Joseph Cook,qgarner@yahoo.com,21
559,Jordan Stanley,kylie97@west-williams.com,34
560,Chelsey Aguilar,dandrews@gmail.com,81
561,Rebecca Walsh,dawn80@rogers-moore.com,51
562,Emily Stewart,kimjohnson@smith.com,23
563,Justin Henry,jason96@allen.com,39
564,Jill Johnson,lisawalter@gmail.com,21
565,Jonathan Lopez,rogerrichards@gmail.com,13
566,Jeremy Luna,meghan91@gmail.com,50
567,Erin Larsen,ehamilton@hotmail.com,37
568,Victor Spencer,potterjose@white.net,32
569,Joseph Gomez,franklinwalter@hotmail.com,68
570,Paula Thomas,sarahosborn@burns.com,71
571,Danielle Hall,ishaw@hotmail.com,77
572,Daniel Poole,millerkatherine@gmail.com,73
573,Maria Jones,laurenmosley@alvarez.biz,87
574,Steve Williams,xklein@gmail.com,72
575,Linda Ewing,chowell@rogers-rogers.net,99
576,Patricia Stone,mcclurelauren@yahoo.com,61
577,David Johnson,fullerbryan@tucker.com,17
578,Michael Chen,santiagorachel@blevins.com,37
579,Maria Santos,kevin14@long-hooper.biz,24
580,Kimberly Mueller,laura20@wagner-rodriguez.net,60
581,Martin Richmond,kennethvargas@yahoo.com,72
582,Crystal Chavez,abeltran@yahoo.com,38
583,Patrick Andrews,pearsonderek@yahoo.com,52
584,Jennifer Wilson,xsheppard@yahoo.com,62
585,Michael Bryant,michael57@james.biz,44
586,Charlotte Vasquez,randymorrison@yahoo.com,34
587,Bonnie Peck,melissasanchez@coleman.org,79
588,Kristina Snyder,obyrd@hotmail.com,82
589,Sara Wilson,sara30@hotmail.com,55
590,Taylor Martinez,jjohnson@yang-brown.com,41
591,Anna Jacobs,garrettandrew@hotmail.com,80
592,Logan Figueroa,derrick43@hanna.net,80
593,Dr. Melissa Jones,santiagocaitlin@reyes.com,84
594,Cassandra Howard,scottwayne@jones-thomas.info,26
595,James Brooks MD,vstewart@roman.com,52
596,Connie Gray,mcgrathmelissa@yahoo.com,70
597,Matthew Hobbs,jerrymurphy@rangel-hardy.org,10
598,Brittany Anderson,cramirez@yahoo.com,86
599,Bradley Miller,sgreen@yahoo.com,92
600,Karina Young,scottcarlos@miller-garcia.org,99
601,Nicholas Hernandez,rmoran@hotmail.com,21
602,Timothy Le,christopher95@lowery.com,95
603,Peter Moore,colemanjoseph@stephenson.com,27
604,William Barry,jessica52@yahoo.com,68
605,Elizabeth Harris,marias@green.com,11
606,John Long,johnsonmichael@gmail.com,53
607,Tiffany Martin,jeremy98@fox.com,52
608,Jack Holloway,fmoreno@gmail.com,87
609,Maria Luna,lambertanne@hotmail.com,41
610,Carol Boone,holly08@gmail.com,69
611,Kristopher Cole,swansonjoseph@yahoo.com,69
612,Valerie Henson,carlsonbenjamin@gmail.com,73
613,Nancy Castro,rachael31@gmail.com,53
614,Krystal Werner,regina52@jones-duncan.net,74
615,Amy Martinez,bcamacho@fisher.com,31
616,Chloe Mosley,peter88@hotmail.com,20
617,Natalie Walker,wendyhouston@price-gonzalez.com,26
618,Matthew Medina,debbie49@gmail.com,65
619,Jeremy Benson,yorkjonathan@yahoo.com,73
620,Michael Diaz,ihenderson@rodriguez-hernandez.com,37
621,Emily Shaffer,johndunlap@gilbert-alvarez.com,19
622,Mike Price,uaustin@nelson.com,71
623,Dr. Tasha Anderson,laura85@johnson.info,10
624,Michelle Berry DDS,kevin35@lewis-peters.biz,97
625,Yolanda Oliver,crystal88@herrera.com,18
626,Regina Burke,luke65@gomez.com,56
627,Joshua Collier,bradleyrobert@thornton.com,92
628,Drew Brooks,steven24@hotmail.com,57
629,Michael Morris,jamie69@williams.com,52
630,Vicki Wallace,brittany38@hotmail.com,45
631,David Bowman,mcconnellstephanie@hotmail.com,67
632,Michele Washington,angela74@hotmail.com,96
633,Allison White,mking@moody-williams.com,75
634,Julie Campos,danielchapman@beasley.org,16
635,Eric Carter,abowman@hotmail.com,67
636,Luke Mckinney,barbara93@hotmail.com,52
637,Stephen Frank,raykimberly@benson.com,94
638,Kaitlin Green,katherine52@hotmail.com,19
639,Robert Owens,hansenbecky@hotmail.com,40
640,Donald Campbell,christopherallen@gmail.com,27
641,Tina Monroe,snydercody@hotmail.com,84
642,Holly Perkins,davidwilliams@hotmail.com,41
643,Stephanie Thompson,rosspaul@diaz.com,74
644,Mr. Jimmy Fowler,tmclaughlin@gmail.com,63
645,Martha Rojas,hgonzalez@yahoo.com,65
646,Mary Walton,jamesmorgan@yahoo.com,57
647,Jennifer Barnett,williamsjoseph@hotmail.com,51
648,Raymond Davis,ocarpenter@gmail.com,58
649,Amber Wiggins,sandrahernandez@hotmail.com,18
650,Laurie King,donnacaldwell@hotmail.com,55
651,Brett Smith,oboyd@hill.com,90
652,Christopher Henry,elittle@padilla.com,58
653,Geoffrey George,juan79@hotmail.com,47
654,Tiffany Torres,sgray@gmail.com,27
655,Dr. Lauren Soto MD,callahanjessica@carney.com,99
656,Brittany Gomez,monicadavies@hotmail.com,83
657,Ryan Estrada,wwalker@allen-carter.com,19
658,Adam Woods,patelchase@hotmail.com,10
659,Peter Estrada Jr.,allenmeyers@watson.com,14
660,Dustin Jones,fevans@brooks.com,90
661,Vincent Davis,armstrongjennifer@meadows.com,10
662,Robert Collins,donnahale@malone-taylor.info,99
663,Sheri Nichols,jacquelinecochran@gmail.com,17
664,Heidi Cook,lawsonamy@gmail.com,26
665,Mindy Campbell,krista40@gmail.com,63
666,Felicia Scott,david89@glover-robinson.info,58
667,Brandy Grant,fmiles@thornton-lamb.net,93
668,Austin Long,rodriguezbrian@gmail.com,44
669,Antonio Schultz,tammy87@yahoo.com,26
670,Hector Ruiz,ronaldhawkins@gmail.com,78
671,Donna Robbins,vthompson@jones.com,96
672,Tony West,clairenelson@yahoo.com,83
673,Nicholas Hamilton,franciscogrimes@yahoo.com,65
674,Gina Cantrell,uwalker@gmail.com,83
675,Ann Wilcox,tinawallace@yahoo.com,71
676,Ronald Vaughan,herreradebra@adams-gonzalez.com,57
677,Matthew Rodriguez,lauracooper@yahoo.com,71
678,James Holden,danielslisa@mitchell-spencer.com,65
679,Patricia Jacobs,tylergarcia@silva.com,54
680,Rebecca Smith,alvarezrobert@anthony.com,22
681,Larry Sanders,jacquelinebruce@hotmail.com,53
682,Elizabeth Little,montoyatony@calhoun-mccarthy.info,42
683,Jesus Wright,copelandmatthew@reyes.com,35
684,Taylor Nelson,obriensamuel@dominguez.info,94
685,Samantha Frazier,stevenfarmer@pratt-webb.com,26
686,Nancy Cooper,kathleen82@yahoo.com,61
687,Daniel Reed,sharontownsend@gmail.com,27
688,Debra Wright,jeffery64@moore.org,44
689,Charles Henson DDS,erichancock@chavez.com,85
690,Fernando Davis,billy80@gmail.com,79
691,Dustin Welch,pamelanelson@yahoo.com,95
692,Melanie Bell,laceyrangel@hotmail.com,99
693,Beverly Key,jeremy29@yahoo.com,57
694,Omar Glenn,pcampbell@hotmail.com,82
695,Sandra Rodgers,dsanchez@martinez.biz,63
696,Mario Winters,connorfisher@orozco.com,76
697,Madison Fleming DDS,lewisalejandra@rivera-keller.info,91
698,Lisa Jones,michaellopez@yahoo.com,22
699,Daniel Yates,todonnell@thomas.info,65
700,Philip Chavez,paula49@romero.com,85
701,Jesse Anderson,kflores@yahoo.com,44
702,James Finley,rachel25@davis.com,63
703,Nancy Frye,mccoydiane@yahoo.com,40
704,Alicia Nelson,fharris@gmail.com,30
705,Tracy Williams,kjackson@long.com,17
706,Craig Mcgee,stevendawson@king.com,68
707,Jeremy York,brandonmoreno@richard.com,16
708,Steven Nelson,wjames@yahoo.com,54
709,Veronica Black,dpadilla@walters.com,45
710,Michael Baker,fsimmons@rodriguez.com,51
711,David Hines,shelby63@jones-gay.com,43
712,Bruce Jackson,bryantpatrick@hotmail.com,51
713,Jennifer Warner,kennethevans@mills-mccullough.com,73
714,Ashley Snyder,meyersaaron@chang.com,90
715,Samantha Ross,zmcbride@rodriguez.com,25
716,Mitchell Jones,christian63@hotmail.com,69
717,Samantha King,ashley10@hotmail.com,64
718,Maria Rogers,jacqueline98@ellison.biz,83
719,Christine Carr,jonestamara@gmail.com,18
720,Albert Hull,yjones@ryan.org,96
721,Travis Lopez,murillojennifer@gmail.com,34
722,Sarah Levy,tiffany86@hotmail.com,63
723,Sarah Braun,michelle19@yahoo.com,56
724,Veronica Willis,larakylie@hotmail.com,96
725,Martha Oliver,kpotts@mcdonald.org,93
726,Patricia Garcia,holmesamanda@hotmail.com,69
727,Mr. Daniel Welch Jr.,maria29@yahoo.com,17
728,Jamie Mcfarland,williamsantana@schultz.biz,67
729,Samuel Beasley,danielhickman@donaldson-gordon.info,90
730,Charles Burke,beckerkaren@hotmail.com,52
731,Joseph Griffin,ftucker@hopkins.com,68
732,Dawn Collins,derek87@rivas-long.com,92
733,Tyler Garcia,tonyhamilton@gmail.com,69
734,Benjamin Jensen,diana49@bryant.com,99
735,Kenneth Smith,laurawood@hotmail.com,51
736,Lisa Howell,charles30@lopez-johnson.com,88
737,Dorothy Barber,jefferylang@silva-hunt.biz,74
738,Steven Roach,prodriguez@yahoo.com,21
739,Lisa Price,jeremyespinoza@hopkins.com,70
740,Christine Ibarra,rsandoval@patton-conway.com,77
741,Jesus Coleman,danielle34@hotmail.com,51
742,Veronica Hahn,sancheznicholas@gmail.com,59
743,Ian Edwards,fosterjoseph@cruz.com,19
744,Heather Santos,john82@gmail.com,47
745,Linda Watkins,mariah23@hotmail.com,56
746,Andrew Lopez,klevine@harper.com,74
747,Derrick Stanley,starkchristina@park-ramirez.com,17
748,Stephanie Rodriguez,allenthomas@miller.net,70
749,Wendy Carter,susanwilliams@hotmail.com,39
750,Zachary Bishop,taylorsmith@rodriguez.info,15
751,Jody Foster,joshuaward@hudson-guzman.info,87
752,Sarah Ramos,brownkimberly@yahoo.com,19
753,Haley Robles,moraleswesley@johnson.com,32
754,Zachary Stewart,agonzales@wilson.com,50
755,Erica Hill,masonkathryn@ward-patterson.com,36
756,Oscar Peterson,jasmine39@hotmail.com,94
757,Mary Young,cummingsjamie@lopez.com,10
758,Jesse Rocha,dclark@wilson.org,94
759,James Torres,bjohnson@hotmail.com,34
760,Tanya Vaughn,carol12@gmail.com,59
761,Brianna Anderson,hmoore@hotmail.com,85
762,Brian Barnes,virginiacastillo@gmail.com,30
763,Roger Blankenship,robin29@potts.com,92
764,Barbara Mercado,stephen55@hotmail.com,18
765,Sharon James,grahammichael@martin-burgess.net,55
766,Brenda Ramos,kenneth97@yahoo.com,35
767,Christopher Martinez,amanda88@hotmail.com,69
768,Tyler May,nbrooks@gmail.com,20
769,Ann Walker,alopez@myers-davis.org,98
770,Deborah Mills,gregory09@gmail.com,65
771,Tammy Ward,timothy63@hotmail.com,74
772,Todd Martinez,lauren84@zavala.com,15
773,Tammy Velasquez,alexandermorris@manning-brady.info,99
774,Charles Johnson,rebeccahall@yahoo.com,98
775,Glenn Branch,catherine95@gmail.com,80
776,Ashley Peters,cruzshawn@gmail.com,58
777,Eric Holt,sabrinamendez@booth.com,89
778,Johnny Adams,hornmark@hotmail.com,20
779,Kyle Freeman,racheldavenport@gmail.com,78
780,William Morris,craig76@ward.com,90
781,Toni Stone,scott60@harvey-miller.com,32
782,Joseph Dennis,louis48@gmail.com,58
783,Brandon Mcdaniel,melissa06@yahoo.com,72
784,Lauren Schmidt,pcampbell@wilson-bender.com,27
785,Christopher Murphy,walkercarl@hotmail.com,87
786,Samuel Miller,robert82@meza-bradford.com,97
787,Joan Dillon,christine57@zamora-lee.com,70
788,Cynthia Cole,jose24@fisher.com,20
789,Sarah Huffman,umedina@jackson-walsh.com,94
790,Molly Kelley,ryansawyer@yahoo.com,33
791,James Mcguire,waltonamanda@charles-farrell.org,57
792,Terri Compton,ashley01@page.com,77
793,Eric Johnson II,karencastillo@brown.com,59
794,Melissa Johnson,rivaslarry@hotmail.com,78
795,Sarah Cole,jenniferdecker@wilson.com,39
796,Bryce Mitchell,allenashley@bullock.com,54
797,William Turner,wbryant@kelly.biz,83
798,Brittany Taylor,jensenmatthew@mclaughlin-mcconnell.org,98
799,Jeffrey Little,george53@krueger.com,46
800,Caleb Cabrera,anna17@alvarado.org,21
801,Hannah Mejia,awilliams@gmail.com,58
802,Linda Evans,diazanthony@yahoo.com,67
803,Catherine Moore,adkinserica@tanner.com,24
804,Kenneth Golden,zsmith@blair.com,84
805,Andrea Young,xalexander@gmail.com,15
806,Nicholas Bernard,lewisjonathan@yahoo.com,89
807,Rhonda Morgan,danaperez@ramirez.com,83
808,Keith Mendoza,smithpatricia@potter.com,75
809,Leslie Byrd,jessicapalmer@rodriguez.info,34
810,Dustin Blake,brownjustin@hotmail.com,17
811,Rhonda Dalton,robert12@singleton-mack.com,20
812,Casey Dunn Jr.,xmatthews@pierce.com,73
813,James Burch,mweaver@hotmail.com,93
814,Jeffrey Spencer,nicholaslogan@flores.com,19
815,Lori Khan,uwilkerson@yahoo.com,80
816,Charles Fisher,travis64@parks.biz,95
817,Andrew Medina,cpeck@yahoo.com,97
818,Brett Garcia,wcook@hotmail.com,46
819,Christopher Lowe,richardmathew@miller.com,37
820,William Smith,yschmidt@stephenson.net,10
821,Matthew Garner,griffithdennis@hotmail.com,42
822,James Thompson,manuel23@frye-pearson.com,27
823,Theresa Mcdonald,mcconnelljohn@williams.com,55
824,Shawn Carpenter,shudson@yahoo.com,63
825,Kenneth Serrano,andrewellis@ross.com,16
826,Tonya Wolfe,dpeterson@herrera.com,91
827,William Norris,ebrooks@yahoo.com,22
828,Robert Coffey,jeremymartinez@young-burke.com,75
829,Leslie Holland,michael64@gmail.com,36
830,David Simmons,anitawilliams@yahoo.com,11
831,Scott Chase,jeffreygarcia@gmail.com,29
832,Cameron Cole,taylorbailey@gmail.com,56
833,Anthony Gordon,vgarza@gmail.com,15
834,Dr. Dakota Bishop,melissaowens@hall-clark.com,23
835,Lisa English,chris33@taylor-phelps.biz,66
836,Andrew Gallegos,hammondthomas@turner.info,19
837,Richard Martinez,kathleenbaker@hotmail.com,96
838,Haley Campbell,smithbobby@cross.com,17
839,Natalie Mendoza,dariusadams@yahoo.com,30
840,Billy Howard,jeffrey34@hotmail.com,82
841,Gina Waters,katherine15@yahoo.com,44
842,Emily Smith,kayla58@yahoo.com,23
843,Patricia Roberson,adamscheryl@suarez-edwards.com,37
844,Christopher Strickland,maria97@gmail.com,53
845,Jeremy Allen,karenhunt@yahoo.com,50
846,Justin Nguyen,rbennett@yahoo.com,31
847,David Henry,laura91@mccarthy-white.com,79
848,James Torres,harriskatherine@hotmail.com,94
849,Lori Gordon,douglas60@yahoo.com,11
850,Ashley Baker,amanda29@hotmail.com,45
851,Derek Mullins,lisaallen@yahoo.com,17
852,Katherine Lin,johnsonjames@hotmail.com,67
853,Nicole Flynn,veronica22@hotmail.com,95
854,Allison Carter,sgoodman@medina.net,36
855,Barbara Johnson,julia91@hotmail.com,16
856,Tracy Wright,fdawson@gmail.com,22
857,Crystal Gibson,whitedaniel@dean.com,21
858,Carol Williams,mirandadeborah@horne.com,63
859,Ariel Maddox,graypatricia@johnson-robles.com,95
860,John Buckley,harringtoncindy@yahoo.com,92
861,Andrew Williams,wardgeorge@doyle-gilbert.org,60
862,Vanessa Walker,amandawarner@hotmail.com,32
863,Scott Cruz,awalker@allen.com,29
864,Kyle Hicks,masoncheryl@gmail.com,18
865,Julia Woods,richarddelgado@gmail.com,58
866,Nicole Sherman,rebeccahester@becker.com,10
867,Richard Smith,charlesjohnson@yahoo.com,16
868,Deanna Solis,ramirezbrandy@hammond.com,49
869,Alejandro Lee,sextonmelissa@gmail.com,88
870,Cynthia Rios,rodriguezmanuel@flores-bryan.info,16
871,Kevin Ward,rebeccachristian@crawford.com,28
872,Alexandria Rojas,keith32@rosario.com,50
873,Kendra Williams,samuel30@villegas.com,22
874,Scott Jackson,sarahthompson@hotmail.com,29
875,Ellen Martinez,robinsonkelly@castillo-robinson.com,39
876,Nancy Jones,phall@davis-martinez.info,76
877,Scott Davis,emorales@yahoo.com,16
878,Alyssa Dyer,jamescooper@joseph-long.com,89
879,Eric Martin,sanchezlawrence@romero-cochran.com,45
880,Kathleen Buck,deborahwalton@gmail.com,78
881,Patricia Rodriguez,asnyder@chen.com,92
882,Brendan Mckinney,whenderson@gonzalez.biz,56
883,Sara Hunter,kimberlyrodriguez@yahoo.com,41
884,Nathan Smith,millerbrandy@hotmail.com,12
885,David Horton,tmorrison@kelley.com,95
886,John Thomas,ztran@yahoo.com,12
887,Belinda Oneill,lball@hotmail.com,46
888,Julie Hall,abailey@gmail.com,94
889,Margaret Curry,nanderson@garcia-johnson.com,15
890,Steven Lozano,xsmith@johnson.com,79
891,Patricia Scott,powens@jefferson.org,48
892,Kyle Sullivan,ywilliams@anderson.com,49
893,Gregory Murray,heatheraustin@yahoo.com,32
894,Yvette Jackson,williamssarah@hotmail.com,76
895,Angela Edwards,yhunt@yahoo.com,56
896,Melanie Perez,barnesannette@flores.com,38
897,Victoria Hodges,glee@baker.com,36
898,Michael Parrish,uballard@gray-russell.com,89
899,Cameron Smith,jessicamann@gmail.com,35
900,William Wilson,kimpayne@edwards.net,94
901,Alexander Small,lisamccoy@hotmail.com,59
902,Stephen Reynolds,tfoster@wright-sanchez.net,21
903,Claudia Marks,rebekah40@yahoo.com,60
904,Lindsay Walker,andreajohnson@lindsey.com,17
905,Sarah Long,anitasellers@calderon.com,85
906,Jessica Webb,donaldhernandez@yahoo.com,61
907,Rachel Moreno,martinbrandon@morris.info,82
908,Benjamin Burnett,qgarcia@lambert-lopez.com,77
909,Tracy Huff,henry17@gmail.com,69
910,Dawn Bryant,ijohnson@baker.com,48
911,Christian Young,patellauren@gmail.com,87
912,Mrs. Allison Cochran,alexisramirez@gmail.com,27
913,Sheena Deleon,sydneymcgee@hotmail.com,19
914,Chelsea Townsend,fmoore@yahoo.com,30
915,Mary Williams,jorge42@yahoo.com,49
916,Miss Nicole Simon DDS,jessica89@yahoo.com,83
917,Laura Hunt,riveramaria@smith-foster.com,49
918,Kenneth Palmer,ryangriffin@hotmail.com,89
919,Christopher Wilson,bramos@warren.com,68
920,Michelle Martinez,thomas62@jackson-holland.com,91
921,Samantha Bautista,imartinez@yahoo.com,51
922,Jeffrey Davis,gabriellemurphy@gmail.com,14
923,Troy Perry,efrancis@gmail.com,27
924,William Spencer,solomonjulie@alexander-anthony.com,61
925,Mr. Ryan Hanson DDS,nhenderson@gmail.com,22
926,Cynthia Charles,jeremybolton@hotmail.com,37
927,Joseph Wallace,cummingscarl@wilkins.biz,46
928,Elizabeth Cooke,michaelknight@gmail.com,20
929,Catherine Cole,amyhayes@oliver.com,31
930,William Gonzalez,ghoffman@hotmail.com,54
931,Jessica Lynch,jared53@zavala.biz,14
932,Ashley Nelson,kylebrennan@davis-green.com,31
933,Vanessa Ramirez,robert46@davis.com,62
934,Jennifer Duran,valentinetodd@rivera-ramos.com,94
935,Mikayla Reyes,shawlucas@yahoo.com,67
936,Diane Vaughan,kylethompson@yahoo.com,23
937,Dr. Nicole Rodriguez DVM,uyoung@yahoo.com,90
938,Bradley Riley,crystal13@yahoo.com,83
939,David Morrison,patriciaharrington@gmail.com,47
940,Holly Jackson,hendersonrick@hotmail.com,33
941,Kyle Jones,corey41@hardin-jones.com,74
942,Barbara Schultz,mannlynn@hotmail.com,38
943,Sheryl Sawyer,smithashley@hotmail.com,33
944,Hannah Walters,christine39@gmail.com,31
945,Jason Rodriguez,vklein@riggs-anderson.biz,89
946,Danielle Sanchez,jeffreybarnes@aguilar.com,71
947,John Ortega,acampbell@yahoo.com,68
948,Courtney Rangel,xdeleon@yahoo.com,40
949,Jason Martinez,jason40@vasquez.net,33
950,Carmen Lloyd,holly48@miller-pierce.org,79
951,Craig Perez,nicholas19@hotmail.com,34
952,Donna Andersen,john54@yahoo.com,66
953,Ashley Johnson,ortizshelly@adams.com,66
954,Amanda Marks,molson@romero-gonzalez.com,71
955,Annette Robertson,james64@robinson.com,25
956,John King,dhardy@yahoo.com,41
957,Phillip Williams,angela93@gmail.com,25
958,Megan Martinez,moorekristin@yahoo.com,22
959,Mark Mueller,david71@hotmail.com,37
960,Robert Kline,ktaylor@moore.com,32
961,Michael Martinez,kellybutler@hotmail.com,33
962,Melissa Townsend,mitchellpaige@williams.com,88
963,Courtney Durham,butlerjody@gmail.com,95
964,Ashley Ortega,johnbarrett@zimmerman-castaneda.com,97
965,David Martin,mjones@hotmail.com,19
966,Melinda Gomez,uroberts@scott-gill.info,16
967,Jessica Silva,marymoses@jones-murillo.com,69
968,Loretta Bowers,brenda91@thompson-crane.com,28
969,Joshua Rogers,dustin08@parker.com,88
970,Margaret Garza,jamesgregory@gmail.com,27
971,Jeffery Bullock,williamsshelby@harper.com,89
972,Katie Vazquez,pdalton@hotmail.com,25
973,Joseph White,erin25@hotmail.com,13
974,Cameron Mason,brenda56@anderson.com,56
975,Christopher Wells,laurenwilliams@gmail.com,70
976,Robert Clark,rosejeffrey@mayer.info,68
977,Rebecca Jennings,macdonaldjack@hotmail.com,12
978,Daniel Jackson,ynelson@hotmail.com,19
979,John Reynolds,burnsshawn@smith.com,17
980,George Yates,lewismeredith@shaw.com,89
981,Jonathan Turner,ejones@hotmail.com,76
982,Daniel Farmer,ericramsey@parker.com,95
983,Daniel Johnson,jenniferwright@stone.biz,93
984,James Riley,fbrown@marshall-cantu.info,73
985,Jeffery Harmon,angelasmith@king-stone.com,33
986,Jason Taylor,yjohnston@yahoo.com,61
987,Timothy Davidson,scottrivera@yahoo.com,39
988,Cameron Maynard,stephanie04@ramirez.com,23
989,David Schmidt,smithkenneth@gmail.com,25
990,Theresa Kelley,moralesmelissa@hotmail.com,11
991,Chad Spencer,smithsonia@gmail.com,84
992,Joanna Roy,hansoneddie@baker-lynch.com,40
993,Larry Hoffman,philipsmall@gmail.com,78
994,Kim Rivera,andersondale@gmail.com,14
995,Justin Lopez,valdezjulia@harris-white.net,18
996,Matthew Garrison,troy78@mcclure.com,91
997,Alexis Hughes,david71@wright.biz,21
998,Gloria Stanley,johnnywilson@peters.com,86
999,Nicole Salas,millerruth@price.net,21
1000,Jessica Hernandez,judy52@hotmail.com,17
1001,Robin Vaughan,michele61@gmail.com,49
1002,Molly Yang,kelly26@griffith-mann.com,96
1003,Chase Smith,jessicabaker@hotmail.com,76
1004,James Herrera,david72@pace-rodgers.biz,35
1005,Brendan Chen,davidwoods@gmail.com,75
1006,Stephen Thomas,eshaw@hotmail.com,64
1007,Selena Rodriguez,samuelcopeland@hardy.com,31
1008,Timothy Jones,chaneyclayton@ward-hobbs.com,31
1009,Karen Rogers,jrobertson@hotmail.com,50
1010,Ruben Becker,christopher20@gmail.com,13
1011,Jeffrey Washington,youngjessica@hotmail.com,72
1012,James Roy,gillespierebecca@yahoo.com,93
1013,Rhonda Hill,markhill@hotmail.com,61
1014,Cynthia Guerrero,anthony43@hotmail.com,20
1015,Mariah Pacheco,amber18@hotmail.com,29
1016,Eric Roman,justinconner@hotmail.com,15
1017,John Davidson,lamkimberly@kerr-wall.biz,13
1018,Isaac Webster,kelly63@bryant-riley.com,95
1019,Luis Ritter,rossshawn@gmail.com,24
1020,Michael Wood,tina40@hotmail.com,47
1021,Julie Weber,allenanthony@yahoo.com,47
1022,April Hawkins,hbennett@hotmail.com,38
1023,Cody Aguirre,catherine17@hotmail.com,88
1024,Robert Roberts,davissusan@gmail.com,53
1025,Jacob Chavez,deborah38@price-norton.net,48
1026,Gavin Brown,zmaldonado@yahoo.com,22
1027,Benjamin Ryan,joseph59@yahoo.com,87
1028,Danielle Vasquez,thompsonalex@hotmail.com,78
1029,Terri Pearson,beverly88@hotmail.com,30
1030,Scott Smith,lauren63@jones-johnson.com,93
1031,Cody Thompson,alexa84@yahoo.com,62
1032,Evan Lynn,timothy97@sampson.biz,69
1033,Glen Craig,ydennis@hotmail.com,75
1034,Aaron Moore,calhountravis@rodriguez.com,44
1035,Sandra Bass,allison09@yahoo.com,90
1036,Lisa Costa,gallegoswilliam@rose.com,16
1037,Steven Robbins,david92@hotmail.com,65
1038,Donna Miller,mcontreras@gmail.com,91
1039,Mr. Victor Long,samantha61@hotmail.com,97
1040,Mrs. Alexandra Campos,kingashley@yahoo.com,65
1041,Daniel Taylor,parker55@wallace-kaufman.com,34
1042,Michael Bradley,roberthernandez@lee-berry.info,56
1043,Joshua Nguyen Jr.,lisa03@hotmail.com,55
1044,Christina Brown,wjohnston@lowe.biz,42
1045,Kenneth Moore,oconnellchristy@velasquez.com,97
1046,David Ross,melissa39@kirby.com,93
1047,Laurie Maynard,joneschristopher@yahoo.com,50
1048,Jason Gonzales,bradykristen@hotmail.com,67
1049,Kyle Williams,umorrison@hotmail.com,47
1050,Christine Johnson,william70@davis.com,68
1051,Caitlin Casey,brittanywalker@yahoo.com,29
1052,Paul Hurst DDS,alvarezandrew@durham.com,80
1053,Jason Berry,rosediane@turner-sanchez.com,96
1054,Brett Ruiz,khill@wright.org,36
1055,Patrick Gonzalez,christinebrown@hawkins-kennedy.com,98
1056,Nicole Wilson,rickyhoffman@yahoo.com,66
1057,Thomas Griffin,rroberts@hunter.com,44
1058,Edwin Santana,elizabeth59@gmail.com,27
1059,Lisa Harrison,kathystewart@gmail.com,54
1060,Kelsey Williams,ywheeler@gmail.com,84
1061,Jesse Colon,gonzalezjasmin@smith-wilson.biz,90
1062,Michael Andrews,hannahclements@hotmail.com,90
1063,Raymond Castillo,thompsonvictoria@hotmail.com,66
1064,James Gray,ubarr@yahoo.com,36
1065,Russell Walker,sanderstyler@flores-golden.org,89
1066,Robert Peterson,limichael@montgomery.com,30
1067,Joy Griffin,oaustin@hall.org,48
1068,Brandon Ryan,feliciamorrow@shaw.com,27
1069,Mark Baxter,hernandezwalter@cooper-solomon.org,17
1070,James Holmes,qnelson@craig.info,16
1071,Julie Greene,ngrant@yahoo.com,61
1072,Michael Gordon,xsmith@mann.net,10
1073,Sarah King,johnsonkenneth@blake.net,99
1074,James Garcia,frankpennington@hotmail.com,13
1075,Nathan Hunt,cranedanielle@hernandez.biz,54
1076,Elizabeth Sanchez,kingellen@bullock.biz,22
1077,Amber Ferrell,kendra66@morales.info,13
1078,Heather Smith,nancy68@cardenas.com,72
1079,Robert Oneill,armstrongmichael@anderson-terry.com,62
1080,David Ramsey,uray@gmail.com,94
1081,Wendy Hopkins DVM,lwarner@hotmail.com,92
1082,Michael Melendez,carly84@long.biz,60
1083,Luis Ingram,cindy34@marshall-andrews.com,95
1084,Andrea Martinez,brownjeffrey@hotmail.com,95
1085,Cheryl Hamilton,alan09@cruz.biz,62
1086,Benjamin Rodriguez,ualvarado@hotmail.com,30
1087,Elizabeth Monroe,millermichael@wilson-young.com,17
1088,Kimberly Smith,gbaker@gmail.com,86
1089,Amanda Garcia,fgutierrez@gmail.com,61
1090,Nicholas Moore,michelle57@hotmail.com,25
1091,Corey Lopez,lee25@hotmail.com,29
1092,Melissa Douglas,vmiller@yahoo.com,70
1093,Donald Moody,sarah94@hotmail.com,78
1094,Patrick Mitchell,susan45@yahoo.com,89
1095,Darrell Simmons,barryjohn@reyes-randolph.com,29
1096,Christopher Mitchell,alianthony@luna.com,11
1097,Jennifer Dawson,pattersonteresa@yahoo.com,23
1098,Shannon Leonard,reneebrown@anderson-burke.biz,32
1099,Kenneth Howard,thompsonjared@wilson.biz,25
1100,Sarah Sanders,rberry@yahoo.com,85
1101,Alexis Singh,vlarson@hotmail.com,99
1102,Lauren Rodriguez,youngbrian@aguirre-dean.biz,43
1103,Dr. Rodney Snyder,sherryhester@hotmail.com,83
1104,Ruth Drake,mark79@vasquez.com,93
1105,Brittney Francis,gibbswilliam@morris-sandoval.com,42
1106,Michael Hatfield,francesbaker@fuentes.net,57
1107,Christina Holmes,qhines@hotmail.com,58
1108,Lori Lucero,ginashort@savage.org,73
1109,Laura Austin,diazdanielle@alvarez.biz,97
1110,Mary Grant,lisa73@yahoo.com,25
1111,Carlos Davis,alexanderreid@hotmail.com,75
1112,Ronnie Cole,melissa93@parker-hudson.info,66
1113,Sonya Sanchez,brittany07@lee.biz,85
1114,Kari Jackson,ylopez@yahoo.com,98
1115,Barry Fischer,hunter53@yahoo.com,40
1116,John Baker,lisaenglish@miller-hopkins.com,84
1117,Karen Dougherty,ccarr@hotmail.com,70
1118,Caleb Ford,warrenmicheal@welch.com,62
1119,Joseph Cobb,beardjulie@wheeler.info,92
1120,Kiara Allen,chandlerjason@yahoo.com,63
1121,Jamie Trevino,omcbride@salazar.org,27
1122,John Brooks,harriseileen@yahoo.com,80
1123,Joseph Cox,qsanchez@hotmail.com,68
1124,Ryan Aguilar,matthew79@meyer.com,61
1125,Thomas Jennings,jenniferallen@hotmail.com,40
1126,John Vaughn,cfrank@yahoo.com,86
1127,Nancy Young,julievilla@gmail.com,28
1128,Roberto Turner,jasonparker@yahoo.com,71
1129,Stephanie Scott,kathrynfuller@mahoney.com,55
1130,John Conner,donaldrodriguez@shaw-neal.org,60
1131,Ryan Thompson,ashley75@whitaker-lowe.net,24
1132,Jennifer Cummings,coxchristina@jordan-choi.net,95
1133,Emily King,zward@buchanan.com,67
1134,Eric Reid,vanessa26@gonzales.com,37
1135,Beth Rodriguez,kayla39@gmail.com,74
1136,Lisa Lane,austinemily@yahoo.com,31
1137,Denise Watts,fmay@osborne-cox.com,91
1138,Kristen Rowe,kwagner@gonzalez-villarreal.com,50
1139,Beverly Mendoza,ginamcintyre@yahoo.com,58
1140,Donna Hall DDS,brianandrade@griffin.org,96
1141,Mariah Mitchell,scottkathleen@brown.net,38
1142,Paul Strickland,tyler25@yahoo.com,81
1143,Cindy Matthews,pmcclain@hart.com,56
1144,Jessica Cannon,pgross@yahoo.com,40
1145,Lawrence Merritt,mario23@hotmail.com,62
1146,Evan Clark,tiffany98@santana-lawrence.org,28
1147,Andrea Richardson,mgarcia@johnson.net,98
1148,Mark Hoffman,robert71@watkins.com,17
1149,Mrs. Rebecca Brooks,robert97@valencia-mcintyre.com,31
1150,Shane Stephens,jruiz@yahoo.com,70
1151,Sara King,kthomas@hall.net,96
1152,Thomas Hill,orobinson@jackson-tapia.com,17
1153,Kylie Bradley,lichristopher@yahoo.com,14
1154,Daniel Barry,mayswhitney@yahoo.com,82
1155,Michele Willis,matthew11@gmail.com,21
1156,Emily Hubbard,anthonygomez@hotmail.com,84
1157,Thomas Cantrell,codyburgess@gonzalez-lewis.com,36
1158,David Bowman,pandrews@vega.com,19
1159,Tim Hoffman,miguelknapp@hotmail.com,68
1160,Madeline Martinez,karenstein@buck.org,85
1161,Anthony Wood,cindy77@taylor.biz,26
1162,Daniel Martin,eestrada@hotmail.com,93
1163,Austin Thomas,lhopkins@gmail.com,40
1164,James Ross,austin31@dixon-smith.com,59
1165,Robert Cooper,lvasquez@montes-smith.com,34
1166,Adam Davis MD,robert99@yahoo.com,29
1167,Christopher Hoffman,james92@mcdowell-byrd.com,41
1168,Jane Bowman,sydney67@carroll.com,65
1169,William Evans,dbender@yahoo.com,86
1170,Karen Johnson,ujackson@yahoo.com,80
1171,Elizabeth Erickson,kimberlybryant@thomas.com,86
1172,Jamie Jordan,sweeneypeter@hotmail.com,71
1173,Steven Bradshaw,joshuagonzales@yahoo.com,76
1174,James Tran,smithcarla@martinez.com,11
1175,Kerry Klein,joshua25@hotmail.com,50
1176,Gabriela Montes,brownelizabeth@hudson.com,88
1177,Samantha Jones,nelsonomar@white-meza.biz,95
1178,Jim Anderson,crystalmason@gmail.com,41
1179,Debbie Woods,tim95@gardner.com,53
1180,Roger Glass,skinnercharlene@hotmail.com,54
1181,Nathan Thomas,sthompson@gmail.com,39
1182,Jennifer Hood,juliebell@yahoo.com,97
1183,Joseph Chavez,stewartjames@dean.com,12
1184,Chase Cook,cmcknight@pearson-harper.com,29
1185,George Hubbard,christine09@yahoo.com,54
1186,Kyle Valdez,joshua71@yahoo.com,67
1187,Briana Turner,ashley34@hotmail.com,38
1188,Edward Martinez,katherine09@murray.info,76
1189,Patricia Robinson,rdawson@finley.com,14
1190,James Sanchez,courtney60@flores.com,27
1191,Todd Stein,jasonlawrence@gmail.com,13
1192,David Larson,watsonjoshua@thompson-larson.com,60
1193,William Roberts,igriffin@hotmail.com,51
1194,Amanda Rodgers,morsejesse@hotmail.com,77
1195,Kristen Harris,pollardpatricia@foster.net,74
1196,Michael Clarke,ayalaangela@morgan-james.info,61
1197,Megan Martin,fwatts@martin.info,35
1198,Michelle Benton,andrew87@johnson-garcia.org,60
1199,Laura Martin,albertrussell@tran.com,66
1200,Bailey Reed,lpeck@robinson-robles.biz,80
1201,Daniel Johnson,bperkins@yahoo.com,78
1202,Stephen Fitzgerald,alyssa60@gmail.com,39
1203,Amber Guerra,aaron79@hotmail.com,25
1204,Matthew Wells,sarahhardin@yahoo.com,59
1205,Emily Galvan,glenda17@hotmail.com,64
1206,Wendy Gordon,gabriel60@aguilar-evans.com,97
1207,Alison Sanchez,darrell98@johnson.biz,19
1208,Teresa Juarez,ijohnston@yahoo.com,13
1209,Shannon Washington,rzimmerman@hess.com,73
1210,Daniel Gilbert,flemingdavid@gmail.com,37
1211,David Macias,aparker@yahoo.com,14
1212,Kayla Johnson,elizabeth08@campbell.com,28
1213,Theresa Fisher,patricia47@phillips.com,80
1214,Rita Brown,barnettshannon@gmail.com,95
1215,Kathleen Sweeney,davidnichols@rice-simpson.info,99
1216,Deanna Roberts,twilliamson@lee-jones.com,96
1217,Theresa Thomas,jessica68@yahoo.com,91
1218,Jordan Bender,jeffery56@yahoo.com,87
1219,Laura Morris,thomasmathews@yahoo.com,24
1220,Mia Harper,marshallaustin@gmail.com,48
1221,Jeffrey Perez,arellanomichael@moreno.net,47
1222,Norman Reed,bowen@yahoo.com,73
1223,Steve Rodriguez,nataliegamble@yahoo.com,34
1224,Courtney Potter,stanley15@anderson.com,52
1225,Mr. Robert Bryant MD,madisonbaker@yahoo.com,75
1226,Alexander Avery,bethany82@hotmail.com,31
1227,Daniel Livingston,butlerchristine@yahoo.com,65
1228,Casey Rivera,ibrown@gonzales-arias.com,38
1229,Margaret Sanders,nicholsbrandy@sawyer.com,57
1230,Caleb House,daltonvalerie@gmail.com,42
1231,Michael Levy,ohaynes@hotmail.com,19
1232,Ronald Jones,theresasmith@yahoo.com,95
1233,Katherine Leon,valerie48@hotmail.com,32
1234,Connie Schultz,bgregory@hotmail.com,67
1235,Mark Smith,nicolerobertson@ellis.biz,85
1236,Michael Moore,ywalls@hotmail.com,64
1237,Brandi Steele,ibennett@hotmail.com,72
1238,Brandi Casey,william18@elliott.com,98
1239,Jason Mccoy,awilson@vasquez.com,62
1240,Jacob Wells,travisjensen@ramirez.com,73
1241,Michele Smith,lbailey@baker.info,35
1242,Lori Stark,qberry@yahoo.com,78
1243,Samantha Smith,cobbpeter@anderson-price.com,98
1244,Christine Weaver,yharper@olson-zhang.info,73
1245,Kimberly Hale,andrewshah@hotmail.com,68
1246,Tamara Carrillo DVM,rivasveronica@yahoo.com,19
1247,Kenneth Andrews,david69@hale.com,36
1248,Larry Lyons,amanda17@hotmail.com,49
1249,Courtney Smith,kaylabutler@velasquez.org,10
1250,Thomas Brown,michael41@hotmail.com,57
1251,Shannon Harrington,jnichols@gmail.com,48
1252,Cynthia Thompson,youngstephanie@gmail.com,83
1253,Leah Hall,allentammy@yahoo.com,28
1254,Aaron Moreno,staceybrown@gmail.com,31
1255,Stephanie Collins,nmeyer@hotmail.com,95
1256,Kenneth Wong,pbrown@hotmail.com,63
1257,Samantha Bass,ysilva@bauer-mcmahon.info,47
1258,Debbie Thompson,vincent72@hernandez-higgins.com,26
1259,Christina Ellis,melissa94@chan.com,47
1260,Stacey Mccarty,jimenezbeth@gmail.com,75
1261,Jamie Ortiz,ibutler@williams.com,32
1262,Thomas Martinez,ryanderrick@gmail.com,35
1263,Christopher Hensley,feliciajacobs@harris.biz,68
1264,William Rodriguez,jwade@yahoo.com,43
1265,David Wood,stephanieshaw@harvey-cross.net,28
1266,Marie Stanley,gabriellerogers@hotmail.com,24
1267,Jennifer Holmes,ichoi@garner.com,31
1268,Heather Diaz DVM,hammondbrenda@hotmail.com,79
1269,Samantha Jordan,ajohnson@yahoo.com,16
1270,Angela Malone,tuckerheather@gmail.com,85
1271,Thomas Cantrell,robert49@gay.com,96
1272,Heather Tucker MD,rachelstrickland@yahoo.com,43
1273,Carl Peterson III,hollytaylor@pennington.org,22
1274,Maria King,christopher91@gallagher.com,63
1275,Amanda Patton,isingh@yahoo.com,81
1276,Misty Robinson,david74@romero.com,45
1277,Kelly Morris,aphillips@miller.org,79
1278,Christine Newton,carrolltim@villarreal.biz,41
1279,Katherine Moses,zimmermanjacqueline@cook.com,62
1280,Eric Ferguson,simsrobin@hotmail.com,86
1281,Danielle Mckinney,adrianamercado@yahoo.com,92
1282,Johnny Burke,spratt@gmail.com,78
1283,Brianna Miller,pdavis@yahoo.com,42
1284,Alicia Rush,tamara14@willis.net,83
1285,Daniel Hale,msalazar@hotmail.com,75
1286,Christina Robinson,jacksonrachel@roberts-lawrence.com,13
1287,Julie Nelson,timothymoore@hotmail.com,61
1288,Steven Lopez,owenskevin@brown.com,89
1289,Michelle Gray,smithchristine@hotmail.com,22
1290,Timothy Bowen,timothy13@gmail.com,73
1291,John Simpson,robin17@yahoo.com,45
1292,Alicia Phillips,daviswalter@hotmail.com,47
1293,Edward Lee,greentony@hall.biz,73
1294,Michael Harris,edward41@hotmail.com,55
1295,Jessica Peterson,schmidtnancy@yahoo.com,58
1296,Ashley Moore,kwiggins@gmail.com,81
1297,Christopher Jordan,coreyturner@haynes-morrison.com,11
1298,Kevin Gray,andrew65@bolton.com,41
1299,Erica Smith,akhan@hotmail.com,45
1300,Michael Whitehead,vickiflynn@porter-newman.com,69
1301,Sarah Campbell,kelleykristi@davis.com,58
1302,Cassandra Boyle,joshuaarnold@lopez-collier.com,28
1303,Dr. John Kelly,george82@gmail.com,21
1304,Brendan Henderson,juliejohnson@yahoo.com,91
1305,Angela Henry PhD,oalvarez@webster-phillips.com,91
1306,Leslie Crawford,kimberly44@jacobson.com,62
1307,Patrick Patton,shawnrogers@hotmail.com,68
1308,John Patton,vanessa75@gmail.com,34
1309,Jason Wise,jesus59@yahoo.com,42
1310,Charles Rosales,watsonkristin@hotmail.com,12
1311,David Hall,qhernandez@hotmail.com,43
1312,Erica Duran,angela56@gomez-keith.com,46
1313,Teresa Donaldson,grahamnatasha@patterson.com,83
1314,Scott Fisher,mariomartin@larsen.net,75
1315,Andrew Acosta,alexander62@davis.biz,63
1316,Madison Wyatt,hannah67@hotmail.com,36
1317,Heather Moore,spencebeverly@cook.info,96
1318,Bradley Alexander,ejohnson@yahoo.com,77
1319,Michelle Gordon,huntermelissa@garcia.biz,90
1320,David Williams,lesliesmith@yahoo.com,80
1321,Sharon Ortiz,waltersjamie@gmail.com,16
1322,Jacob Moore,lisa65@newton.com,63
1323,Keith Hubbard,watsonkristin@hanna.net,77
1324,Patricia Adams,davidgriffith@gmail.com,80
1325,Christina Crawford,albert36@yahoo.com,24
1326,Terry Carlson,proctoralexis@gmail.com,34
1327,Charles Hancock,daniel87@hotmail.com,98
1328,Brian Estrada,ibooth@hotmail.com,23
1329,Christopher Edwards,daltonjennifer@atkins.org,93
1330,Thomas Lopez,williamray@fuller.com,59
1331,Stanley Mooney,wallacerichard@jenkins-dillon.biz,96
1332,Carlos Thomas,rachelvelez@gmail.com,26
1333,Jared Lee,jordancarter@williams.com,52
1334,Anthony Wood,kayla48@gmail.com,10
1335,Jermaine Brewer,chelsea93@gmail.com,83
1336,Timothy Powers,ginachen@gmail.com,23
1337,Maria Chandler,david88@williams.com,54
1338,Chelsey Parker,jferrell@gmail.com,76
1339,Megan White,etaylor@gmail.com,66
1340,John Andrade,alexa17@yang.com,13
1341,Katie Ross,simslawrence@gmail.com,17
1342,James Blair,briannaellis@gmail.com,18
1343,Linda Duran,amy67@williams.net,84
1344,Kathryn Valenzuela,kathleenmarquez@hotmail.com,69
1345,Juan Bell,smiller@yahoo.com,63
1346,Matthew Alvarez,henrybradley@gmail.com,64
1347,Brian Esparza,bmoore@mendoza-keith.com,41
1348,Christopher Harris,ameyer@martin-johnson.com,73
1349,Brianna Phillips,mbutler@campbell.com,73
1350,Elizabeth Cox,andrew64@pearson.com,67
1351,Michael Key DDS,rthomas@glover.com,19
1352,Troy Hogan,uwong@hotmail.com,42
1353,Shawn Watts,shoover@cortez-mercado.com,12
1354,Justin Shaw,ericyoung@rogers-bond.com,77
1355,Daniel Thompson,ugonzalez@yahoo.com,63
1356,Michael Valenzuela,townsendtina@clark-lowe.com,61
1357,Eric Hernandez,rachel32@yahoo.com,53
1358,David Glenn,wallaceamber@gmail.com,81
1359,Dawn Shaw,powelldustin@baker.com,51
1360,Deborah Arnold,joshuahubbard@yahoo.com,30
1361,Kristin Conley,welchcrystal@gmail.com,12
1362,Alexis Scott,juliawaters@hotmail.com,14
1363,Jeremy Moss,millerjoseph@gmail.com,16
1364,Michael Winters,sflores@webster.com,57
1365,Ethan Cole,kimberlymarquez@bridges-scott.com,30
1366,Zachary Rodriguez,kendracasey@hotmail.com,50
1367,Heather Braun,harrisconnor@carr.org,23
1368,Brian Wolf,writter@hotmail.com,48
1369,Anthony Cohen,robertphillips@yahoo.com,10
1370,Adrian Bailey,shawnbooth@munoz-armstrong.com,15
1371,Pamela Parker,wguzman@yahoo.com,46
1372,Linda Hunt,brooksmelissa@gmail.com,68
1373,Tiffany Thomas,rodriguezkeith@ramirez.org,29
1374,Casey Burns,josephregina@keller.biz,10
1375,Alexis Perkins,kphillips@yahoo.com,94
1376,Mark Wells,kelly09@ray.com,49
1377,Justin Lopez,dianabrooks@foley.biz,30
1378,Don Lawrence,gcollins@gmail.com,41
1379,Amanda Perez,wgriffin@hotmail.com,11
1380,Nicole Horton,meganweiss@allen.info,63
1381,Andrea Braun,jliu@hotmail.com,64
1382,Debra Miller,stephaniebright@turner-garcia.biz,13
1383,Michael Erickson,millerjohn@williamson.com,11
1384,Nicole Aguilar,andrewwhite@bowers.org,65
1385,Alfred Hull,christine32@graham.biz,63
1386,David Allen,rachel34@whitney-hardy.info,46
1387,Sandra Thompson,awalker@gmail.com,89
1388,Shannon Johnson,sharonharris@yahoo.com,11
1389,Walter Golden,charlesgoodman@long.com,96
1390,Mallory Young,christopherpham@gmail.com,20
1391,Victoria Phillips,manuelmalone@hotmail.com,46
1392,Jared Davidson,houstonjesse@griffin-palmer.com,66
1393,Christopher Reed,kaylalee@sandoval.com,88
1394,Toni Ellis,anthonyvargas@hotmail.com,84
1395,Thomas Stokes,tonyamatthews@hotmail.com,71
1396,Jeremy Blair,ryanalan@jones-martin.com,50
1397,Rick Ellis,djohnson@charles.com,17
1398,Nicole Reid,georgemichelle@yahoo.com,70
1399,Sean Wilkins,banderson@hotmail.com,40
1400,Christopher Dean,arnoldmark@hotmail.com,29
1401,Nicholas Robinson,kathrynashley@horton.com,49
1402,Michael Davis,kchapman@gmail.com,35
1403,William Harris,coreysantos@gmail.com,21
1404,Ruben Ritter,tyler79@hunter-alexander.info,45
1405,Donna Miller,christinabarnes@yahoo.com,68
1406,Megan Robinson,dhall@hotmail.com,85
1407,Ashlee King,bentonpatricia@swanson.net,88
1408,Tamara Lucas,joneskeith@walker.net,13
1409,Austin Brown,melissa54@gmail.com,62
1410,Andrew Mitchell,christopher37@hotmail.com,43
1411,Shelia Brown,pjohnson@yahoo.com,32
1412,Patricia Sims,betty55@gmail.com,77
1413,Eric Smith,berryjames@phelps.com,60
1414,Joanne Ryan,pamelahunt@robbins-johnson.com,42
1415,Katie Young,aprilanderson@yahoo.com,77
1416,Lisa Nash,hamptonlisa@yahoo.com,38
1417,Victoria Flores,ganthony@ruiz-mack.com,91
1418,Corey Obrien,kimberly58@curtis-benjamin.com,34
1419,Melissa Blevins,lkramer@cline.com,46
1420,Paul Roman,twilson@oconnor-carpenter.info,45
1421,Emily Collier,nblack@gmail.com,31
1422,Michael Williams,zrosales@gmail.com,39
1423,Derek Gonzalez,karenchristensen@gmail.com,11
1424,Melvin Brown,ebonymarshall@warner.com,40
1425,Alice Glover,jamieramos@yahoo.com,34
1426,Joanne Simpson,madisonjohnson@yahoo.com,27
1427,Todd Flores,michellestewart@gmail.com,64
1428,Stephen Franklin,lisa21@hotmail.com,34
1429,Christian Davis,amy69@yahoo.com,85
1430,Jamie Walker,ramirezrenee@boyer-kirk.net,31
1431,Ernest Martin,daniel08@silva-cortez.com,93
1432,Jonathan Fox,qrobinson@perkins-schwartz.org,72
1433,Joel Pittman,townsendbradley@schneider.com,27
1434,Timothy Casey,aaronyu@hotmail.com,44
1435,Claudia Quinn,lthompson@sullivan.biz,44
1436,Jaime Thompson,bobby57@williams.biz,99
1437,Charles Malone,donovanjohn@yahoo.com,14
1438,Danny Manning,susansmith@roberts-kent.com,27
1439,Louis Raymond,shawmark@benjamin.com,79
1440,Dustin Gibbs,christinajohnson@gmail.com,95
1441,James Love,markweber@warner.com,67
1442,Christy Torres,michaelhorton@gmail.com,84
1443,Randy Pugh,vbrennan@gmail.com,72
1444,Laurie King,bradshawjoshua@green-hughes.com,29
1445,Andres Ballard,arodriguez@king.com,71
1446,Robert Pineda,mark69@knight.biz,94
1447,Lydia Zamora,joycegarza@bell.org,90
1448,Jennifer Gallegos,linreginald@dunn.com,51
1449,Michelle Norman,wbradford@yahoo.com,73
1450,Robert Daniels,douglas84@roberts.net,86
1451,Andrea Johnson,smithbradley@hotmail.com,97
1452,Courtney Washington,matthewsvalerie@yahoo.com,52
1453,Judy Spence,jordan48@gmail.com,68
1454,Steven Burnett,nguyendana@joseph.com,12
1455,Scott Anderson,manningdavid@robertson-vaughn.com,49
1456,Shari Perkins,alexander88@hotmail.com,22
1457,Michael Johnson,debraevans@gmail.com,59
1458,Nicole Taylor,annshea@yahoo.com,90
1459,Norma Weeks,mackdanielle@yahoo.com,94
1460,Christian Gonzalez,jessicalewis@gmail.com,24
1461,Craig Myers,thomasnatasha@long.net,52
1462,Patricia Gross,zrhodes@gmail.com,31
1463,Daniel Smith,morrisjillian@yahoo.com,96
1464,Matthew Alexander,moorejoseph@powell.biz,93
1465,Tiffany Webb,andersonjulie@aguilar-smith.com,59
1466,Sara King,torrespatricia@yahoo.com,93
1467,Jessica Holt,shaas@bright.org,37
1468,Brenda Jackson,katherineshields@gmail.com,45
1469,Molly Merritt,michelle06@jordan.org,27
1470,Daniel Gilbert,sara01@yahoo.com,89
1471,Keith Wagner,glewis@salazar-cole.biz,58
1472,Tabitha Ruiz,pbenton@castro-hall.net,91
1473,Matthew Stein,johngeorge@gmail.com,32
1474,Amanda Sanders,greenekayla@patton.info,60
1475,Travis Miller,stran@reed.com,88
1476,Clarence Goodwin,hlucas@yahoo.com,18
1477,Amanda Adams,jamesmiller@mclaughlin.com,85
1478,Thomas Bradley,emmamiranda@gmail.com,37
1479,Danielle Nguyen,middletonmelissa@bailey.net,44
1480,Nina Manning,oalexander@marshall.org,62
1481,Christopher Morris,fdyer@hotmail.com,96
1482,Daniel Montgomery,laura36@hotmail.com,41
1483,Isabel Jackson,robinsoncynthia@snyder.info,44
1484,Christian Flowers,carpentereric@marks.org,17
1485,Charlotte Patel,sharon15@yahoo.com,12
1486,Caleb Meyers,kbowman@lee.com,20
1487,Ashley Leonard,hcole@gmail.com,90
1488,Patricia Barnes,jessica77@johnson.com,48
1489,Carolyn Benjamin,claytonconnie@yahoo.com,60
1490,Ronald Maldonado Jr.,ncharles@gmail.com,33
1491,Stephanie Alvarez,lisareynolds@hotmail.com,49
1492,Michelle Coleman,dana68@schaefer-murphy.com,22
1493,Heather Ramirez,higginssandra@yahoo.com,24
1494,Kathy Green,qmartinez@sullivan.com,91
1495,Miguel Preston,penaangel@grant-hunter.org,95
1496,Karl Clark,suzanne52@yahoo.com,15
1497,Gregory Smith,svincent@hall.org,60
1498,Cody Navarro,daniel42@ruiz.org,46
1499,Nicole Lee,ncollins@hotmail.com,37
1500,Richard Berry,marypearson@parker-mcdonald.net,28
1501,John Murphy,codywilliamson@morton-edwards.com,44
1502,Casey Johnson,leonveronica@hotmail.com,18
1503,Patricia Evans,aprice@yahoo.com,51
1504,Amy Rose,moorestacey@howard.net,61
1505,Debra Castro,jennifermadden@estes-gross.com,34
1506,Geoffrey White,rhondadavis@gmail.com,78
1507,Chad Glover,ryan18@hughes.com,44
1508,Roberto Morris,jacobslinda@gmail.com,71
1509,Thomas Thomas,javierjones@hudson.biz,70
1510,Kelly May,rachel56@vargas.com,52
1511,Heather Crane,ryan18@gmail.com,62
1512,Daniel Johnson,claudia96@yahoo.com,34
1513,John Caldwell,jessica38@holland.com,20
1514,Richard Mitchell,joel14@gmail.com,67
1515,Frederick Kent,dreed@hotmail.com,28
1516,Barry Barnes,thomasrobertson@ward.org,34
1517,Joseph Villanueva,joanna03@yahoo.com,70
1518,Amanda Horton,jenniferreynolds@miller.biz,27
1519,Kristina Stewart,snyderdiana@smith.com,56
1520,Kathy Wade,morrismegan@green.info,25
1521,Christopher Baker,umcbride@hall-martin.info,23
1522,Max Pugh,mellis@schmidt.com,64
1523,Gregory Cruz,davisteresa@schneider.com,27
1524,Natasha Thomas,nancywright@williamson.com,74
1525,Lisa Schneider,etorres@yahoo.com,53
1526,Benjamin Wilson,markbates@hotmail.com,34
1527,Nicholas Nelson,anthonyanderson@yahoo.com,63
1528,Mr. Todd Phillips,vmejia@yahoo.com,91
1529,Adam Price,maxwellangela@gmail.com,29
1530,Linda Diaz,elizabeth16@ingram-mccoy.com,20
1531,Brian Stanley,madison44@powers.com,77
1532,Stephanie Williams,kyle88@greene-holland.com,86
1533,Austin Hansen,jonathonedwards@hotmail.com,27
1534,Michael Lopez,marcusgeorge@barry.com,81
1535,Elizabeth Rodriguez,tbennett@davis.com,95
1536,Brian Shepard,bwagner@yahoo.com,80
1537,Michael Graves,mariachapman@murillo.com,11
1538,Paul Sanders,robertdiaz@gmail.com,70
1539,Andrew Ford,cory15@gmail.com,18
1540,Johnny Love,brandiroman@hotmail.com,27
1541,Michael Marquez,eallen@wang-perez.com,83
1542,Joshua Haas,jared18@gmail.com,67
1543,Jean Powell,lallen@yahoo.com,59
1544,Sarah Ellis DVM,tpollard@rollins.biz,78
1545,Angela Joseph,karen80@yahoo.com,68
1546,Danielle Zimmerman,anthonysilva@yahoo.com,99
1547,Natalie Walsh,karen15@gmail.com,95
1548,Javier Mata,susan26@gmail.com,17
1549,Vanessa Williams,ycasey@gmail.com,29
1550,Michelle Nguyen,ethomas@may.com,19
1551,Jacob Richards,scottheidi@yahoo.com,20
1552,Melissa Neal,karen76@gmail.com,59
1553,Chelsey Robinson,qarnold@caldwell.org,20
1554,Laurie Smith,whitneybates@yahoo.com,54
1555,Lindsey Mclean,copelandkara@hotmail.com,71
1556,Terry Peters,christine15@garner-cannon.biz,52
1557,Matthew Lane,harrellleslie@kidd-lamb.com,23
1558,Jeremy Moody,christopherlang@brown-may.com,78
1559,Tracy Griffin,thomasdiana@moody.com,53
1560,Michelle Carey,christopher08@scott.com,67
1561,Derek Smith,erinyoung@yahoo.com,72
1562,Kathy Mcdonald,belltheresa@lane.com,25
1563,Alexandria Watson,trevinodaniel@reyes.com,56
1564,Zachary Meyer,jeffreyherrera@stewart-thomas.info,75
1565,Dr. Kara Sullivan PhD,ccampbell@moss-ruiz.com,74
1566,Jeremiah Gray,hcunningham@hogan-jackson.org,94
1567,Brian Harris,jasonmills@delacruz.biz,26
1568,Scott Torres,gfisher@craig-doyle.biz,64
1569,Daniel Vance,christine40@holloway-rodriguez.com,26
1570,Joshua Hogan,mestes@le.com,12
1571,Jason Rollins,debramoore@davis.biz,15
1572,Kimberly Alvarez,bowerschristopher@hotmail.com,54
1573,Andrew Mendez,lisaclark@hotmail.com,36
1574,William Roth,adam39@yahoo.com,57
1575,Amber Davis,eking@yahoo.com,44
1576,Jasmin Fowler,stevensmegan@hotmail.com,66
1577,Brianna Davis,xmitchell@hotmail.com,81
1578,William Rivera,howardcameron@yahoo.com,92
1579,Sarah Lee,mark02@hotmail.com,36
1580,Joseph Wagner,andrewbuchanan@blair.com,77
1581,Robert Norman,kevingray@yahoo.com,73
1582,Kelsey Bell,dustinbailey@simpson.net,29
1583,Mary George,nicholasnunez@yahoo.com,65
1584,Chad Mendoza,jerryolson@gmail.com,49
1585,Kenneth Rodriguez,hayesmichele@johnson-andrews.net,41
1586,John Walters,ihenderson@gmail.com,95
1587,Daniel Boyer,lweaver@williams-green.com,86
1588,Jason Simpson,tpayne@clark-fowler.com,17
1589,Brittany Smith,wellsnatalie@yahoo.com,58
1590,Mary Richardson,jessica32@bishop.com,19
1591,Mark Smith,zrandall@garcia-sanford.info,86
1592,Connie Nelson,meghan55@banks.biz,99
1593,Alexander Williams,wrightgary@williamson.com,91
1594,David White,anne33@hotmail.com,26
1595,Julia Gray,allenjason@yahoo.com,95
1596,Nicholas Gonzalez,hbennett@robertson.com,48
1597,Ricardo Mccoy,qowens@gmail.com,25
1598,James Randolph,rbanks@smith-dyer.com,80
1599,Tina Gregory,richarddaniels@garrison.biz,26
1600,Michelle Walker,jenningsapril@young.com,93
1601,Jesse Liu,christinaoneill@yahoo.com,16
1602,Anthony Ruiz,brenda03@gonzalez-king.info,19
1603,Sherry Ray,anthony99@williams.com,55
1604,Andrew Williams,laceybailey@yahoo.com,98
1605,Shelly James,alvarezjoseph@hardin-martinez.net,39
1606,Kathleen Wall,nedwards@hotmail.com,55
1607,Lori Johnson,normancraig@vazquez.com,64
1608,William Mclean,qallen@yahoo.com,91
1609,Marissa Hunter,rhondakelly@thompson-watkins.com,22
1610,Tammy Fields,smartin@jensen.com,61
1611,Sandra Ibarra,michael91@gmail.com,86
1612,Jordan Cook,osmith@hotmail.com,36
1613,Cheryl Lee,kurt36@gmail.com,94
1614,Donna Brewer,browningkelly@hotmail.com,52
1615,Leslie Hayes,kenneth45@stone-martin.net,26
1616,Kimberly Johnson,martinpaul@gmail.com,92
1617,Ms. Martha Rocha MD,mgomez@yahoo.com,11
1618,Sarah Briggs,rodriguezkaitlin@gmail.com,22
1619,Janice Lopez,ccarter@hotmail.com,21
1620,Robert Jimenez,wgarcia@espinoza.com,18
1621,Lisa Mack,davidperez@gmail.com,73
1622,Molly Henry,saralewis@hotmail.com,36
1623,Daniel Wu,joelflores@barnes.com,76
1624,Billy Mclaughlin,pageannette@hotmail.com,59
1625,Ashley Hess,reynoldsmatthew@gmail.com,54
1626,Steven Campbell,christianbarry@yahoo.com,36
1627,David Rivera,fwelch@wallace-scott.net,77
1628,Jason Flores,emily15@yahoo.com,79
1629,Betty Williamson,hsnyder@hotmail.com,37
1630,Tara Ortiz,morrisonronald@gmail.com,78
1631,Crystal Wilson,lalexander@rivera-jackson.com,56
1632,Cynthia Mendoza,hancockbelinda@yahoo.com,83
1633,Jennifer Howard,msanders@alexander.com,92
1634,Sean Webb,krystal43@hotmail.com,54
1635,Christopher Williams,todd50@ochoa.info,24
1636,Amy Esparza,clarkjoseph@hotmail.com,32
1637,Eric Williams,nicholsmorgan@hotmail.com,76
1638,Taylor Williams,amy51@mcdowell-smith.com,51
1639,Erik Perez,qdavis@willis.com,54
1640,Patrick Bowman,francescharles@little.com,69
1641,James Jackson,nashclaire@huffman-smith.org,94
1642,Jeffery Harris,wmorrow@yahoo.com,14
1643,Paul Ball,nancyjames@yahoo.com,88
1644,Sue Hamilton,vrobinson@alvarez.com,36
1645,Amanda Miller,raymond68@gmail.com,94
1646,Sabrina Mcclure,reeseaaron@yahoo.com,30
1647,Christopher Gilbert,terri95@gmail.com,78
1648,Renee Jenkins,laurenhurley@marks.com,36
1649,William James,qjackson@gmail.com,16
1650,Pamela Jones,wagnermatthew@allen.biz,91
1651,Fred Young,faulknerjoe@riley-greer.com,59
1652,Robert Goodwin,gloverdennis@fuentes-holden.com,76
1653,James Byrd,patriciashepherd@yahoo.com,98
1654,Jonathan Flynn,mitchellronald@hotmail.com,68
1655,Lori Armstrong,cindy73@hardy-porter.net,85
1656,Anne Hebert,danieldaniels@yahoo.com,88
1657,Anita Camacho,adrianrubio@yahoo.com,70
1658,Sergio Burton,ortizjames@hotmail.com,49
1659,Madison Ward,richardjones@baker-little.info,85
1660,Sandra King,maria91@wilson-avery.com,70
1661,Tasha Jackson,pcummings@gmail.com,73
1662,Daniel Ashley,hchristensen@hernandez.org,98
1663,Zachary Hubbard,luis63@hotmail.com,18
1664,Timothy Hurst,blacksteven@yahoo.com,35
1665,Katie Lee,veronicajohnson@baker.biz,97
1666,Tina Brown,kimberlytaylor@yahoo.com,29
1667,Jenna Johnson,shortmartin@hotmail.com,68
1668,Jennifer Mcdonald,phillipwilkins@cox.com,31
1669,Laura Bruce,frankchapman@morris.com,11
1670,Amber Williams,jasonpark@reed-jones.com,29
1671,Robert Jones,michael41@edwards.com,79
1672,Mariah Gomez,ohernandez@schneider.com,91
1673,Nathaniel Gilbert,llewis@meza.com,22
1674,James Golden,jenniferfaulkner@hotmail.com,13
1675,Joseph Cruz,austinwatts@hopkins.net,80
1676,Jessica Smith,rogerskelly@hotmail.com,22
1677,Tiffany Lester,goodmanbecky@gmail.com,19
1678,Richard Goodwin,shawn06@green.com,44
1679,Dr. Shelly Garcia,thompsonfelicia@yahoo.com,96
1680,Sean Parker,jordancolleen@yahoo.com,26
1681,Candice Hernandez,alexandermiller@yahoo.com,83
1682,Deanna Griffin,butlerleslie@welch-pacheco.com,69
1683,Alejandro Martin,brittany85@gmail.com,80
1684,Karen Daniels,oroman@johnston.net,69
1685,John Barber,kimberlycarter@yahoo.com,76
1686,Brian Lawrence,zachary98@yahoo.com,17
1687,Adam Carroll,patrickarmstrong@hotmail.com,96
1688,Kathleen Mcgrath,brandonmartinez@yahoo.com,79
1689,Wendy Thompson,fscott@fisher-baker.com,39
1690,Lauren Orr,julie61@gmail.com,83
1691,Michael Stewart,maldonadodenise@marks-gardner.com,95
1692,Brett Gonzales,ebaker@fry-keller.info,86
1693,Elizabeth Hoffman,kristawhite@taylor.com,14
1694,Kelly Khan,grantjessica@gmail.com,13
1695,William Taylor,stephaniebright@gordon.biz,95
1696,Thomas Cobb,johnsonjean@lawson.com,51
1697,Amy Williams,craymond@perez.biz,90
1698,Danielle Manning,curtislambert@acevedo.com,87
1699,Alexander Hawkins,ericaochoa@yahoo.com,71
1700,Anne Salas,stacymiller@hotmail.com,50
1701,Mr. William Bates,katiemorris@gmail.com,87
1702,Eric Gonzales,isaiahsimpson@smith.net,76
1703,Lisa Rubio,nicholas31@hotmail.com,25
1704,Ronald Russo,wilcoxjohn@meyer-carpenter.biz,38
1705,Taylor Davis,heatherhines@hotmail.com,43
1706,Amanda Contreras,jamespayne@hanna.org,62
1707,Kevin Olson,julieharris@henry.biz,56
1708,Daniel Martin,mileseric@murphy.com,18
1709,Dr. Allen Anderson DDS,pmann@gay.org,40
1710,Thomas Turner,mike12@patton.com,77
1711,James Brown,crystal71@sellers-thompson.biz,55
1712,Katherine Griffith,jimenezmark@murphy.net,90
1713,Danielle Moore,galvarez@gmail.com,25
1714,Kyle Lewis,jenniferwilliams@howard-little.com,44
1715,Margaret Davis,nstein@hotmail.com,68
1716,Jennifer Welch,shannonlowery@tapia.com,60
1717,John Holt,lawrencemartin@smith.biz,88
1718,Amanda Mcmillan,kevin20@hotmail.com,92
1719,Marco Smith,hmoore@bauer.net,84
1720,Joshua Hall,smithwilliam@woods-sullivan.com,75
1721,Heather Payne,elizabethgarcia@wilson.com,79
1722,Christopher Rasmussen,combsheather@hotmail.com,86
1723,Eric Downs,clarkcharles@yahoo.com,28
1724,Joseph Lee,jason39@yahoo.com,29
1725,Amanda Maldonado,hendersonbradley@yahoo.com,67
1726,Sharon Robinson,nataliesantos@gmail.com,92
1727,Juan Delacruz,vgriffin@archer.info,67
1728,Claudia Carrillo,coleramirez@yahoo.com,32
1729,Renee Ferguson,eric99@velasquez-barnes.com,99
1730,Meredith Hill,georgeramirez@marks.com,73
1731,Amber Davenport,michelle30@ho-owens.com,96
1732,Sarah Brown,fford@gmail.com,20
1733,Melissa Flores,tadams@gmail.com,87
1734,Cassandra Rhodes,ushannon@bell-tran.com,72
1735,Alisha Duncan,walshrobert@hotmail.com,12
1736,Robert Brown,yknight@woods-juarez.com,73
1737,Tammy Perry,michelle87@yahoo.com,30
1738,Shelby Ferrell,brobles@gmail.com,20
1739,Paul Ramirez,james54@potter.biz,54
1740,Nicole Palmer,morrismegan@hotmail.com,15
1741,Mrs. Madeline Buckley DDS,aprilmendoza@yahoo.com,31
1742,William Odom,kelly39@castillo.com,27
1743,Jessica Martinez,natashastewart@jackson-lopez.com,60
1744,John Rosales,dstark@yahoo.com,30
1745,Justin Fritz,normanmichael@hotmail.com,48
1746,James Adams,tracy41@gmail.com,16
1747,Brandon Casey,john76@yahoo.com,54
1748,Lauren Terry PhD,millergregory@morgan.com,57
1749,Barry Greene,joel65@kaiser.org,78
1750,John Williams,daniel80@chambers-santos.biz,67
1751,Lisa Watkins,gibbsdavid@curtis-henry.com,44
1752,Brian Marshall,markmartinez@snyder.com,48
1753,Adam Castro,cchung@gmail.com,29
1754,Aaron Mckee,danielledavis@yahoo.com,83
1755,Jeanne Roberts,erin68@gmail.com,83
1756,John Garner,kaitlynjimenez@hotmail.com,46
1757,Cody Hodges,leslierobinson@valdez.info,68
1758,Christopher Anderson,daniel61@hotmail.com,69
1759,Deanna Copeland,alexander81@banks.com,75
1760,Brandon Richardson,erinmiller@sims.com,21
1761,Chase Moore,christian26@gonzalez.net,60
1762,Lauren Hart,rpage@yahoo.com,77
1763,Ryan Romero,aguilarbenjamin@castillo-daniels.net,17
1764,Mark Dixon,bryan78@patterson.com,31
1765,Steven Mckinney,james50@chandler.com,76
1766,Vanessa Lucas,sandrasimmons@jones.com,30
1767,Dennis Mayer,sethgreen@gmail.com,72
1768,Kimberly Miller,brycedavis@rodriguez.com,54
1769,Jessica Holder,ilowery@fuller.com,67
1770,Bruce Mitchell,hcalderon@yahoo.com,24
1771,Tamara King,joshuamitchell@young.com,56
1772,Christine Sloan,smithjennifer@hotmail.com,43
1773,Chelsea Gregory,eringonzalez@evans.com,17
1774,Michael Hoffman MD,williamsjacob@bishop.net,78
1775,Michelle Pratt,smithblake@hawkins-anderson.com,15
1776,Ryan Gonzalez,eric69@smith.info,38
1777,Stephen Gonzalez,davidnorris@yahoo.com,47
1778,Melanie Anderson,rogersdavid@gmail.com,48
1779,Janice Schwartz,zjames@bryan.com,25
1780,David Singh,emorton@garrison.com,58
1781,Michael Thompson,halebrian@yahoo.com,78
1782,Douglas Murphy,emilywallace@yahoo.com,58
1783,Jesse Mcguire,christine48@yahoo.com,49
1784,Andrea Davis,william83@yahoo.com,21
1785,Krystal Mendez,lallen@gmail.com,18
1786,Matthew Hughes,collinsjeffrey@yahoo.com,72
1787,Daniel Perez,felicialeonard@burke.net,43
1788,Terry Steele,jasmine93@lambert.com,20
1789,Stacey Thomas,sandradaugherty@yahoo.com,25
1790,Kathleen Cook,pdavis@alvarez-clark.com,25
1791,Christopher Fernandez,ross61@ramirez-montgomery.com,58
1792,Laura Green,zacharyburgess@taylor.net,38
1793,Scott Bowen,mfuller@jackson-stevens.com,92
1794,Lacey Davis,brian39@dickerson.com,58
1795,Robert Mcgrath,adrian97@hotmail.com,45
1796,John Cook,danahanson@navarro.com,67
1797,Stephanie Porter,hillsabrina@hotmail.com,65
1798,Joseph Shaw,debbie46@kane.net,61
1799,Eugene Armstrong,james37@hotmail.com,47
1800,Deborah Porter,ballchristina@hotmail.com,39
1801,John Greene,margaretfox@yahoo.com,16
1802,Kenneth Roberson,patrick69@benton.net,67
1803,Mary Aguilar,gabriela14@anderson.info,49
1804,Gregory Harrison,hgreene@henry.com,22
1805,Megan Phillips,ljohnson@johnson-ochoa.net,30
1806,Diane Thompson,ubaker@hotmail.com,23
1807,Erika Simpson,roberta27@huffman.org,87
1808,Elizabeth Hall,bharris@hotmail.com,42
1809,Eric Harrison,michaeldavis@smith.com,75
1810,John Lee,taylorjoseph@gmail.com,95
1811,Teresa Griffin,dboyer@nguyen.info,26
1812,Luis Fitzgerald,richard94@hotmail.com,55
1813,Matthew Lynch,hooperwilliam@yahoo.com,79
1814,John King,matthew79@gmail.com,97
1815,Melinda Miller,michele90@gmail.com,84
1816,Dana Matthews,rodneywelch@pratt.com,39
1817,Lee Williams,david94@morris.biz,84
1818,Lisa Lewis,evansaustin@gmail.com,74
1819,Vanessa Young,mclaughlindebra@skinner.net,54
1820,Daniel Mcdonald,christopherelliott@yahoo.com,40
1821,Kevin Brown,sarah14@hotmail.com,27
1822,Mrs. Mary Flores,nicholas39@gmail.com,15
1823,Robin Ingram,todd58@gmail.com,83
1824,Kevin Gray,georgemurray@gmail.com,28
1825,Steven Lee,walterjustin@yahoo.com,73
1826,Ashley Martinez,shannonlarson@hotmail.com,76
1827,Kirsten Smith,gabrielle39@holloway.com,19
1828,Keith Smith,lorimullins@hotmail.com,56
1829,Cindy Schmidt,monicabell@marshall.org,23
1830,Gina Payne,susanbeltran@yahoo.com,35
1831,Jennifer Collins,woodpaula@gmail.com,96
1832,Kevin Tate,phillipperry@torres-harris.com,48
1833,Susan Ramos,jeffrey38@gmail.com,59
1834,Ashley Pratt,solomonshawn@gallagher.com,58
1835,Veronica Young DVM,martinmendoza@hotmail.com,43
1836,Sheila Wood,istark@mcintyre.com,52
1837,Patty Moore,alexandra20@ballard.net,45
1838,Mandy Schneider,jonathan04@yahoo.com,80
1839,Melissa Peterson,orichmond@yahoo.com,15
1840,Matthew Maldonado,kevin53@sanders-jensen.org,68
1841,Randy Evans,tprice@hanna-haney.biz,86
1842,Steven Hansen,riversdavid@brown.biz,56
1843,John Dodson,gflowers@eaton-mckinney.com,75
1844,Joseph Ellis,gregorythompson@hodge-davis.biz,73
1845,Peter Andersen,davidrodriguez@yahoo.com,78
1846,John Jackson DDS,garciadaniel@yahoo.com,99
1847,Michelle White,millerdavid@garcia-campbell.com,41
1848,Glen Porter,ybrooks@gmail.com,43
1849,Anthony Cohen,larsenmatthew@mendoza.net,67
1850,Andrew Watson,utorres@yahoo.com,26
1851,Kelly Hutchinson,millerjaclyn@garcia-espinoza.org,30
1852,Abigail Marshall,williamburton@howe.org,50
1853,Kimberly Horton,kimberly92@long.net,34
1854,Douglas Calhoun,kristen84@hotmail.com,76
1855,Gary Herrera,ovaldez@foster.com,22
1856,Anthony Powell,levans@hotmail.com,65
1857,Katie Wilkerson,benjamin63@gmail.com,24
1858,Patricia Johnson,christopherwhite@powers.biz,84
1859,Johnathan Rodriguez,vkelly@hotmail.com,43
1860,Lisa Wolfe,masonjessica@perez-meyer.com,47
1861,Bryan Goodwin,hdiaz@yahoo.com,46
1862,Rebekah Cole,donaldsonvictoria@hotmail.com,62
1863,Mary Grant,elizabeth75@hill-munoz.com,47
1864,Christopher Camacho,paulabutler@lawrence-garcia.net,17
1865,Monique Diaz,katelyn82@griffith.org,76
1866,Angela Meyer,claytonkevin@yahoo.com,99
1867,Benjamin Stone,scottchad@gmail.com,87
1868,Dominic Romero,olucas@anderson.org,33
1869,Bailey Guerra,reyesmelissa@ruiz.com,20
1870,Michelle Hurley,shelly87@gmail.com,57
1871,Julie Adams,lmckinney@hotmail.com,48
1872,Fred Woodward,christinereid@gmail.com,73
1873,Dustin Stout,ronald69@newman.com,39
1874,Casey Kirk,tammyhoffman@gmail.com,95
1875,Natalie Hensley,alex34@hale.info,28
1876,Cynthia White,nkelly@yahoo.com,33
1877,Logan Hawkins,larryfisher@butler-bryant.com,74
1878,Eric Mccoy,houstonbrenda@hotmail.com,98
1879,Jeremy Warner,longlinda@barrett.com,14
1880,Joseph Medina,jonathancurtis@yahoo.com,24
1881,Caitlin Fletcher,matthew63@rios-hogan.biz,36
1882,Darren Watts,david34@yahoo.com,41
1883,William Booker,jennifer77@weaver-wells.info,56
1884,Sonya Smith,echung@gmail.com,58
1885,Diana Quinn,paul59@gonzalez-pearson.com,96
1886,Jennifer Nguyen,xmartin@hotmail.com,25
1887,Mrs. Melanie Sanders,bailey72@terrell-moore.net,64
1888,Valerie Warren,rrodriguez@keller.biz,52
1889,Amber Herring,dixonlisa@lang.com,72
1890,Albert Benjamin,cervantesamber@yahoo.com,27
1891,Jacob Wilkinson,charles95@yahoo.com,37
1892,Erik Barber,michael86@wells.net,56
1893,Kathleen Barnes,lbray@yahoo.com,11
1894,Jennifer Williams,rickygross@shannon-lowe.com,98
1895,Kenneth Olson,yhernandez@yahoo.com,91
1896,Ashley Johnson,jasonwagner@rodriguez.com,13
1897,Hannah Williams,james52@hotmail.com,72
1898,Matthew Johnson,stephanie80@collins-calderon.info,76
1899,Patricia Gomez,nlawson@gmail.com,54
1900,Lauren Mcmillan,vberry@hill.biz,26
1901,Edward Wright,karenellis@hotmail.com,88
1902,Sarah Russell,christine38@yahoo.com,83
1903,Ryan Taylor,mooreholly@rivera-williams.net,69
1904,David Adkins,gabriella19@hotmail.com,97
1905,Debbie Winters,mhall@lewis.net,14
1906,Jordan Flores,utucker@hotmail.com,69
1907,Jorge Knight,nelsonsandra@hotmail.com,83
1908,Nicole Glover,kathyturner@robles-foster.com,17
1909,Carrie Hoffman,edgarmartinez@knight-leonard.com,55
1910,Karen Burke,martinezkatelyn@porter-schultz.com,72
1911,Diana Nelson,melissa37@callahan.org,42
1912,Carmen Miller,simmonspamela@mitchell-rodriguez.net,77
1913,Jillian Stafford,danieljennifer@hotmail.com,95
1914,Joseph Evans,gonzalezconnie@hotmail.com,50
1915,Ryan Davis,rogerserika@anderson-dixon.com,65
1916,Nichole Andrews,morrisonmorgan@garner.net,95
1917,Samuel Whitaker,jasonhart@brady.org,65
1918,Steven Savage,smiller@graves-gonzales.net,92
1919,Antonio Villanueva,rickestrada@gmail.com,92
1920,Robin Williams,maryhampton@jones.com,98
1921,Brenda Hodges,christophersmith@gmail.com,41
1922,Lawrence Flynn,christine43@lopez.org,60
1923,Valerie Smith,gclark@gmail.com,76
1924,Gregory Perez,smithkimberly@mccoy.org,17
1925,Michael Allen,martha49@caldwell-ford.net,66
1926,Jacob Miller,nicole45@morgan-jones.biz,41
1927,Dana Hernandez,burtonkimberly@gmail.com,17
1928,Stephanie Juarez,rachelcampos@gmail.com,11
1929,Jennifer Nunez,juanholmes@hotmail.com,89
1930,John Gilmore,ashleybruce@green.org,50
1931,Gregory Baker,kellyyoung@yahoo.com,55
1932,Brittany Boyle,bgeorge@hernandez.info,95
1933,Stephanie Evans,suttonmary@yahoo.com,94
1934,Caitlin Gonzalez,mooresean@yahoo.com,81
1935,Phillip Landry,ltran@yahoo.com,23
1936,Michelle Riley,monique89@richardson.com,60
1937,Anthony Ramirez,curtiscompton@yahoo.com,72
1938,Dr. Jeffrey Williams MD,erintownsend@gmail.com,49
1939,Laura Perkins,danawalker@hotmail.com,28
1940,Robert Jensen,xvilla@hotmail.com,23
1941,Lindsey Carr,abigail59@gmail.com,36
1942,Tyler Morris,butlerpaul@murray-scott.info,98
1943,Christian Robertson,sheilagomez@gmail.com,92
1944,Eric Costa,apeterson@hotmail.com,68
1945,Logan Hodges,jeff58@gmail.com,87
1946,Craig Campbell,woodserika@hotmail.com,93
1947,Kevin Keller,adamsjeremy@gmail.com,20
1948,Phyllis Daniels,matthew92@yahoo.com,63
1949,Brittany Bray,oherrera@peterson.net,58
1950,Natalie Drake,ujohnson@yahoo.com,80
1951,Aaron Strickland,fhenry@yahoo.com,89
1952,Donna York,tammymeyers@booker.biz,25
1953,Bradley Allen Jr.,karen74@yahoo.com,45
1954,Elizabeth Todd,stephensandrew@hotmail.com,52
1955,Mario Wilson,athomas@morales.org,41
1956,Steven Fry,mccarthymary@yahoo.com,41
1957,Jamie Donaldson,lsteele@gmail.com,75
1958,Michael Hodge,shawnmason@yahoo.com,66
1959,Jason Sanchez,stevenmiller@anderson.com,28
1960,Mark Copeland,ismith@price.com,17
1961,Audrey Adams,shirley95@davidson.com,76
1962,Elizabeth Holland,andreaaguirre@hotmail.com,69
1963,Sandra Park,chapmandarrell@hotmail.com,39
1964,Rhonda Price,jaime38@graves-solis.com,81
1965,Michelle Lopez,rhonda65@gmail.com,19
1966,Barbara Lopez,gregorymcmillan@stewart.com,64
1967,Brenda Ellis,nguyenkurt@yahoo.com,21
1968,Sean Wood,schultzcourtney@clements-roberts.biz,89
1969,Carolyn Andrews,mlyons@gilbert-davis.com,14
1970,Nicole Phillips,dbrown@yahoo.com,67
1971,Michael Perez,toddhernandez@hotmail.com,96
1972,Sherry Taylor,wilsonbrett@hotmail.com,90
1973,Susan Cook,suzanneprice@hotmail.com,26
1974,Rebecca Bond,palexander@armstrong.biz,66
1975,Richard Allison,jennifermarshall@mccall.org,72
1976,Karen Lyons,lindawhite@martinez.info,35
1977,Connie Lin,lgreer@owens.com,96
1978,Cody Jackson,christopher92@brown.org,39
1979,Sara Best DVM,michael62@yahoo.com,77
1980,Lawrence Rodriguez,christineshaffer@hotmail.com,31
1981,Connor Anderson,victoriajames@gmail.com,17
1982,Tiffany Watson,levi19@yahoo.com,29
1983,Christina Richardson,nancydickson@allen.biz,26
1984,Christopher Huerta,bruceskinner@hotmail.com,95
1985,Janet French,wbrowning@brock.com,13
1986,Jennifer Moon,thompsonedward@herrera-harris.com,49
1987,Nicole Lindsey,xnorman@gmail.com,84
1988,Lauren Harrison,edward12@hernandez.com,32
1989,Thomas Davis,catherineadams@hotmail.com,43
1990,Carlos Booth,jonesmaria@smith-ward.com,77
1991,Courtney Salazar,mitchellmelissa@dougherty.com,81
1992,Kelly Weiss,teresa59@yahoo.com,25
1993,Jeffrey Walker,qhodge@downs.com,44
1994,Rebecca Roberts,sherrikhan@phelps.com,42
1995,Monica Garcia,caitlynsmith@gmail.com,33
1996,Thomas Allen,brian58@parker.biz,48
1997,Gene Ortiz,rogerclark@smith.com,28
1998,Jamie Long,cranedavid@mason.com,78
1999,Kathryn Cordova,clayton66@hotmail.com,29
2000,Christopher Smith,sawyeramy@hotmail.com,15
2001,Susan Patel,alan75@stephenson.net,33
2002,Edward Torres,crystalwilson@hughes.biz,99
2003,Robert Frazier,karen32@mendoza.com,40
2004,Tonya Knight,justinmiller@yahoo.com,48
2005,Brett Gonzalez,grodgers@thomas.com,27
2006,Valerie James,richardsonjonathan@hotmail.com,71
2007,Joseph Hall,powellmanuel@martinez.com,81
2008,Walter Phillips,jthomas@hotmail.com,57
2009,Beverly Perez,mercadoaustin@hotmail.com,22
2010,Sharon Cervantes,justin62@salinas.com,57
2011,Brianna Allen,medinamartin@yahoo.com,66
2012,William Montes,matthewcordova@yahoo.com,71
2013,Chad Allison,sskinner@moore.com,72
2014,Jerry Nichols,davidlee@fuller-robinson.com,99
2015,Kevin Horton,juliemaldonado@gmail.com,31
2016,Andrea Cruz,jessicajackson@baker.org,46
2017,Jose Hobbs,timothyhudson@hotmail.com,25
2018,Stephen Hampton,kelly10@welch.com,64
2019,Heidi Oneill,ymartin@hotmail.com,67
2020,William Parks,zvillarreal@kelly.net,18
2021,Lisa Maldonado,samantha37@baker.biz,80
2022,Philip Odonnell,tpayne@gmail.com,44
2023,Lisa Martinez,vsmith@yahoo.com,92
2024,Jacob Johnson,bethbriggs@gmail.com,58
2025,Emily Fritz,daniel63@howe.com,98
2026,Mario Campos,joshua33@adams.com,52
2027,Crystal Gibson,tracy00@williams.info,24
2028,Ryan Weaver,danielsbobby@hotmail.com,34
2029,John Blackwell,scott64@goodwin-hanson.org,78
2030,Michael Weber,gadams@snyder.com,79
2031,James Smith,shermanshane@yahoo.com,32
2032,Catherine Walters,ejohnson@frederick.com,14
2033,Andrew Green,christopher11@garcia-rodgers.com,99
2034,Harold Price,william86@hill.org,91
2035,Andre Kim,avasquez@yahoo.com,57
2036,Angela Flowers,douglasholmes@hotmail.com,31
2037,Kimberly Melendez,williamscristian@gmail.com,13
2038,Tommy Hays,paul39@valentine.net,46
2039,Stephen Wagner,lanenicole@davis-smith.org,34
2040,William Hughes,berryrandy@yahoo.com,67
2041,Amy Wilson,creeves@todd.org,90
2042,Emily Beasley,james82@golden-hopkins.org,87
2043,Tracy Ingram,djohnson@hill-cunningham.com,73
2044,Brenda Wagner,carol71@zavala.com,87
2045,Stephanie Rogers,louis70@hotmail.com,62
2046,Amy Stewart,natashamcintyre@mcbride.org,26
2047,Kerri Sanchez,robertsonrhonda@hudson.com,59
2048,Dr. Michelle Johnson DDS,robertsjohn@gmail.com,55
2049,Jennifer Carter,robert61@yahoo.com,74
2050,David Barker,nanderson@brown.info,32
2051,Cody Williams,julie17@yahoo.com,32
2052,Andrea Cobb,dylan92@gmail.com,73
2053,Michael Booker,murphychristopher@wilkinson.info,65
2054,Amy Ortiz,andersonkendra@gmail.com,11
2055,Melissa Contreras MD,shawcolleen@hotmail.com,86
2056,Michael Smith,dakotamarks@gmail.com,48
2057,Cassandra Williams,kimberlykeith@gmail.com,17
2058,Angela Williams,roberthenry@grant.com,86
2059,Kelsey Reeves,kellyhansen@davis.com,59
2060,Monique Owens,katherine91@golden.com,10
2061,Alan English,wflowers@richardson.com,21
2062,Shawn Morales,fieldsjames@knight-holland.org,36
2063,John Mcdaniel,ryoung@hernandez-gaines.com,72
2064,Gabrielle Campbell,mark28@gmail.com,37
2065,Meghan Brown,kathryn40@gmail.com,57
2066,Carrie Williams,cohenamber@yahoo.com,50
2067,Steven Johnson,amyanderson@hotmail.com,17
2068,Jacqueline Jackson,brandylevine@gmail.com,56
2069,Matthew Clarke,lindsaygraham@brown-mcintosh.com,31
2070,Zachary Henderson,zanderson@love.com,52
2071,Michael Johnson,lauren93@hotmail.com,89
2072,Nancy Rivera,christopher49@riley-james.biz,40
2073,Andrea Garcia,andrea94@wilson-cross.info,62
2074,Samuel Li,xsanders@hernandez.com,84
2075,Michele Vance,stephenskayla@hotmail.com,53
2076,Paul Ellison,shannon87@yahoo.com,29
2077,Alexandra Maldonado,jmichael@hall-robinson.com,25
2078,Johnny Walsh,travis71@mckee.com,21
2079,David Jackson,thomas10@yahoo.com,57
2080,William Webb,ghubbard@rodriguez-walter.com,65
2081,Craig Pena,brittany64@yahoo.com,77
2082,Breanna Duran,moorejames@yahoo.com,64
2083,Thomas Leach,acostaderek@gmail.com,23
2084,Charles White,fschroeder@gmail.com,94
2085,David Wright,hharris@hotmail.com,61
2086,Jeremy Murray,ronald45@beard.com,77
2087,Jessica Shah,agonzalez@watkins-bass.com,37
2088,Thomas Rogers,pughbrian@butler.biz,10
2089,Tiffany Mitchell,tmyers@yahoo.com,30
2090,Kayla George,kimberlybates@coleman.biz,19
2091,Beth Owens,canderson@yahoo.com,74
2092,Melissa Cook,margaret44@hotmail.com,39
2093,Jesse Medina,zacharyadkins@yahoo.com,65
2094,Ashley Sparks,thompsonjoseph@estes-trevino.com,11
2095,Sherri Henderson,amandasullivan@walker-calderon.com,81
2096,Joanna Jones,sandovaljoyce@hotmail.com,10
2097,Molly Tapia,ronniehayden@reynolds-odom.com,21
2098,Noah Jones,ashleywalter@hotmail.com,53
2099,Ashley Hudson,lisa95@frost.biz,32
2100,Stephen Meza,jason54@franklin-ramirez.com,40
2101,Alison Foley,wendy79@brown-wallace.biz,34
2102,Kimberly Hubbard,ronaldbarnett@yahoo.com,39
2103,Teresa Sanchez,tmcgee@harmon.biz,31
2104,Christopher Crawford,estradagregory@gmail.com,19
2105,Nicholas Li,john46@gmail.com,77
2106,Alexis Brown,stephaniewalker@hotmail.com,70
2107,Katie Moore,drew14@gmail.com,33
2108,Dr. Tammy Sandoval DDS,julieyoder@gmail.com,82
2109,Brittany Cox,buchananeric@peterson.com,82
2110,Rhonda Smith,tami45@yahoo.com,37
2111,Mr. Tony Mitchell Jr.,vickie82@sanchez.biz,20
2112,Paula Day,tracywilliams@day.info,83
2113,Richard Cain,doris38@white-gomez.com,77
2114,Paul Padilla,boylelori@moore-mitchell.net,40
2115,Christopher Barker,tiffany21@yahoo.com,30
2116,Gabrielle Moore,rosekenneth@gmail.com,50
2117,Tonya Marshall,calderonangela@lambert.com,41
2118,Theresa Howe,ubonilla@yahoo.com,93
2119,David Avila,sotochelsea@hotmail.com,73
2120,Jessica Martinez,uporter@gmail.com,61
2121,Paul Dunn,garylyons@hotmail.com,75
2122,Luis Gay,glorialopez@olson.com,31
2123,Steven Reyes,kevinnguyen@mora.com,93
2124,Christopher Andersen,nclayton@yahoo.com,86
2125,David Chambers,thompsonpatrick@martin-stout.com,43
2126,Levi Joseph,shannon70@marshall.info,72
2127,Karen Fowler,omorales@jackson-schmitt.com,98
2128,Ryan Franco,madison14@hotmail.com,97
2129,Cynthia Griffin,westmark@gmail.com,91
2130,Katie Stevens,christopher08@gmail.com,53
2131,Bradley Farrell,christinejohnson@walsh.com,79
2132,Brian Christian,khanstephen@yahoo.com,51
2133,Katherine Rivera,mdavidson@hotmail.com,69
2134,Jaime Leonard,simmonsanne@yahoo.com,47
2135,Dr. Carly Perry,williamlawson@miller-klein.com,65
2136,Donna Davis,nicholsgregory@hotmail.com,90
2137,Lauren Garcia,brianholland@yahoo.com,64
2138,Henry Crane,xpotter@strong-strickland.com,20
2139,Nathan Cowan,caldwelldebra@hotmail.com,30
2140,Nichole Cannon,george92@mclaughlin-pearson.org,34
2141,Kyle Bruce,whitemary@moyer.org,99
2142,Madison Owen,john95@gmail.com,36
2143,Nicole Woods,mcbridedon@stout-nguyen.com,81
2144,Jenna Brown,stephen99@sullivan.net,73
2145,Carrie Zimmerman,wilsonyolanda@yahoo.com,51
2146,Jessica Meyer,chloe41@jackson-leonard.net,79
2147,Gregory Ray,loganflores@hotmail.com,52
2148,Kimberly Garza,lori21@pierce.com,80
2149,Nicole Dougherty,jenniferherrera@brown-gray.com,92
2150,Danny Thompson,julieboone@hunt.info,40
2151,Jamie Smith,christine47@medina.com,31
2152,Jacob Fernandez,iadams@melendez.com,82
2153,Jonathan Fernandez,hernandezamy@yahoo.com,72
2154,Cameron Simpson,pknight@gmail.com,74
2155,Julie Johnson,christinajacobs@hotmail.com,85
2156,Robin Day,lisablack@hotmail.com,91
2157,Caitlin Moore,carlsonbrian@hotmail.com,93
2158,Shirley Murphy,jacquelinebrown@rodriguez-davis.org,99
2159,Ryan Smith,simmonschristopher@white.com,59
2160,Katherine Kelley,lhuang@harris.com,61
2161,Laura Perez,natasha95@hotmail.com,74
2162,Tommy Hood,deborah27@campbell.com,20
2163,Brandon Reed,moyeramy@kim-perkins.org,79
2164,Tricia Goodman,matthew08@gmail.com,14
2165,Charlotte Hamilton,pjacobs@hotmail.com,61
2166,Nicholas Casey,sarah04@martin.com,36
2167,Jennifer Johnson,turnerbenjamin@mendoza-brewer.com,48
2168,Michael Ewing,anthonymurphy@yahoo.com,92
2169,Steven Lopez,anthony61@jones.net,23
2170,Gregory Mcbride,angelalynn@yahoo.com,74
2171,Donald Flores,michelehale@ruiz.biz,56
2172,Scott Huynh,eclark@fields.com,84
2173,Gabrielle Bullock,frichards@james.com,10
2174,Amber Wilson,palmerstanley@hotmail.com,78
2175,Kelsey Warren,kimberly33@yahoo.com,97
2176,Kelly Ellis,jordanstephen@day-todd.com,46
2177,James Morris,annettepalmer@sanchez.com,31
2178,Sarah Horn,marissa80@walker-valdez.info,95
2179,Pam Decker,emaynard@gray.com,37
2180,Billy Parker,martinezsamantha@anderson.com,49
2181,William Walker,sandraschneider@davies.net,56
2182,Teresa Chavez,kgonzales@washington.biz,13
2183,George Gibson,patricia60@hotmail.com,16
2184,Thomas Klein,paul05@powell.info,94
2185,Maureen Ramos,christinefloyd@wolf-willis.com,57
2186,Julie Evans,david06@holmes-frederick.com,61
2187,Mrs. Heidi Thomas,daniellebrewer@powers.com,83
2188,Sean Clayton,hsanford@rogers.org,44
2189,David Walker,chaneymargaret@yahoo.com,80
2190,Mary Hartman,stephanie44@wheeler-bell.com,82
2191,Willie Wheeler,judymoore@copeland.com,61
2192,Alexander Griffin,riddlerhonda@hotmail.com,74
2193,Curtis Scott,jacqueline36@torres-frey.com,46
2194,Katherine Miller,wmclaughlin@torres.biz,42
2195,Julia Snyder,gonzalezscott@johnson.com,24
2196,David Gonzalez,lisawagner@hotmail.com,36
2197,Ryan Kelly,craigbrian@armstrong-wells.biz,48
2198,James Stevens,wagnernicole@villegas.com,70
2199,Kathleen Rodgers,jasondixon@hotmail.com,89
2200,Elizabeth Collins,hberry@gmail.com,12
2201,Ricky Lin,kyle02@hotmail.com,53
2202,Leslie Avila,valdezsamuel@yahoo.com,52
2203,Justin Jackson,donaldcummings@waters.net,59
2204,Mark Jimenez MD,timothy93@ramirez-erickson.com,50
2205,Matthew Thompson,bookermatthew@beltran.com,64
2206,Hector Foster,daviscasey@vasquez.org,85
2207,George Holmes,kevin07@scott-thornton.com,13
2208,Robert Lopez,williambrown@watson.net,78
2209,Amy Powell,marcus99@gmail.com,90
2210,Theresa Hughes,rodriguezstephen@hotmail.com,30
2211,Dr. Dennis Frazier DDS,jjones@yahoo.com,84
2212,Maurice Dunn,nmcconnell@yahoo.com,78
2213,James Hernandez,yorkmatthew@phelps-christian.org,87
2214,John Rodriguez,christopher28@mercado.org,98
2215,Connor French,jenkinsalison@hotmail.com,20
2216,Teresa Pena,owest@ellis.com,51
2217,Kayla Kramer,charlesmorris@hotmail.com,12
2218,Jessica Molina,wilsonscott@mccann.com,16
2219,Kelly West,hillcharles@gmail.com,84
2220,Jason Guzman,vickiebaker@hobbs.com,10
2221,Henry Alvarez,bryce31@gallegos.info,62
2222,Jennifer Bush,vargaskyle@shah.com,95
2223,Douglas Rice,mosleymatthew@miller.com,65
2224,Allison Hernandez,stephenguerrero@gmail.com,29
2225,Gary Cole,tasha31@wilson.com,10
2226,Jessica Washington,dana05@smith.com,32
2227,Kenneth Bonilla,dianevargas@myers-lee.com,27
2228,Sharon Nguyen,cookmichael@davidson.com,60
2229,Christopher Underwood,emily66@jones.com,43
2230,Bradley Paul,talvarez@durham.com,14
2231,Gary Gallagher,andrearussell@yahoo.com,55
2232,Samantha Harris,alexhorn@mclean.org,64
2233,Sandra Wright,stephenwilliams@hotmail.com,99
2234,Wendy Dorsey,nyoung@miller-harris.com,87
2235,John Higgins,blewis@bowen.info,92
2236,David Smith,wendyswanson@gmail.com,90
2237,Shane Hardin,along@hotmail.com,90
2238,Kyle James,hjohnson@cooley.biz,96
2239,Tamara Pena,johnsonalicia@sutton.com,18
2240,Alyssa Roberson,joann65@stanley.net,52
2241,Melinda Chavez,daughertysarah@le.com,14
2242,Daniel Carroll,adriana02@malone-kirby.info,65
2243,Ashley Mcguire,zelliott@benton.net,70
2244,Richard Jackson,brittneyjones@sullivan-cherry.com,35
2245,Nicholas Perkins,alexanderlucas@hotmail.com,25
2246,Jared Michael,mirandawilliamson@sutton.com,93
2247,Kevin Simmons,meyersnancy@bennett.com,92
2248,Albert Collins,pjacobs@hotmail.com,65
2249,Shelby Tran,allensteven@yahoo.com,32
2250,Craig Young,sabrina41@gmail.com,41
2251,Madison King,vjohnson@peters-mendoza.info,62
2252,Nicholas Perez,ugibson@chen.com,69
2253,Jeffrey Hamilton,jamesbush@washington.info,10
2254,Wendy Knox,edwardhowell@hotmail.com,55
2255,Edward Hughes,rlara@gmail.com,47
2256,Donald Jackson,daniel35@gmail.com,17
2257,Nancy Clark,jdyer@hotmail.com,21
2258,Michelle Ruiz,derekgray@yahoo.com,77
2259,Kimberly Miller,sellersbruce@hotmail.com,53
2260,Linda Norman,marshalllauren@martin-boyd.com,37
2261,William Rivas,adrianatkinson@gmail.com,42
2262,Mark Lee,bishopcaitlin@gmail.com,37
2263,Dr. Jane Carroll,jacob03@hotmail.com,88
2264,Robert Ferguson,bdavis@arnold-herrera.com,91
2265,Joanna Mathis,samuel16@yahoo.com,79
2266,Sherry Wood,ericbowen@hayes.com,75
2267,Erik Edwards,yrhodes@gmail.com,47
2268,Alexis Lawson,vnichols@gmail.com,18
2269,Jennifer Ingram,juliegriffin@gmail.com,75
2270,Noah Hinton,maureenford@yoder.net,68
2271,Lisa Cook,adrian61@hotmail.com,37
2272,Sarah Evans,ysimpson@hotmail.com,70
2273,Anthony Green,qperez@gmail.com,54
2274,James Williams,georgejohn@suarez.com,65
2275,Troy Larsen,frenchmichele@hotmail.com,62
2276,Scott Watts,shannon47@hotmail.com,69
2277,Christine Ramos,tabitha40@yahoo.com,13
2278,Benjamin Small,ariana82@hotmail.com,49
2279,Reginald Perry,brewernicole@ramirez.org,61
2280,Robert Terry,carmen18@hunter.com,59
2281,Sabrina Mason,nathanielpratt@hotmail.com,86
2282,Sarah Rasmussen,mary76@long.info,11
2283,Bradley Mcdonald,nicolewhite@yahoo.com,88
2284,Anna Morrow,philip96@yahoo.com,73
2285,Mike Charles,tmcconnell@gmail.com,67
2286,Christopher Moore,branchlevi@thompson-carpenter.org,42
2287,Mark Lee,shawndavis@hotmail.com,13
2288,Marissa Wilson,antonio43@hotmail.com,89
2289,David Murphy,robertbrown@gmail.com,50
2290,Sherry Patton,robertspaul@hotmail.com,48
2291,Cynthia Curtis,ericksonkayla@yahoo.com,18
2292,Andre Hicks,lalvarez@yahoo.com,37
2293,David Carter,hcastillo@kaiser.org,80
2294,Paul Maldonado,eclay@gmail.com,47
2295,Jacob Romero,mistysweeney@mitchell-smith.org,87
2296,Erika Noble,iferrell@hotmail.com,58
2297,Heather Bowen,john19@hotmail.com,93
2298,Leslie Morris,cisnerosjeffrey@turner-wilson.net,14
2299,Stephanie Patton,charles57@roberts.org,30
2300,Todd Mcclure,scott00@carr.com,24
2301,Amber Garcia,johnsonchristina@pacheco-carr.biz,24
2302,Diane Beck,zacharyshepherd@gmail.com,49
2303,Roger Castaneda,kathleenwiggins@hardy.com,78
2304,Chad Anderson,figueroaalicia@hotmail.com,17
2305,Robert Irwin,cheyenneunderwood@burgess.com,47
2306,Bethany Martinez,sandersscott@henry.com,55
2307,Ian Costa,kristenbowen@yahoo.com,44
2308,Alexander Parker,robert93@gmail.com,55
2309,Bethany Holland,friedmanbenjamin@hotmail.com,66
2310,Jennifer Robinson,weststephen@baldwin.info,81
2311,Rebecca Martin,fernandojones@clark.com,57
2312,Andre Peters,jacksonmichael@hotmail.com,95
2313,James Castaneda MD,pbrown@hotmail.com,96
2314,Nicholas Wall,anthonysanchez@cruz.com,35
2315,Sara Bowen,tiffany45@gmail.com,47
2316,Stephanie Wells,richard10@hotmail.com,20
2317,Corey Hall,wfrye@gmail.com,60
2318,Kelly Davis,andrekeith@gmail.com,78
2319,Paul Clark,michellefreeman@gmail.com,42
2320,Joshua Johnson,dianecollins@evans.com,74
2321,Stephen Simmons,gloriahenderson@hernandez.com,99
2322,Laura Zamora,allenmary@murray-schultz.info,37
2323,Kenneth Ramos,michael97@hotmail.com,88
2324,Stephanie Hernandez,carrolltammy@reyes.info,78
2325,Lisa Hughes,stevenpena@hall-stone.com,63
2326,Jennifer Williams,zreese@miles-houston.com,36
2327,Ryan Ross,walkerpaul@jimenez.com,49
2328,Sean Cortez,johnperry@gmail.com,97
2329,Jonathon Smith,connie95@yahoo.com,11
2330,Michael Smith,osborndrew@yahoo.com,91
2331,Miss Karen Bishop,darius80@house-barber.com,65
2332,Tracey Anderson,xsanders@gmail.com,54
2333,Donna Murphy,qstewart@yahoo.com,58
2334,Johnny Edwards,bbarnes@hotmail.com,94
2335,Wendy Lee,uhernandez@hotmail.com,90
2336,Diane Ford,mitchellrebecca@sanchez-espinoza.info,43
2337,Michael Lewis,joshuacarlson@gmail.com,74
2338,Renee Reynolds,ryanreyes@yahoo.com,23
2339,Alan Proctor,ambergreen@hotmail.com,15
2340,Tamara Olson,davidallen@hotmail.com,77
2341,Patrick Skinner,washingtonerika@yahoo.com,11
2342,Kayla Richardson,lsheppard@harrington.com,91
2343,Michelle Herring,david35@gmail.com,69
2344,Natalie Alvarez,tiffanypearson@hotmail.com,58
2345,Travis Everett,iwhite@morales-parks.org,39
2346,Cheryl Russell,rwright@scott.com,82
2347,Sharon Wright,lpatel@yahoo.com,63
2348,Mary Mitchell,ydavis@edwards.com,32
2349,Lisa Bradley,toddboyd@ramos.com,29
2350,Julie Clark,billy99@yahoo.com,38
2351,Alyssa Torres,wilcoxmichael@howard-swanson.com,45
2352,Jill Farley,troy17@macias.org,67
2353,Allen Alvarado,banthony@hotmail.com,40
2354,Michael Frazier,dthompson@gmail.com,16
2355,Shannon Williams,sellersmelissa@hotmail.com,76
2356,Dustin Russell,jennifer78@hughes-robinson.com,97
2357,Carrie Valdez,brianjacobs@ford-rhodes.com,11
2358,Lauren Cherry,llopez@martinez-snow.com,16
2359,Tommy Dawson,angelabullock@stevens-rich.com,98
2360,Pamela Santiago,hrobinson@hotmail.com,63
2361,Samantha Russell,stephentaylor@yahoo.com,27
2362,Charles Jones,qellis@yahoo.com,91
2363,Morgan Galloway,trevor46@gmail.com,78
2364,Marilyn Brady,ilewis@harrington-johnson.info,69
2365,James Adams,wesley34@holder-harris.biz,43
2366,Rebecca Anderson,mcguirejoel@gmail.com,61
2367,Edward Francis,fhicks@tucker.com,78
2368,Dustin Mueller,keithrobbins@harris-gibbs.com,71
2369,Bethany Miller,ldixon@solis.biz,56
2370,Anthony Walker,carrillodawn@gmail.com,48
2371,Gabriel King,heather19@hotmail.com,21
2372,Holly Lang,spencerchristopher@boyd.com,19
2373,Justin Pearson,josephsarah@wilson-martinez.biz,46
2374,Andrew Flores,gomezmichael@yahoo.com,31
2375,Brian Parker,colestacy@yahoo.com,49
2376,Abigail Diaz,fjackson@watson-wells.com,47
2377,Denise Nguyen,omeyer@hotmail.com,42
2378,Kimberly Sanchez,jennifer94@hotmail.com,83
2379,Robert Martinez,smithmarvin@forbes.com,54
2380,Kayla Wong,rebeccakennedy@gmail.com,41
2381,Thomas Pineda,swright@ross.com,80
2382,Nancy Oliver,coleroberts@yahoo.com,78
2383,Craig Coleman,idaniels@yahoo.com,73
2384,Michael Chandler,cbrown@wilson-fleming.info,69
2385,Eric Skinner,bethany81@hotmail.com,88
2386,Rebecca Lawrence,howardaaron@hotmail.com,12
2387,George Phillips,michaeljones@gmail.com,33
2388,John Hester,william72@cunningham-miller.info,71
2389,Nicholas Kent,ujones@russell.org,94
2390,Karen Hayes,davisdebra@reed.com,68
2391,Aaron Clark,steven55@bishop.net,66
2392,George Frye,downsandrea@williams.biz,22
2393,Richard Guzman,rdorsey@lee-montgomery.com,15
2394,Jason Hernandez,wayne75@hotmail.com,72
2395,Karen King,claire69@rodriguez-taylor.info,42
2396,Catherine Davis,frank77@christensen-williams.com,26
2397,Ashley Powell,jwilkinson@sanders.biz,91
2398,Dawn Vaughan,jeffreywarren@gmail.com,18
2399,Denise Smith,leepatrick@key.net,70
2400,Danielle Wallace,karenholland@mccarthy.com,30
2401,Karen Juarez,lindsaymcintyre@mason.com,13
2402,Manuel Peterson,jweaver@gmail.com,50
2403,Laura Werner,apratt@hughes-suarez.biz,71
2404,Aaron Orr,efields@hotmail.com,20
2405,David Mcclain,tmiller@hotmail.com,30
2406,Jonathan Mason,oswanson@gmail.com,65
2407,Candace Greene,ajones@gmail.com,24
2408,Erica Osborne,jonesjoseph@gmail.com,62
2409,Timothy Alvarez,mullinssusan@gmail.com,85
2410,Michael Blake,helen77@hotmail.com,68
2411,Marc Johnston,fosterjack@yahoo.com,48
2412,Patrick Chapman,jensenteresa@gregory-peterson.com,32
2413,Casey Reyes,rowejeremy@hotmail.com,73
2414,Paul Floyd,julia08@gmail.com,38
2415,Eric Patel,vrussell@yahoo.com,90
2416,Karen Summers,anthonymills@hamilton.net,67
2417,Katelyn Bennett MD,maria56@hotmail.com,59
2418,Heather Mills,kyleking@yahoo.com,32
2419,Tonya Berry,dosborne@diaz.com,50
2420,Kelly Mcdowell,pgoodwin@powers.com,24
2421,Teresa Butler,huntermueller@yahoo.com,37
2422,Lori Hernandez,kandrews@lee.org,30
2423,Laura Dyer,colinwagner@gmail.com,41
2424,Teresa Ramirez,oliverkelly@yahoo.com,43
2425,Norman Carter,timothyjackson@yahoo.com,50
2426,Kendra Chen,wcooper@russo.biz,94
2427,Darrell Hess,amber89@gmail.com,15
2428,Patrick Patton,michael44@gmail.com,83
2429,Jennifer Shepard,vsilva@yahoo.com,80
2430,Jesse Rhodes,williamsvalerie@hoover.com,22
2431,Sarah Hansen,churchdouglas@gmail.com,97
2432,Hannah Murillo,urivera@yahoo.com,23
2433,Randy Garrett,fjennings@yahoo.com,22
2434,Charles White,millsjoe@phillips.com,24
2435,Angela Owens,brandon05@kramer-rhodes.com,37
2436,Nathan Warren,rachelgallegos@hotmail.com,61
2437,Christian Wilson,kcortez@brown.com,29
2438,Amy Conway,tamara41@gonzalez-wright.com,56
2439,Lacey Brady,aprilmills@hotmail.com,16
2440,Loretta Williams,mary96@gmail.com,26
2441,Thomas Wong,lawsonjessica@cortez-watson.com,73
2442,Cindy Clark,megan43@simmons.org,20
2443,Jamie Burton,laurieallen@hotmail.com,34
2444,Nicole Garza,ellen32@yahoo.com,99
2445,Autumn Chung,ssaunders@jones.com,74
2446,Anthony Warner,mendozarebecca@shields.biz,28
2447,Shannon Malone,johnanderson@gmail.com,69
2448,Susan Wilson,pettybrooke@smith.org,24
2449,Bruce Santana,andres28@hotmail.com,53
2450,Jerry Obrien,jwallace@gmail.com,72
2451,Julie Flores MD,jamesderek@west.info,79
2452,Matthew Roberts,lclark@gmail.com,80
2453,Paul Buchanan,lewisapril@martinez.com,17
2454,Tracy Vasquez,atkinsonrobert@yahoo.com,98
2455,Joseph Holt,rachel41@gmail.com,57
2456,Jeffrey Sanchez,obrown@yahoo.com,42
2457,Dana King,nicholas80@jenkins.org,54
2458,Denise Solomon,jamie83@simpson-dennis.info,91
2459,Brian Marshall,bryancain@cunningham.com,63
2460,Michelle Cummings,roygarcia@hotmail.com,45
2461,Kathy Munoz,melissacarson@johnson.com,37
2462,Devon Kim,laurenlewis@gmail.com,30
2463,Katrina Griffin,timothy04@robertson.com,18
2464,Nathan Garcia,jennifermahoney@quinn-avila.com,63
2465,Melissa Jones,mpotter@gmail.com,72
2466,Jacqueline Hall,newtonjoel@gmail.com,85
2467,Donald Figueroa,angela70@yahoo.com,34
2468,Jose Warren,timothy83@cervantes.info,33
2469,Autumn Harris,tammy26@yahoo.com,57
2470,Oscar Hayden,brandonjohnson@arnold.com,37
2471,William Johnson,coxronald@hotmail.com,19
2472,Joseph Haynes,darinperez@smith.com,73
2473,Jeffrey Hartman,greenemargaret@gmail.com,66
2474,Stephanie Martin,kim61@smith.org,73
2475,Carolyn Morris,khart@yahoo.com,11
2476,Austin Kim,donald71@weaver-gonzalez.com,40
2477,Heidi Kemp,barkersandra@gmail.com,64
2478,Amanda Foster,stephanieortiz@mason-thomas.com,44
2479,Patricia Taylor,baileymelissa@schroeder.com,78
2480,Michael Miller,staceygrimes@yahoo.com,10
2481,Laura Madden,toddaguilar@yahoo.com,90
2482,David Steele,kporter@thompson.net,69
2483,Alexander Knapp,jennifer33@gmail.com,53
2484,Angela Delgado,qrodriguez@brown.net,46
2485,Yesenia Flynn,perezricardo@knapp.com,42
2486,David Morris,dcook@murphy.com,24
2487,Andrew Ballard,piercelauren@hotmail.com,79
2488,Frank Smith,danieljacobs@hotmail.com,79
2489,Anne Chavez,elizabethreynolds@yahoo.com,78
2490,Melissa Barajas,mooremark@smith.org,76
2491,Janice Clark,cbutler@yahoo.com,43
2492,Anthony Nguyen,jbullock@hotmail.com,45
2493,Dawn Middleton,penarobert@simmons.com,78
2494,Heather Miller,michael34@gmail.com,53
2495,Derek Brown,laurie41@hotmail.com,97
2496,Rebecca Terry,vsmith@gmail.com,69
2497,Emily Olson,jreid@francis.com,34
2498,John Sanchez,wangbrian@meyer-walsh.biz,76
2499,Michele Sparks,carrie90@gmail.com,97
2500,Julie Hamilton,mark73@smith-hutchinson.net,20
2501,Katherine Harrison,smithshane@yahoo.com,48
2502,Jessica Perkins,reginald08@robinson.com,42
2503,Megan Taylor,jillian74@vargas-hernandez.com,95
2504,Anthony Ramsey,robertjames@yahoo.com,84
2505,Katie Hawkins,sean03@gmail.com,60
2506,Donna Cohen,phamadam@watson-crawford.com,84
2507,Michelle Nolan,robert84@washington.com,31
2508,Christopher Campbell,rodriguezcarl@vasquez.com,19
2509,Christopher Medina,jsaunders@hotmail.com,75
2510,Paula Howard,richard54@gmail.com,14
2511,Sandra Sexton,fischercory@yahoo.com,70
2512,Angela Nelson,zbarber@yahoo.com,62
2513,Julie Jones,jessicabean@crawford.com,63
2514,Peter Osborne,pamela33@hensley.com,68
2515,Debbie Klein,doughertylindsay@wood.com,94
2516,Rebecca Hunt,jenny39@gmail.com,17
2517,Victoria Gray,gabrielahowell@hotmail.com,81
2518,Victoria Booth,farmstrong@gonzalez-munoz.org,11
2519,Scott Cook,ecrawford@gmail.com,41
2520,Eric Lucas,petersonvalerie@smith.net,72
2521,Justin Johnson,galvanlorraine@gmail.com,49
2522,Robin Dominguez,fmontgomery@white.com,93
2523,Brenda Scott,nicoleblake@duncan.biz,29
2524,Melissa Anderson,blairkristie@ward.org,80
2525,Taylor Ewing,clarkjohn@wilson.org,95
2526,Sean Daniels,heatherthompson@henry.com,14
2527,Mr. Justin Lewis DDS,douglas70@hotmail.com,84
2528,Samantha Fitzgerald,leeernest@hotmail.com,90
2529,Emily Lucas,christopher22@hotmail.com,66
2530,Jordan Smith,henry91@franco.org,10
2531,Amanda Cortez,michael56@terry.com,22
2532,Crystal Burns,charleshoffman@mcbride.info,20
2533,Frank Boyer,taylor96@yahoo.com,82
2534,Nicholas Johnston,mary35@kim-carter.com,65
2535,Thomas Martinez,gonzalezbeth@ross-baker.biz,44
2536,Jose Finley,sstevens@hobbs.com,34
2537,Roger Mejia,johnsonmindy@duran-anderson.com,47
2538,Charles Cox,hannahsanchez@yahoo.com,87
2539,Jennifer Tate,peterscott@garza.com,47
2540,George Murillo,kmcmahon@hotmail.com,11
2541,David Shepherd,moralesanne@velasquez.info,44
2542,Carl Dunn,xtorres@gmail.com,50
2543,James Stanton,nkim@gmail.com,21
2544,Emma Moore,robinsonjames@gomez.info,85
2545,John Cook,elliottjanet@yahoo.com,24
2546,Erin Wilson,hhodges@strong-lang.com,35
2547,David Cowan,samanthawalker@burton.com,39
2548,Christopher Sanchez,snydercharles@gmail.com,11
2549,William Moore,jenniferhaas@brown.net,25
2550,Lauren Cunningham,grantcarrie@edwards-barr.com,18
2551,Nathan Kelly,amber44@gmail.com,81
2552,Mr. Robert Garcia,jill00@brown-hamilton.com,95
2553,Valerie Elliott,collinsshannon@hotmail.com,44
2554,Richard Joseph,kingashley@hotmail.com,77
2555,Jordan Jenkins,davidvaughan@khan.com,25
2556,Marcus George,ortizaudrey@yahoo.com,46
2557,Joshua Wilson,williamswendy@cabrera-butler.com,51
2558,Erika Graves,johnsonvalerie@davis.net,96
2559,Christopher Skinner,osims@gmail.com,23
2560,Shannon Atkins,andrewbishop@yahoo.com,55
2561,Emily Brown,annortega@moreno.biz,39
2562,Nicolas House DVM,obaldwin@gmail.com,74
2563,Michelle Jenkins,leonardamanda@glass.biz,82
2564,Brandon Lopez,jsummers@hotmail.com,18
2565,Madeline Lopez,april44@hill.com,67
2566,Michelle Richards,padillacarla@gardner.biz,96
2567,Stephanie Ramirez,cynthia52@yahoo.com,89
2568,Travis Hayes,nfarmer@norman.biz,74
2569,Brian Bonilla,michelemooney@gmail.com,51
2570,Victor Newman,wademelissa@wallace.biz,86
2571,Candice Whitney,hernandezrobert@yahoo.com,26
2572,Carl Duncan,xgarrett@johnson.info,96
2573,Katherine Smith,ppage@schneider.com,51
2574,Jamie Kirk,freemanrichard@allison-campbell.com,17
2575,Donna Peters,tracyparks@yahoo.com,18
2576,Sara Jackson,allison50@mason.com,99
2577,Julie Anderson,myerscolton@harris-meadows.com,20
2578,Adam Thornton,zlewis@yahoo.com,22
2579,Theresa Blair,daniel23@gmail.com,76
2580,David Chapman,taylor61@hotmail.com,62
2581,Dwayne Clark,ashley95@yahoo.com,10
2582,David Martinez,melissachapman@yahoo.com,15
2583,Samantha Miller,brooksglenn@gmail.com,44
2584,Brianna Warren,kimberlyprice@martin.com,65
2585,Karen Willis,hbrennan@gmail.com,85
2586,Anne Conrad,mitchellperry@werner.com,89
2587,Diane Gross,trevorfoster@vazquez-dodson.com,77
2588,Lisa Walsh,sdavis@gmail.com,37
2589,Michael Avery,mcdonaldanthony@yahoo.com,39
2590,Caitlin Irwin,hcarey@johnson.info,94
2591,Courtney Guzman,hansencaitlin@alvarado-fisher.com,83
2592,Veronica Howard,allenjames@hotmail.com,43
2593,Michelle Wilson,cgutierrez@jones-hughes.com,63
2594,Jennifer Williams,michaelsmith@gmail.com,28
2595,Dr. Ryan Patton,pedroklein@cooley.com,88
2596,Eileen Mack,shaneharrison@martinez.com,92
2597,Amber Hernandez,qmurphy@gmail.com,73
2598,Terry Allen,kvaldez@hernandez.info,38
2599,Briana Bennett,knoble@hotmail.com,48
2600,Angela Lawrence,edwardroach@morris.com,10
2601,Anthony Waters,gonzaleztammy@hotmail.com,35
2602,Melissa Campbell,biancabrady@hotmail.com,97
2603,Shaun Avila,rileylisa@freeman.com,31
2604,Linda King,tara76@hunter-thompson.com,24
2605,David Robinson,laura38@evans.net,99
2606,Jason Brennan,daniel99@gutierrez.com,73
2607,Jennifer Davis,ystewart@yahoo.com,77
2608,Stacy Russell,brian47@hotmail.com,85
2609,Kelly Jones,xavierromero@collins-griffin.biz,73
2610,Cory Moore,brownpaula@davies.info,34
2611,Nicholas Williams,hollykelly@thomas.com,12
2612,Lindsay Mccormick,victorhill@hotmail.com,38
2613,Margaret Wilson,washingtonlarry@fowler.info,27
2614,Tanner Cunningham,lindsey77@williams.com,77
2615,Frank Walker,ssimmons@golden-tyler.com,47
2616,Mr. John Vaughan,eric75@gmail.com,51
2617,Misty Smith,lisa83@kelley.com,17
2618,Jessica Harris,agreer@trujillo.biz,89
2619,Sean Bailey,henrytyler@fisher.com,62
2620,Michelle Yu,matthew02@gmail.com,49
2621,Melissa Cruz,hmartinez@hotmail.com,31
2622,Christine Johnson,sjackson@yahoo.com,37
2623,Robert Hernandez,lmitchell@zimmerman.com,17
2624,Annette Walker,tonyaandrade@williamson.com,15
2625,Steven Montgomery,tcarson@yahoo.com,10
2626,Taylor Carter,hbutler@soto-coleman.com,82
2627,Robert Reyes,jamesthomas@hotmail.com,60
2628,Gregory Cummings,adam98@williams.com,68
2629,Mary Ortiz,dcobb@yahoo.com,80
2630,Shelly Morrison,dana80@yahoo.com,65
2631,Gary Martin,gwells@rodriguez.com,43
2632,Veronica Schwartz,uarmstrong@macias.org,80
2633,Mary Anderson,donald32@gmail.com,81
2634,Wesley Tran,jennifer20@johnson-drake.info,29
2635,James Ellis,troy00@durham.com,99
2636,Christine Christensen,maldonadomary@gmail.com,84
2637,Alan Russell,ashley40@yahoo.com,75
2638,Teresa Orozco,david67@lane-barnett.biz,47
2639,Susan Bush,vazquezsara@yahoo.com,85
2640,Steven Ellis,annamartin@yahoo.com,31
2641,Michelle Brooks,wilsonryan@hotmail.com,39
2642,Arthur Martin,ablake@jones.info,41
2643,Shawn Price,gibsonkaitlyn@melton-green.com,67
2644,Taylor Morgan,erinsweeney@cruz.com,45
2645,Becky Hawkins,svillanueva@garcia-jackson.org,55
2646,Megan Smith,christine77@yahoo.com,60
2647,William Kidd,jared30@spencer.net,89
2648,Christopher Watson,paula68@gmail.com,80
2649,Douglas Ortega,davisjoyce@myers-rosario.biz,97
2650,Jacqueline Villarreal,gjones@frederick.com,77
2651,Alicia Lee,anthony76@scott-stewart.biz,59
2652,Carolyn Campbell,jonesmegan@hotmail.com,93
2653,Gregory Torres,davisangela@hotmail.com,21
2654,Heather Hudson,millersandy@yahoo.com,19
2655,Barbara Pierce,paula53@hotmail.com,26
2656,Hailey Mullins,brent25@bowen-gaines.info,68
2657,Alejandra Ramirez,traceyfisher@yahoo.com,51
2658,Eugene Moore,kaufmanjohn@farrell-andrews.com,77
2659,Kathleen Hall,johnathanrichardson@hotmail.com,21
2660,Jacob Simpson,rebecca27@yahoo.com,91
2661,Terry Jackson,sally74@gmail.com,90
2662,Nicole Davis,jessicaallen@morgan.com,74
2663,Jonathan Howell,wrightsheila@yahoo.com,29
2664,Dawn Parker,cynthia70@roberts.com,84
2665,Nicole Ellis MD,zwaters@yahoo.com,43
2666,Allison Jones,gailrojas@hotmail.com,89
2667,Daniel Townsend,mccannbrent@hotmail.com,14
2668,Kathleen Gregory,mark54@gmail.com,62
2669,Victor West,ccunningham@walker.biz,64
2670,Robert Phillips,donaldchristensen@yahoo.com,84
2671,Amanda Hawkins,wellsmicheal@hester.biz,64
2672,Patricia Parks,shannon92@gmail.com,58
2673,Mrs. Danielle Walls,richardsvanessa@baker-martin.com,25
2674,Jermaine Townsend,thomas17@hotmail.com,21
2675,Sean Spence,nicholslaura@gmail.com,30
2676,Kelsey Hutchinson,wgonzalez@giles.com,20
2677,Desiree Holland MD,gclark@allen.com,89
2678,John Walls,vanessaford@hotmail.com,21
2679,Lorraine Parks,matthewross@hayes.com,76
2680,Emily Turner,zglenn@brown.biz,89
2681,Travis Jones,jilllee@yahoo.com,32
2682,Joseph James,xclark@hotmail.com,80
2683,Christopher Jones,calvinsaunders@yahoo.com,88
2684,Paige Marshall,garciajustin@warren.com,90
2685,Heather Davis,conleyrobert@hotmail.com,21
2686,Julie Reed,owalsh@long.org,80
2687,Elizabeth Robinson,cwhite@estrada-brown.biz,27
2688,Mr. Richard Williams,frostchristopher@nelson.org,45
2689,Lauren Henry,bryanholmes@yahoo.com,64
2690,Randy Zimmerman,stevensmelanie@hotmail.com,81
2691,Michele Howard,jeffrey92@hotmail.com,30
2692,Luis Vaughan,debbie51@hotmail.com,21
2693,Matthew Strickland,mfoster@gmail.com,47
2694,Douglas Hill,josephmercer@hotmail.com,42
2695,William Smith,timothycarlson@williams-mcintyre.com,52
2696,John Blackwell,kennethbaxter@hotmail.com,55
2697,Shannon Mcdaniel,rebeccagarcia@gmail.com,27
2698,Ryan Murray,marypope@gmail.com,87
2699,Kathleen Gordon,mariaroberts@hotmail.com,42
2700,Richard Ward,fdoyle@yahoo.com,18
2701,Michael Barrett,ocooper@shields-herring.org,62
2702,Matthew Anderson,lindsay27@gmail.com,95
2703,Latoya Garcia,lance98@clarke-hawkins.com,93
2704,Ashley Rodriguez,angela36@gmail.com,60
2705,William Rojas,vlogan@hotmail.com,64
2706,Michael Reyes,kjohnson@brown-rodriguez.biz,53
2707,Clayton Pittman,gedwards@hotmail.com,96
2708,Tyler Newton,martincharles@gmail.com,34
2709,Thomas Pollard,kingmaria@anderson.com,45
2710,Steven Serrano,larry69@miller.com,19
2711,Jesse Fry,pcooper@zimmerman-wagner.com,84
2712,Crystal Wright,okhan@richardson.info,43
2713,Sarah Kline,uhawkins@morton.com,10
2714,John Callahan,jerry20@gmail.com,77
2715,Cindy Quinn,erinvargas@garcia.org,15
2716,Amanda Powell,johnsonanita@yahoo.com,29
2717,James English,hodgerobert@peterson-wise.com,57
2718,Ryan Arnold,oneillmark@hotmail.com,48
2719,Dr. Jeffrey Dickerson,gbrooks@hotmail.com,65
2720,John Wilkinson,nclayton@murphy.info,93
2721,Lisa Hernandez,kellycabrera@gmail.com,17
2722,Sean Christian,eddiegiles@gmail.com,28
2723,Dustin Fry,charlenemiller@yahoo.com,31
2724,Sean Sullivan,laura85@martin-bautista.net,73
2725,Beth Lee,melaniehess@gmail.com,18
2726,Krystal Myers,rita09@flores-henry.com,12
2727,Chad Fuentes,james35@macias.info,68
2728,Yolanda Barnes,amandaanderson@orozco-butler.com,12
2729,Jordan Fischer,sarah70@gmail.com,49
2730,Kathleen Martinez,pjones@yahoo.com,32
2731,Jonathan Prince,lcoleman@yahoo.com,60
2732,Andrea Franco,collinstroy@hotmail.com,34
2733,Albert Wilson,garygarcia@yahoo.com,90
2734,Vanessa Phillips,christopher45@robinson.com,17
2735,Kayla Moreno,johnsonalexander@williams-white.org,67
2736,Thomas Jones,david11@hotmail.com,60
2737,Andrew Tucker,coxrenee@howell-mooney.com,61
2738,Kaylee Phillips,nicholas16@thompson.com,38
2739,Rebecca Smith,mford@bennett-gonzalez.com,57
2740,Thomas Williams,jimenezchristopher@brown.biz,17
2741,Jennifer Sullivan,racheldavis@parker.info,63
2742,Kristen Brady,madisonsmith@gmail.com,55
2743,Jordan Daniel,james39@joseph-patton.net,28
2744,Crystal Smith,oarmstrong@gmail.com,31
2745,Stephen Durham,jamesreed@gmail.com,79
2746,Jessica Williams,colonamanda@gmail.com,88
2747,Dawn Foley,tmorris@hotmail.com,96
2748,Sarah Edwards,jwalls@yahoo.com,50
2749,Kenneth Noble,allencraig@ali-owens.biz,12
2750,Jim Cruz,kyle84@white-briggs.net,33
2751,Sheila Lee,lewislisa@maxwell.com,65
2752,Jill Johnson,xshepherd@yahoo.com,40
2753,Peter Richardson,omar08@black-wang.net,98
2754,Travis Mcintosh,stephanienielsen@gmail.com,99
2755,David Brandt,tiffanybrown@gmail.com,65
2756,Alec Green,thomaswilliams@walker-fuentes.com,40
2757,James Sexton,morenodawn@yahoo.com,79
2758,Jennifer Martinez MD,nwalker@brown.com,55
2759,Lisa Chandler,halesarah@gmail.com,81
2760,Kevin Walker,bakercaleb@yahoo.com,94
2761,Carol Jacobs,joshuagould@bowman.com,58
2762,Holly Stephenson,zford@yahoo.com,34
2763,Jeffrey Koch,jackmccarthy@yahoo.com,85
2764,Joshua Garcia,ofoster@irwin.com,63
2765,Courtney Smith,aliciaholt@thompson-perez.biz,21
2766,James Matthews,lsanchez@bennett.net,28
2767,Michael Lee,darlene70@hotmail.com,90
2768,Miss Tracey Perez,matthewwhite@gmail.com,69
2769,Timothy Simmons,benjamin89@hernandez.com,95
2770,Joshua Mitchell,lauramendoza@schultz.com,86
2771,Teresa Shepard,ewest@roach.com,21
2772,Joshua Erickson,graymichael@freeman-graham.com,90
2773,Adam Leonard,ochung@holder.com,70
2774,Mrs. Virginia Webb,kellererin@cervantes-ruiz.com,81
2775,Shelia Mcmahon,bowenlouis@yahoo.com,33
2776,Ellen Perez,evansjoseph@wheeler.com,92
2777,Richard Moreno,mark05@hotmail.com,33
2778,Linda Smith,carolyn96@johnson.net,27
2779,Melissa Anderson,parkerkim@hotmail.com,31
2780,Tara Estrada,erika78@gmail.com,66
2781,Sylvia Martin,sararosales@gmail.com,36
2782,Micheal Cobb,erin36@yahoo.com,87
2783,Gene Cobb,crawfordjennifer@bishop.info,36
2784,Paul Golden,michaelchase@jones.org,40
2785,Matthew Cook,collinskaren@jackson-simpson.com,59
2786,Lori Brown,williamsross@pacheco.org,62
2787,Paul Armstrong,brianthomas@yahoo.com,70
2788,Anthony Elliott,joshua17@quinn.biz,38
2789,Jason Lee,hbarnes@yahoo.com,83
2790,Christopher Smith,ulawson@gonzalez.org,97
2791,Cody Walker,bakereric@duncan.com,26
2792,Charles Moran,kristinhayes@gmail.com,47
2793,Samantha Johnson,eugene68@gmail.com,89
2794,Sydney Lucero,mooncorey@parker-logan.com,17
2795,Susan Goodwin,dbauer@hotmail.com,55
2796,Rick Santana,elizabethbrown@wallace.org,84
2797,Brian Strong,royprice@gmail.com,93
2798,Kelly Weiss,fwatson@gmail.com,28
2799,Jordan Moore,phillipsbrooke@bentley.com,58
2800,Brady Clark,baileyaaron@davidson.com,43
2801,Brooke Wallace,isanders@morrison.com,91
2802,Scott Ward,taylor16@griffin.biz,12
2803,Jesse Moore Jr.,lauragraves@yahoo.com,86
2804,Ashley Gilmore,patricia96@yahoo.com,59
2805,Daniel Harvey,bball@jacobson.org,34
2806,Ashley Jones,brandi28@owens.com,30
2807,Brittany James,jennifer85@warner.com,53
2808,Colleen Stevens,deannagarcia@serrano-alvarez.info,22
2809,Gregory Anderson,alvin39@yahoo.com,59
2810,Stacey Gibson,johnstonmark@campbell.com,14
2811,Nathan Jones,charlesgraham@molina.com,47
2812,James Hawkins,gravestimothy@gmail.com,89
2813,Ricky Baldwin,ibrown@gmail.com,41
2814,Philip Galloway,lucas81@higgins.com,66
2815,Sherry Freeman,brownrebecca@finley.info,54
2816,James James,qperry@gmail.com,13
2817,Monique Doyle,houstondiane@hodge.org,63
2818,Rebecca Williams,shenderson@gmail.com,25
2819,Molly Levy,jonesmonique@gmail.com,47
2820,Joanna Taylor,stephen03@scott.com,55
2821,Robert Wells,ubowers@hernandez.com,68
2822,Nicole Stephenson,philippaul@gmail.com,21
2823,Steven Reeves,kwilliams@gmail.com,45
2824,Diana Conner,davidreed@hotmail.com,26
2825,Eric Johnson,yfrank@hotmail.com,61
2826,Cindy Wood,wilsonemma@hotmail.com,85
2827,Kristin Phillips,larryhicks@brown.com,23
2828,Lisa Flores,vtaylor@gmail.com,22
2829,Brittany Jones,antonio44@hotmail.com,12
2830,Carl Martinez,cathy82@yahoo.com,98
2831,Betty Johnson,cruzteresa@yahoo.com,73
2832,Jimmy Bennett,nancyleblanc@yahoo.com,73
2833,Karen Huff,xrichards@flores.info,39
2834,Rebecca Martinez,ugordon@yahoo.com,46
2835,Jason Sanchez,angela37@yahoo.com,70
2836,David Adams,leonlisa@hampton-lee.org,65
2837,Jacqueline Dean,rkennedy@yahoo.com,35
2838,Joseph Johnson,benjamin14@ortiz-walker.net,83
2839,Randall Stone,farrellkeith@meza.info,81
2840,James James,jaclyngonzalez@yahoo.com,12
2841,Kimberly Howard,ybarber@villarreal.info,50
2842,Nathaniel Watson,lkline@hotmail.com,22
2843,Richard Brady,cwest@gmail.com,47
2844,Walter Deleon,tkirk@yahoo.com,86
2845,Jonathan Hall,johnstonrobert@hotmail.com,34
2846,Christopher Stevens,kaitlyngreen@contreras-barber.com,69
2847,Holly Hill,stephen18@manning.com,48
2848,Ashley Williams,david51@hotmail.com,57
2849,Michael Adams,taylorrobert@anderson.com,79
2850,John Miller,kathrynhouston@hotmail.com,92
2851,Anthony Crane,hallnatalie@carlson.com,50
2852,Kelly Cooper,oscar22@hooper.com,76
2853,Susan Soto,fmitchell@yahoo.com,78
2854,Austin Todd,xfrazier@odom-reyes.com,59
2855,Adrian Clark,nicole74@hotmail.com,32
2856,Matthew Sullivan,brittney74@gmail.com,29
2857,Jeffrey Byrd,adrian57@summers.com,88
2858,Katelyn Silva,bishoplisa@yahoo.com,39
2859,Richard Riley,sfranco@gmail.com,73
2860,James Johnson,daybrian@yahoo.com,22
2861,Lawrence Cooley,nolantanya@allen.com,83
2862,Mackenzie Ramos,alicia86@hotmail.com,88
2863,David Garcia,cynthiabridges@gmail.com,58
2864,Michael Suarez,twhite@yahoo.com,22
2865,Donald Foster,juarezclayton@peters.com,18
2866,Janet Walker,heather74@king.com,79
2867,Megan Mitchell,raguilar@hotmail.com,63
2868,Dalton Dixon,michael26@harris.com,18
2869,Robert Harris,herrerateresa@stephens-hernandez.biz,68
2870,Christy Rocha,donna72@black.biz,32
2871,Brandon Johnson,lukespencer@yahoo.com,93
2872,Michael Roberson,whiteangela@smith.com,40
2873,Blake Walls,casey76@bautista-baker.org,33
2874,Mrs. Ashlee Dunn,williamcurry@ortiz-campbell.com,61
2875,Christina Patterson,kelsey26@hill-brown.org,50
2876,Alicia Contreras,jacksondavid@yahoo.com,43
2877,Michele Vasquez,markklein@yahoo.com,98
2878,Michele Pacheco,lisa79@chapman.com,50
2879,Devin Werner,shelleyfisher@hernandez-mueller.biz,18
2880,Sarah Stephenson,richard74@gmail.com,37
2881,Shawn Olson,hornetracy@yahoo.com,41
2882,Jason Velasquez,rodriguezstacey@yahoo.com,61
2883,Cassandra Gilbert,nburton@sanchez-hoffman.com,33
2884,Joshua Bennett,kariedwards@brooks.biz,22
2885,Charles Booker,williamslucas@hendricks.net,58
2886,Angela Williams,schmidtdiane@moore.net,44
2887,Jesse Savage,tserrano@gmail.com,96
2888,Justin Adams,dwilcox@pearson.com,26
2889,Samantha Hughes,vgoodman@gmail.com,37
2890,Johnny Fernandez,martinezjessica@campbell.com,59
2891,David Page,shawn22@miranda.net,48
2892,Jose Davis,gutierrezcynthia@clark.com,56
2893,Jeffrey Young,yhorton@gmail.com,92
2894,Joshua Reilly,bentleychristian@hotmail.com,91
2895,Erica Anderson,oneillann@cook.org,94
2896,Amanda Simon,lmoore@rodriguez-todd.com,40
2897,James Hansen,oliviawalker@yahoo.com,85
2898,Frederick Barry,whitneyjames@alvarado.com,35
2899,Stephen Austin,billymason@day.com,63
2900,Kathryn Wilson,bennetteric@martin.net,45
2901,Suzanne Banks,robertochapman@ramos.com,57
2902,Alicia Holmes,bradley12@scott-chandler.org,83
2903,Heidi Cruz,wday@miller.biz,19
2904,Joanna Pollard,tara36@mueller.com,76
2905,Brittany Collier,tinajames@gentry.com,64
2906,Jonathan Bennett,mcdonaldhunter@hotmail.com,78
2907,Eric Salazar,carlarodriguez@gmail.com,50
2908,Margaret Evans,pamela20@morrison.com,69
2909,Nicole Baker,hallstephanie@ibarra.com,72
2910,James Montes,garrett54@hotmail.com,97
2911,Carla Davis,gglover@gmail.com,89
2912,Glen Browning,allisonmichael@friedman-owens.com,30
2913,Katherine Johnson,richardhernandez@gmail.com,83
2914,Kyle Allison,levinejimmy@gmail.com,93
2915,Brandon Hernandez,wmorrow@perkins.com,31
2916,Sabrina Rush,josephholland@hotmail.com,45
2917,Blake Singleton,ramirezanthony@hotmail.com,50
2918,Amanda Miller,qwalls@yahoo.com,82
2919,Tanya Chen,campbelldavid@hotmail.com,74
2920,Kendra Walker,fostermary@jensen.com,92
2921,Lisa Bridges,rogerjackson@flores-mccoy.com,59
2922,Sharon Stone,kurt22@gmail.com,95
2923,Gina Tran,hernandezjames@norman.com,18
2924,Kyle Garcia,loretta42@yahoo.com,92
2925,James Small,perkinsamanda@gmail.com,11
2926,Jimmy Walker,wross@hotmail.com,29
2927,Robert Mayer,jamesestes@arias-hopkins.org,73
2928,Laura Wood DVM,evelynschneider@williams.info,48
2929,Lee Black,ezimmerman@gmail.com,10
2930,Kimberly Huffman,patriciamorris@gmail.com,14
2931,Annette Silva,alexanderdixon@dunn.com,38
2932,Shannon Ali,gailharris@turner-fox.com,89
2933,Bruce Robles,jessica61@gmail.com,40
2934,Tiffany Lee,anichols@yahoo.com,14
2935,Cathy Ramirez,matthew36@gmail.com,24
2936,Christina Avila,mtorres@yahoo.com,70
2937,Samantha Berger,justin95@carr.com,28
2938,Melody Morgan,cdavis@yahoo.com,46
2939,Katherine Chang,ljenkins@yahoo.com,21
2940,Diane Clark,allison32@vincent.info,73
2941,Thomas Keller,daniellemartin@gmail.com,20
2942,Susan Taylor,nelsonian@gomez.com,33
2943,Hannah Cook,blankenshipbrenda@johnson.com,67
2944,Omar Perry,matthewalvarez@gmail.com,55
2945,Tiffany Dean,kwilliams@yahoo.com,51
2946,Cory Williams,cheyenne32@hotmail.com,28
2947,Crystal Franklin,ewilkins@yahoo.com,88
2948,Jonathan Riley,benjamin95@williams.com,33
2949,Judy Brown,julia76@yahoo.com,51
2950,Nicole Floyd,jacob58@anderson-graves.com,43
2951,Tracey Lambert,youngjeffrey@hotmail.com,74
2952,Eric Johnson,batesrobert@yahoo.com,72
2953,Charles Fernandez,mharrell@gmail.com,90
2954,Autumn Wallace,stephanie72@yahoo.com,89
2955,Carolyn Sullivan,inorman@yahoo.com,24
2956,Regina Howard MD,qbond@hotmail.com,45
2957,Lisa Pratt,yrodgers@hotmail.com,78
2958,Amanda Gibson,igraham@yahoo.com,50
2959,Denise Campbell,millerholly@hotmail.com,21
2960,Susan Hudson,vincent03@bailey.info,47
2961,Steve Hoover,mariah04@hotmail.com,64
2962,Grace Johnson,sgilbert@moses-johnson.info,31
2963,Joseph Taylor,georgejacqueline@hotmail.com,19
2964,Kelly Cortez,jjohnston@moore.com,67
2965,Colton Ramirez,ralphmurphy@lane-watts.net,37
2966,Andrea Walsh,nryan@yahoo.com,26
2967,Amanda White,simpsonkristen@pratt-patterson.biz,98
2968,Michael Palmer,randy44@russo.com,35
2969,Kimberly Rios,rle@whitehead.com,13
2970,Donna Thompson,mosleyjulie@yahoo.com,24
2971,Mary Sims,barretttyler@young.com,85
2972,Crystal Murphy,daviswilliam@ward-martin.com,68
2973,Pamela Williams,robinvincent@hotmail.com,57
2974,Katelyn Ayers,awilliams@yahoo.com,30
2975,Tammie Carter,wrobinson@butler-ramirez.biz,89
2976,Kyle Conway,bshaw@sanders.com,26
2977,Christopher Hamilton,buckleyandrew@hotmail.com,33
2978,Paula Reyes,idavis@orr.com,55
2979,David Young,kimberlyclark@harrell.com,63
2980,Crystal Wilson,dunncarlos@yahoo.com,10
2981,Laura Ward,sarahmatthews@richardson.com,63
2982,Jason Howard,gregory20@aguilar-reyes.com,39
2983,Beth Turner,david87@yahoo.com,26
2984,Christopher Kidd,mrios@yahoo.com,18
2985,Emily Page,ajenkins@yahoo.com,58
2986,Amanda Santana,tony97@hotmail.com,23
2987,Devon Serrano,tamara41@miller.org,99
2988,Stephanie Harrison,sean08@hotmail.com,47
2989,John Torres,davidmyers@yahoo.com,59
2990,Tiffany Pham,agriffith@yahoo.com,22
2991,Kevin Hood,davidkristine@wood-barker.com,81
2992,Rebecca Warner,jflores@davis-richards.com,14
2993,Anthony Henderson,teresavance@hotmail.com,54
2994,Brent Flores,nhill@hotmail.com,25
2995,Ruth Simmons,james40@bush.net,76
2996,John Nicholson MD,donaldhoward@perez-gomez.net,49
2997,Melissa Howard,jose23@carr.biz,14
2998,Jacqueline Edwards,raymond01@hotmail.com,74
2999,Cynthia Morrison,nathan45@yang.com,28
3000,Megan Johnson,omcgee@tucker.com,97
3001,James Knox,johnperez@francis-reynolds.org,94
3002,Kelly Rose,lisa28@hotmail.com,70
3003,Tracey Moore,bowenhunter@ross-chang.com,59
3004,Latoya Koch,timothy21@bean.com,27
3005,Dr. Melinda Bruce DDS,thompsonmary@roberts-berry.com,41
3006,Crystal Reynolds,markramirez@wilson-holland.com,57
3007,Laurie Schmidt,espinozathomas@yahoo.com,17
3008,Douglas Sullivan,farnold@hotmail.com,77
3009,Bianca Allen,lindarice@yahoo.com,38
3010,Brian Powers,katherinelopez@gmail.com,21
3011,Albert Cox,jessicaduke@shepherd-thompson.info,26
3012,Kimberly Tyler,uknox@greer-miller.net,37
3013,Anne Jones,maustin@hotmail.com,99
3014,Jamie Johnson,kellygonzalez@miller.com,71
3015,Judy Wilson,zmiller@stout.com,86
3016,Daniel Kennedy,ggarcia@cardenas.com,60
3017,Lisa Wolfe,bryanpope@yahoo.com,96
3018,Jennifer Arroyo,rachelwhite@yahoo.com,57
3019,Lisa Nelson,zthomas@yahoo.com,93
3020,Colleen Mathews,tmcdaniel@acosta-marshall.com,38
3021,Elizabeth Walls,kwebb@berry-mccall.net,79
3022,Kevin Murray,andrewrose@woods-harris.info,12
3023,Kendra Arias,tracisanders@webb-henderson.biz,94
3024,Mark Reeves,yadams@jimenez.info,36
3025,James Clark,dennis11@mullen.info,65
3026,Jill Preston,xmartin@smith.com,29
3027,Brian Freeman,cummingsdenise@gmail.com,69
3028,Melissa Poole,schaeferdaniel@hooper.com,85
3029,James Escobar,kingtimothy@hughes-francis.com,76
3030,Beverly Campbell,jacobsadam@hotmail.com,12
3031,Jill Parker,michelleaustin@yahoo.com,23
3032,Jeffrey Mendoza,wyattanthony@fuller-collins.biz,12
3033,Richard White,edward11@yahoo.com,21
3034,Richard Mitchell,thomas23@gonzalez.net,46
3035,Joann Faulkner,kchambers@gmail.com,70
3036,Alexandra Blake,colemanrebecca@gmail.com,75
3037,Cindy Davis,kburns@yahoo.com,78
3038,Matthew Sullivan,wyattbenjamin@gmail.com,14
3039,Ashlee Patterson,fhall@madden.biz,94
3040,Elizabeth Jones,hramos@graham.com,51
3041,Christopher Espinoza,kimberly35@reed-palmer.info,79
3042,Jennifer Christian,efox@rosales-lee.com,74
3043,Travis Parker Jr.,rsanchez@gmail.com,95
3044,Madison Valdez,jamesgarrison@yahoo.com,41
3045,Jennifer Green,samanthagarcia@gmail.com,79
3046,Ryan Brooks,gbartlett@gomez-hughes.info,52
3047,Laura Sullivan,benjamin17@yahoo.com,52
3048,William Wright,fhansen@hotmail.com,51
3049,Peter Wright,normawells@hotmail.com,99
3050,Neil Jackson,asellers@gmail.com,52
3051,Robert Thompson,kathy47@gmail.com,50
3052,Michael Bennett,swilliams@king-johnson.com,89
3053,Tiffany Jones,qjohnson@horton-cook.com,86
3054,Timothy Woodard,pedro00@bishop.org,40
3055,Colton Carr,khuang@barnes.com,26
3056,Jason Hernandez,sandrajones@yahoo.com,11
3057,Lisa Alexander,wrightbrian@gmail.com,82
3058,Latoya Davis,aliciascott@hotmail.com,11
3059,Alicia Evans,elizabethpratt@porter.com,15
3060,Richard Jacobson,xharper@flores-porter.com,15
3061,Robert Hines,brian61@gmail.com,31
3062,Alyssa Pittman,jerry04@moore-wood.info,31
3063,Brittany Torres,angela82@hotmail.com,93
3064,Kent Raymond,james76@gmail.com,79
3065,Andrea Hamilton,parrishstephanie@yahoo.com,31
3066,Courtney Thomas,guzmanpreston@gray-rodriguez.org,60
3067,Jennifer Shaffer DDS,michaelrubio@carson.com,71
3068,Bethany Villarreal,youngjonathan@proctor.com,99
3069,Taylor Richardson,michaelwilliams@vaughn.com,92
3070,Christina Diaz,robertwillis@gmail.com,52
3071,Thomas Fitzgerald,johnsonchristian@hotmail.com,68
3072,Dale Sutton,norman47@buck.org,64
3073,Jacob Tapia,corey46@gmail.com,51
3074,Bonnie Sherman,pbrock@allen-merritt.com,31
3075,Ryan Oneill,melissa87@johnson-foster.com,84
3076,Kenneth Hurst,nwarner@gutierrez.biz,99
3077,Deborah Jordan,jillholt@yahoo.com,52
3078,Rodney White,monique55@carr.com,23
3079,Elizabeth Pruitt,owensmelissa@anderson.org,62
3080,Laura Phillips,davidhenderson@smith-scott.com,31
3081,Mitchell Edwards,martintodd@yahoo.com,26
3082,Dr. Christina Johnson,kenneth23@gmail.com,32
3083,Jeffrey Reynolds,dvazquez@hotmail.com,87
3084,Angela Wade,jessicasmith@stephenson.com,21
3085,Thomas Lloyd,ashley07@olson.com,62
3086,Maria Allen,flevy@mcbride.net,41
3087,Laura Riddle,allen10@flynn.com,98
3088,Michael Burton,psalas@gmail.com,19
3089,Shelby Bass,ycoleman@carrillo.net,57
3090,Brian Smith,carol37@yahoo.com,37
3091,James Harrison,veronica63@yahoo.com,90
3092,Christopher Grant,staceyharris@yahoo.com,50
3093,Anne Vaughn,awhite@hotmail.com,60
3094,Stacy Brown,frenchwilliam@johnson-rodriguez.biz,10
3095,Corey Gay,hernandezalvin@goodman-brandt.com,84
3096,Joan Juarez,anthonydunlap@hotmail.com,20
3097,Andrew Dodson,hsimmons@ramirez.com,11
3098,Frank House,phamtanya@arnold-santos.biz,14
3099,Marilyn Burgess,christophersullivan@moore.biz,65
3100,Judy Barr,umoody@vaughan.com,53
3101,Kristy Hensley,pamelaoneill@lee.net,76
3102,Diane Gates,laura41@hotmail.com,52
3103,Kelsey Brown,michaelgardner@thomas.com,76
3104,Albert Meadows,kevinortiz@cuevas.org,24
3105,Angela Castillo,marcus37@robbins-barnes.net,81
3106,Anna Wolf,mikayla25@abbott.com,33
3107,Abigail Jackson,paul62@gmail.com,35
3108,Ashley Blake,lydia64@yahoo.com,93
3109,James Faulkner,eric47@johnson-cole.com,97
3110,Dr. Sylvia Butler,joshua30@yahoo.com,22
3111,Brandon Jackson,mary80@yahoo.com,74
3112,Megan Norman,emily80@yahoo.com,96
3113,Manuel Stevens,matthew93@hotmail.com,58
3114,Andrew Lopez,blake44@davis.info,73
3115,Felicia Bowman,hamiltoncarrie@daniels.com,50
3116,Dennis Taylor,wthomas@hanson.com,34
3117,Stephanie Le,laurenparker@gmail.com,89
3118,Brian Moore,vwatson@baker.com,58
3119,Jasmine Kirby MD,anthony27@hotmail.com,30
3120,Tiffany Watson,ericgardner@gmail.com,55
3121,Taylor Cook,trevorwells@gmail.com,69
3122,Derek Ho,aprilhuffman@murray.biz,30
3123,Kenneth Leon,smithjason@yahoo.com,93
3124,John Curtis,qward@gmail.com,66
3125,Rachel Evans,sandragood@smith.org,12
3126,Brenda Melendez,philippowell@bishop.net,92
3127,Jeffery Lawrence,qvillarreal@cardenas.net,96
3128,Theresa Massey,johnsoncarl@yahoo.com,76
3129,Dr. Michael Robinson DDS,davidsonkevin@yahoo.com,27
3130,Wayne Torres,matthewslarry@hoffman-thompson.com,47
3131,William Garcia,sarah64@gmail.com,54
3132,Emily Webb,xrobinson@richards-guzman.info,21
3133,Jesse Alexander,allenlatasha@gmail.com,11
3134,Tara Taylor,allenmichael@gmail.com,48
3135,Susan Summers,jonesstacey@hotmail.com,44
3136,Richard Gardner,gabriel48@freeman-olson.com,40
3137,Jane Brooks,markklein@gmail.com,82
3138,Stephen Benson,colemolly@watson-meyer.com,45
3139,Billy Taylor,huntersanders@yahoo.com,82
3140,Glenda Wilson,hansonkristin@wilson-fuentes.com,39
3141,Jennifer Robertson,hbarrera@yahoo.com,41
3142,Ryan Johnson,omendoza@yahoo.com,40
3143,Sarah White,scott71@bauer.net,95
3144,Sarah Nichols,anthony17@klein-klein.com,90
3145,Martin Long,andrewhowell@yahoo.com,84
3146,Jeffrey Knight,drodriguez@sanchez.com,22
3147,Jeffery Miller,garciamichael@williams.net,67
3148,Jonathan Martinez,sara40@hotmail.com,79
3149,Carol Bryan,ymckenzie@hotmail.com,74
3150,Lauren Garza,austincortez@hamilton.com,46
3151,Lisa Mueller,nicholaschambers@roberts-ortega.org,77
3152,Nancy Drake,nicole29@hotmail.com,86
3153,Mr. Roger Wilson DDS,christopher62@chavez-holt.com,99
3154,Shelby Sims,erichoffman@gmail.com,18
3155,Janet Gutierrez,rdonovan@gmail.com,91
3156,Patrick Gibson,donald45@martinez.com,75
3157,Derrick Lopez,umorales@gmail.com,38
3158,Jason Forbes,christymorales@gmail.com,77
3159,Brett Morales,ccombs@hotmail.com,31
3160,Nicole Silva,pedrojohnson@jones.net,82
3161,Rebekah Fernandez,lisalin@yahoo.com,78
3162,Christopher Williams,ogaines@matthews.info,86
3163,Lynn Campbell,joy27@mendez.net,47
3164,John Kennedy,jmurphy@novak.com,15
3165,Jill Mahoney,stevendavis@yahoo.com,77
3166,Daniel Park,cynthiadonaldson@hotmail.com,30
3167,Edward Ferguson,lisarodriguez@cooper-cervantes.biz,57
3168,James Wilson,carrie44@yahoo.com,40
3169,Brandon Peterson,gonzalezkendra@cervantes.com,53
3170,David Montes,qgreen@rodriguez.net,78
3171,Gloria Smith,robert49@gmail.com,32
3172,Aaron Wilson,deborahsmith@hotmail.com,66
3173,Adriana Johnson DDS,holmesdavid@hall.biz,26
3174,Michele Peters,cindy01@hotmail.com,43
3175,Elizabeth Raymond,erikaalexander@white-smith.info,92
3176,Rachel Ferguson,tylercarol@hotmail.com,32
3177,Brett French,rachelharding@anderson.net,56
3178,Sarah Luna,larrysmith@yahoo.com,35
3179,Kevin Rice,brenda31@gmail.com,19
3180,William Little,joemaddox@fitzpatrick.org,46
3181,Stacy Johnson,castillokatherine@miller-ortiz.com,59
3182,Melanie Murphy,myersjane@gmail.com,92
3183,Dana Ortiz,tthompson@hotmail.com,13
3184,Denise White,daniel69@yahoo.com,66
3185,Michael Mathews,bennettlori@white-woods.com,39
3186,Fred Ritter,daniellerowe@fox.com,98
3187,Chad Wheeler,joshuacolon@gmail.com,38
3188,Nicholas Salazar,danielpowers@goodman.net,69
3189,Joseph Kennedy,rkramer@williams-johnson.com,40
3190,Marie Pitts,jeffrey16@patterson-day.com,68
3191,Mr. John Barrett,hurleysara@villegas.com,54
3192,Annette Chandler,williamevans@jordan-lopez.com,36
3193,Malik Stephens,haletheresa@gmail.com,32
3194,Mark Wright,jacquelinegonzalez@ross.com,70
3195,Cynthia Beck,vanessa80@valencia.com,99
3196,Curtis Turner,csims@gmail.com,35
3197,Anthony Villanueva,lori37@hotmail.com,32
3198,Angela Ayala,matthew34@yahoo.com,44
3199,Jennifer Mason,ecoleman@hotmail.com,53
3200,Laura Smith,vaughnrobert@chang-allen.com,25
3201,Bruce White,ddavis@daniels.com,17
3202,Tracey Ross,abigail57@nelson.com,10
3203,Allison Rodriguez,juanmarks@rose.net,64
3204,Ms. Jo Myers,ericatorres@mata-hernandez.net,79
3205,Kristin Jackson,gclark@yahoo.com,54
3206,Jonathan Anthony,hcruz@yahoo.com,33
3207,Jamie Hardin,william41@yahoo.com,48
3208,Cole Daniels,kelsey63@cole.com,75
3209,Jesse Nicholson,seththompson@hotmail.com,66
3210,Patrick James,hernandezalicia@mcgee.com,94
3211,Angela Baker,shannonrodriguez@yahoo.com,75
3212,Michael Quinn,cookdanielle@harris.com,21
3213,Robert Jones,shanewilson@hotmail.com,78
3214,Donald Vargas,erinwagner@mullen.com,92
3215,Nicholas Garcia,greenmichael@gmail.com,14
3216,Christopher Valdez,williamsmatthew@pham-jones.com,14
3217,Brandon Murray,gwendolynflores@marshall.net,99
3218,Elizabeth Rice,cassidy88@hull-moore.com,75
3219,Danielle Cobb,amybaker@yahoo.com,23
3220,Samantha Parks,kevinfuentes@bullock.com,10
3221,Cindy Smith,tammyrobinson@hotmail.com,47
3222,Michael Gill,blackthomas@shepard.com,96
3223,Lisa Turner,andersenalan@gmail.com,34
3224,Angela Haas,elee@aguilar.biz,58
3225,Melanie Morris,jacqueline83@hotmail.com,32
3226,Andrew Key,jcox@yahoo.com,92
3227,Michelle Johnson,ymarsh@gmail.com,12
3228,Misty Williams,smithveronica@lynch.biz,66
3229,Keith Harris,johnlee@brown-hall.biz,28
3230,Jonathan Williams,tammynixon@yahoo.com,11
3231,Kimberly Deleon,swilkins@smith-owen.org,93
3232,Suzanne Zuniga,camachobradley@hotmail.com,21
3233,Brian Moore,halljames@hotmail.com,14
3234,Ronald Bailey,amber16@yahoo.com,37
3235,Karen Lewis,hcollins@leach.com,93
3236,Michele Williams,dianepugh@boone-small.org,80
3237,Gregory Sparks,randy97@kidd-rogers.com,74
3238,David Murray,lsmith@hotmail.com,91
3239,Nancy Jones,hudsonolivia@wilson-franklin.com,54
3240,Samantha Rogers,margaret95@yahoo.com,58
3241,Kimberly Galvan,sandra75@oneal.biz,80
3242,Mrs. Debra Edwards,daniellemay@yahoo.com,44
3243,Douglas Roberts,tsims@schneider-johnson.com,24
3244,Stephanie Craig,sharontaylor@hotmail.com,83
3245,Eric Wallace,davidbarr@decker.info,28
3246,Mr. Chris Whitaker,deanna11@yahoo.com,66
3247,Juan Jones,katherinenavarro@black-burke.org,45
3248,Lacey Ortega,helen92@yahoo.com,45
3249,Ryan Wright,bankschristopher@gmail.com,71
3250,Anne Herring,zimmermanjason@yahoo.com,96
3251,Glenn Hall,xandrade@hotmail.com,47
3252,Pamela Ross,ucarlson@mathis-adams.com,26
3253,Charles Thomas,hansensean@gmail.com,82
3254,Laura Singleton,ruth74@beltran.com,60
3255,Ryan Ellis,jamesmarshall@schroeder.info,24
3256,Vanessa Knapp,travis65@mclaughlin.org,91
3257,Kimberly Jackson,yadams@yahoo.com,31
3258,Maria Schaefer,tracy82@hotmail.com,26
3259,John Stevens,brandoncollier@chavez.net,55
3260,Victoria Brown,morrisjonathan@compton.net,93
3261,Jesse Scott,mosleyhenry@yahoo.com,52
3262,Nicole Pacheco,lynn45@douglas.com,98
3263,Walter Jordan,stephanie03@collins.com,48
3264,Ashlee Mitchell,kathyelliott@johnson-ryan.com,22
3265,Gregory Wilson,kathrynmendez@gmail.com,69
3266,John Burnett,robert50@gmail.com,72
3267,Garrett Johnson,christophertate@leonard.net,34
3268,Katherine Little,sthompson@bowen.net,52
3269,Preston Williams,oscargill@yahoo.com,48
3270,George Wise,veronica97@wagner-miles.info,88
3271,Emma Deleon,kramirez@coleman-cox.com,99
3272,Beth Gonzalez,munozbelinda@gmail.com,23
3273,Mrs. Bethany Hughes MD,gpeck@gmail.com,16
3274,Charles Cuevas,christopherreyes@carroll.com,89
3275,Luke Lambert,kelsey54@alvarado.net,29
3276,Michael Carter,hendersonbrandon@yahoo.com,79
3277,Jessica Robinson,hshort@taylor.net,35
3278,Carlos Moore,ryan70@morris.com,78
3279,Jason Harris,garnerdavid@martinez.info,97
3280,Erica Hart,moorejames@hotmail.com,58
3281,Eduardo Benitez,nclark@gmail.com,75
3282,Tyler Gillespie,emilyarmstrong@hernandez.org,66
3283,Kenneth Bradley,heatheranderson@douglas-allen.com,21
3284,Emily Gill,maddenjoyce@hotmail.com,75
3285,Brent Lopez,qalvarez@jacobs.com,36
3286,Christopher Olson,markreese@howe-mayer.com,15
3287,Craig Roberts,joshuablake@bass.com,40
3288,Francis Holt,ritasingh@goodman.com,89
3289,Regina Underwood,arichards@yahoo.com,49
3290,Malik Jordan,daniel36@hotmail.com,59
3291,Andrew Cox,kyletaylor@calderon-carpenter.com,57
3292,Christopher Smith,bushjimmy@kerr.net,89
3293,Michael Jones,bondmary@morrison.net,60
3294,Heather Brown,richard58@gmail.com,99
3295,Morgan Miller,donald78@cooley.com,70
3296,Amy Cooper,douglasstephen@lin-valentine.net,44
3297,Ryan Thompson,ryanburke@butler.org,14
3298,Collin Green,kristen43@gilbert.com,10
3299,Preston Smith,combsclifford@yahoo.com,79
3300,Mr. Christopher Dyer PhD,crystalroberson@waller.org,38
3301,Michael Davila,jillsnow@lara.biz,80
3302,Andrea Cruz,isavage@benson-lang.com,94
3303,Carrie Cole,samuel27@bennett.info,33
3304,Jamie Moreno,vstewart@christensen.com,64
3305,Ellen Friedman,jordanmelton@wright.com,12
3306,Zachary Curtis,diane05@gmail.com,56
3307,Christie Chapman,laurenfisher@williams.com,83
3308,Bryan Fitzgerald,lbaker@lloyd.com,98
3309,Matthew Martin,charlescarter@gmail.com,63
3310,Jennifer Ingram,kenneth07@gmail.com,93
3311,Richard Sheppard,dianaweaver@gmail.com,37
3312,Nathan Rhodes,susan87@church-dunn.org,30
3313,Alison Villegas,wanda92@gmail.com,14
3314,Teresa Moore,joshuagarcia@gmail.com,21
3315,Lisa Rogers,shale@freeman-martinez.com,84
3316,Debra Newman,jonathan80@cisneros.net,51
3317,Denise Alexander,rhoffman@gmail.com,46
3318,Patricia Roberts,donna66@yahoo.com,99
3319,Matthew Sanchez,michaelbrown@yahoo.com,42
3320,Wayne Jones,laurataylor@hotmail.com,23
3321,Barbara Hawkins,pcole@gmail.com,85
3322,Andrea Petersen,garciadesiree@fleming.org,89
3323,James Cox,hbridges@yahoo.com,60
3324,Ryan Matthews,joannamcguire@joseph-brown.net,16
3325,Cynthia Harrison,denise71@porter.org,32
3326,Kaitlyn Ramirez,randallwhite@hotmail.com,19
3327,Jody Lang,kristin22@gmail.com,82
3328,Bridget Diaz,jason86@yahoo.com,76
3329,Danielle Romero,dorothymcneil@yahoo.com,99
3330,Crystal Snyder,xmartin@gmail.com,94
3331,Katherine Sims,nancywang@hernandez.com,47
3332,Scott Miller,xvargas@cole-torres.com,68
3333,Joshua Brown,travis14@gmail.com,73
3334,Ryan Hooper,ghood@gmail.com,28
3335,Timothy Barnett,isaac06@chang-mooney.biz,49
3336,Robert Chung,garciawanda@yahoo.com,91
3337,Kimberly Robles,reyesjermaine@cain.com,65
3338,Robert Barry,laurenyoung@carpenter.com,65
3339,Chad Alvarado,pclark@johnson-brown.com,64
3340,Kristina Hall DDS,andrew06@cordova.org,84
3341,Angelica Johnson,ahogan@roberts.com,94
3342,Travis Parker,jrice@hall.info,65
3343,Jillian Mcpherson,kmcguire@hotmail.com,99
3344,Sarah Brown,william04@gmail.com,88
3345,Angela Taylor,dwhite@massey.com,91
3346,Thomas Hines,brittany23@gmail.com,92
3347,Jacob Figueroa,catherinecarney@hotmail.com,75
3348,Jorge Clark,bradleycampbell@mitchell-schultz.com,20
3349,Michael Bates,emily77@gmail.com,27
3350,Amy May,rochaantonio@yahoo.com,56
3351,Joshua Roberts,cwatkins@yahoo.com,28
3352,Teresa Kelley,qjackson@estrada.com,27
3353,Cynthia Wall,kgarcia@gmail.com,63
3354,Anthony Jefferson,clairegallagher@hotmail.com,29
3355,Elizabeth Navarro,oclark@brown.com,33
3356,Kenneth Wong,richardsonjulia@hotmail.com,83
3357,Michelle Carter,erika23@horton.info,57
3358,Kevin Ellis,alisonmcguire@wolf.com,23
3359,Heather King,cartermelissa@skinner.org,49
3360,Timothy Wilson,millerjill@mcmillan.net,75
3361,Clarence Roberson,aritter@green-vargas.com,64
3362,Dr. Robert Kline,mary30@gmail.com,45
3363,Robert Lopez,benjamin41@hotmail.com,54
3364,Marilyn Hayes,caitlin49@gmail.com,31
3365,Alison Johnson,jacquelineferguson@yahoo.com,52
3366,Ashley Colon,williamsjessica@ferguson.com,33
3367,Scott Smith,sharonchoi@yahoo.com,73
3368,Cindy Hull,fgonzales@gonzalez.net,35
3369,Deborah Stephens,juliapowell@bradley-allen.com,40
3370,Joshua Fitzgerald,xavier51@gibbs-clark.com,53
3371,Michael Walters,myerschristine@brown.org,77
3372,Ronald Delgado DVM,ryanodom@rodriguez-roach.com,77
3373,Angela Orozco,fharrison@gmail.com,83
3374,Melissa Lewis,lisa32@hotmail.com,33
3375,Mrs. Stephanie Cabrera,martincharles@gmail.com,52
3376,Richard Clay,robertbradley@gmail.com,69
3377,Morgan Jordan,williamsdawn@gmail.com,18
3378,John Mills,colefelicia@foster.com,99
3379,Kelly Harding,xlowe@garcia.info,56
3380,Brent Freeman,ianderson@horn.org,32
3381,Marc Lowery,rosedonald@henson-erickson.com,16
3382,April Jones,johnsonlisa@yahoo.com,81
3383,Joshua Potter,stephanie29@yahoo.com,98
3384,Kimberly Martinez,steven52@hotmail.com,45
3385,Rachel Brandt,harrisjacob@hotmail.com,66
3386,Holly Payne,aramirez@hotmail.com,49
3387,Manuel Taylor,joseph49@yahoo.com,59
3388,Troy Castillo,kimsteven@gmail.com,65
3389,Monica Tucker,mtaylor@gmail.com,95
3390,Kevin Patel,heather50@hotmail.com,39
3391,Daniel Robertson,jonathanbrown@meza.biz,16
3392,Kim Holmes,krausebrenda@yahoo.com,38
3393,Jonathan Johnson,stewartbrian@glass.com,86
3394,Shannon Chung,josephvega@webb-smith.com,73
3395,Henry King,sarah90@martinez.biz,21
3396,Ernest Fowler,jamesjohn@anderson-gonzalez.biz,95
3397,Jonathan Burgess,johnsonkimberly@gmail.com,94
3398,Thomas Palmer,melissamorales@jackson.com,43
3399,Kevin White,ryanparker@williams.info,55
3400,Caitlin Sparks,colinsanchez@beck.info,57
3401,Lisa Olson,acrane@watts.com,74
3402,Amy Leon,grahamanne@gmail.com,40
3403,Rodney Hawkins,kellerteresa@yahoo.com,20
3404,Nicole Nunez,hartmanconnie@mcdaniel-marks.biz,60
3405,Lucas Murphy,mhudson@blevins.org,95
3406,Kelsey Rodriguez,hannahthomas@yahoo.com,66
3407,John Perkins,amyhernandez@friedman.com,97
3408,Caroline Smith MD,mackstephen@yahoo.com,71
3409,Stephanie Hammond,danielgeorge@adams.net,58
3410,Angela Smith,qshannon@peterson.com,15
3411,Joel Price,juan50@yahoo.com,33
3412,Dean Hensley,thompsoncynthia@yahoo.com,57
3413,Nicole Peters,stricklandandrew@mays.com,28
3414,Stephanie Johnson,michaelmitchell@hotmail.com,91
3415,Michelle Hill,michaelhays@hotmail.com,18
3416,Teresa Smith,qduffy@williams.com,22
3417,Craig Abbott,stewartmelissa@gibbs.com,84
3418,Brenda Maldonado,jessecook@hotmail.com,99
3419,Juan Murray,cdodson@gmail.com,85
3420,Ryan Parker,justinbarnes@yahoo.com,37
3421,Larry James,nataliedavila@hotmail.com,64
3422,Dennis Davis,william57@yahoo.com,42
3423,Peggy Alvarez,peterpittman@rush.com,11
3424,Robert Osborne,davidsmith@lee-harris.com,13
3425,Lisa Stone MD,dariusacevedo@gmail.com,29
3426,David Cook,amanda95@yahoo.com,57
3427,Nicole Nicholson,robert09@yahoo.com,64
3428,Michael King MD,matthew31@white.biz,10
3429,Ronnie Compton,zcook@hoffman.org,44
3430,Danielle Macdonald,agibson@hartman.com,22
3431,Rachel Lowe,maysbrian@hickman.org,27
3432,Dr. Richard Meyer,jennifer93@nguyen-edwards.com,74
3433,Keith Williamson,johnsonryan@hotmail.com,77
3434,John Ramirez,srobinson@hotmail.com,65
3435,Katherine Roberts,millereric@wang.net,21
3436,Blake Johnston,ericksoncourtney@gmail.com,61
3437,Christopher Hamilton,rossmartinez@burke.com,57
3438,Peter Moore,uwise@hotmail.com,27
3439,Nicole Dean,christineholmes@murphy-riley.org,90
3440,Cristina Galloway,thomas03@gmail.com,41
3441,Louis Barrera,thomaswilliams@white.net,97
3442,Kenneth West,ingramjohn@hotmail.com,37
3443,Amber Travis,melissa13@king.com,70
3444,Keith Austin,garciajohn@flynn.com,48
3445,Katie George,herreracourtney@yahoo.com,45
3446,Mr. Charles Logan,aaron12@hotmail.com,50
3447,Edwin Mclaughlin,liumicheal@hotmail.com,91
3448,Shannon Pierce,david71@yahoo.com,80
3449,Dawn Stevenson,ramosdiane@yahoo.com,45
3450,Joshua Cabrera,ariel80@gmail.com,13
3451,Richard Becker,bsoto@williams-chan.com,17
3452,Ann Rivera,amy20@hammond.com,45
3453,Anthony Perez,colton18@hotmail.com,75
3454,Eric Torres,thomas45@gmail.com,88
3455,Jodi Garcia,brian57@hotmail.com,69
3456,Eric Baker,jgray@duran.net,25
3457,Mark Martin,melanie72@jefferson-turner.info,92
3458,Charles Carroll III,lopezcarmen@wood.biz,50
3459,Daniel Burton,gball@yahoo.com,67
3460,Jade Lewis,goodmanalexander@hotmail.com,20
3461,Roberto Owens,ortegarachel@gmail.com,68
3462,Laurie Kim,qpatterson@fletcher.com,97
3463,Holly Lee,fbryant@hughes.biz,98
3464,Tammy Munoz,schwartztracy@charles-jackson.com,55
3465,Gregg Evans,paige51@barker.net,83
3466,Angela Brooks,rharris@golden.net,49
3467,Cory Roth,christopherkennedy@yahoo.com,93
3468,Samantha Holloway,zcoleman@hotmail.com,44
3469,Tonya Bowman,william72@mcmahon.org,12
3470,Evelyn Martin,burtonmatthew@thomas.net,89
3471,Laura Howell,brianna21@parks.com,21
3472,Briana Watson,whitakerrobert@yu.com,87
3473,Mary Powell,hallen@mitchell.com,37
3474,Roger Roberson,austin48@garcia-nguyen.com,31
3475,Connie Melton,scottroberson@gmail.com,62
3476,Bridget Buchanan,doughertykathryn@rodriguez.com,50
3477,Samantha Peterson,iryan@yahoo.com,59
3478,Jeffrey Williams,pamelafloyd@young.org,62
3479,Bradley Garcia,billyfitzgerald@yahoo.com,32
3480,Hayley Owens,bryantsarah@stephens.org,67
3481,Alison Hogan,ykim@lopez.com,40
3482,Scott Fernandez,kevinmyers@yahoo.com,65
3483,Sheri Gardner,davidmarshall@gmail.com,70
3484,Joshua Gardner,matthew56@gmail.com,90
3485,Brittney Richards,alvarezsheila@williams.info,83
3486,Fernando Franco,andreajackson@gmail.com,58
3487,Jasmine Miranda,udyer@yahoo.com,59
3488,David Adams,hartsteven@gmail.com,73
3489,Travis Weaver,osalazar@ray.com,61
3490,Laura Ware,alison13@martin.net,57
3491,Phillip Mosley,donna88@holland.com,36
3492,Joshua Shepard,davidmorris@blair-thompson.com,76
3493,Amber Porter,cynthiahughes@petty.net,70
3494,Maurice Williams,davismatthew@jackson-oconnor.com,58
3495,Mary Clay,duartelaura@gmail.com,30
3496,Eric Hernandez,smithscott@hotmail.com,93
3497,Ricky Fuller,erica57@perez.com,19
3498,Justin Palmer,gonzalezdavid@adams-davis.biz,36
3499,Lisa Green,fletchermadison@golden.net,60
3500,Pamela Rodriguez,ocruz@mckenzie-campbell.com,85
3501,Lindsey Russell,bphillips@gmail.com,47
3502,James Moore,stephaniekoch@oneal.com,52
3503,Selena Anderson,veronicaparsons@adkins-galvan.biz,90
3504,Samantha Morales,jason75@jackson.com,66
3505,Kelly Smith,usmith@yahoo.com,24
3506,Beverly Dunn,michael59@martin.biz,76
3507,Marcus Henderson,robertmiller@hotmail.com,92
3508,Joshua Hahn,cindy44@hotmail.com,70
3509,James Miller,william04@savage-fischer.org,96
3510,Mark Rodriguez,kboone@carter-little.com,57
3511,Paul Knight,ptaylor@rogers-watkins.com,46
3512,Megan Poole,nunezjohn@nelson.org,83
3513,Timothy Vega,laurenwashington@jones-silva.com,25
3514,Andre Carter,alexandra00@thompson-guzman.com,11
3515,Laura Charles,danielwiggins@hotmail.com,44
3516,Michelle Miller,xbrewer@hotmail.com,68
3517,Lisa Wilson,simpsonkevin@gmail.com,69
3518,Christopher Travis,rbrooks@ritter.net,70
3519,Vanessa Malone,terrytanner@clark-soto.net,32
3520,Blake Blackburn,williamjones@yahoo.com,57
3521,David Jordan,clarkdarlene@parks.biz,20
3522,John Cole,moyerdavid@gmail.com,71
3523,Jay Stewart II,powersleslie@combs.info,82
3524,Michael Smith,jenna90@stewart.net,44
3525,Jessica Delacruz,butleredwin@gmail.com,66
3526,Nicole Montoya,kevinwood@williams.com,57
3527,Susan Williams,marktorres@hotmail.com,24
3528,Randy Ferguson,davisdouglas@yahoo.com,81
3529,Melissa Owens,jonesrobert@thompson-lowe.com,67
3530,Natasha Johnson,zstevens@hotmail.com,90
3531,Melinda Nguyen,ppetty@murphy-cain.com,98
3532,Ronald Pierce,margaretlane@gmail.com,65
3533,David Herman,jacoblambert@cook.com,50
3534,Brandy Flores,jmoreno@gmail.com,84
3535,Blake Powell,richard86@sanchez-taylor.com,20
3536,Russell Campbell,rsmith@gmail.com,87
3537,James Jones,robert20@kim.org,51
3538,Dr. Kyle Durham,jeffwilson@gmail.com,34
3539,Victoria Harris,jack50@gmail.com,35
3540,Mr. Rodney Harris,wallsrobert@yahoo.com,57
3541,Sara Fisher,bendertracy@watson.com,51
3542,Lisa Velasquez,bradley93@barber.info,39
3543,Brendan Elliott,john70@kelly-ayers.com,55
3544,Laura Warner,wilsondanny@hotmail.com,78
3545,Sandra Martinez,kevinadams@nguyen.com,28
3546,Antonio Middleton,ralpharroyo@gmail.com,63
3547,Andre Rodriguez,alan18@gregory-henry.com,98
3548,Casey Tran,lisa30@johnson.net,69
3549,Nathan Ward,bho@jenkins.com,93
3550,Caitlin Aguilar,austinjimenez@benitez.org,39
3551,Elizabeth King,torresbetty@yahoo.com,63
3552,Melissa Jones,mpeters@cruz-velasquez.com,66
3553,Melinda Taylor,nhughes@hotmail.com,84
3554,Jessica West,thomasmacdonald@mitchell.com,65
3555,Kevin Adams,edavid@salas-mata.info,41
3556,Mr. Kevin Smith,anna01@gmail.com,22
3557,Janet Reyes,darin99@ross-lee.com,24
3558,Kenneth Scott,blake98@thompson.com,52
3559,Joseph Gould,teresa96@hotmail.com,86
3560,Michael Barr,leecarl@yahoo.com,14
3561,Amanda Roberts,owenstiffany@lee-parker.com,87
3562,Amy Rios,ronaldtran@williams.com,30
3563,Thomas Riley,laura57@parker-norman.com,10
3564,Ryan Rhodes,potterpaul@james.com,87
3565,Kristine Arnold,nicholas40@gmail.com,62
3566,David Thompson,steven07@gomez.biz,88
3567,Shaun Beard,dmason@gmail.com,99
3568,Jacqueline Gallegos,acollins@eaton-aguilar.com,49
3569,Tiffany Foster,renee78@beard.com,31
3570,Jeffrey Hernandez,jeffrey11@cooper-williams.info,42
3571,Theresa Martin,owarren@gonzalez-jimenez.info,21
3572,Todd Adams,odavidson@yahoo.com,92
3573,Jimmy Allen,brandi48@taylor-hill.net,37
3574,Kimberly Atkinson,frankmegan@hotmail.com,39
3575,Dr. Erin Perez PhD,jonathanhenderson@stephens.com,52
3576,Ashley Wilson,brownluke@greene-smith.com,13
3577,Derek Williams,fking@palmer-johnson.com,51
3578,Amanda Kelly,dorseyarthur@hotmail.com,66
3579,Sean Griffin,hillwendy@gmail.com,40
3580,Angela Washington,peterweaver@arias.org,16
3581,Richard Rogers,wfrye@gmail.com,92
3582,Jonathan Moore,grahamjuan@hanson.org,60
3583,Edward Morgan,mike73@lester.info,42
3584,Daniel Thompson,pturner@adams.info,33
3585,Nicole Hensley,lawrencepatterson@duffy.com,70
3586,Joseph Nelson,alexander62@rasmussen.com,10
3587,Pamela Walsh,prodriguez@hotmail.com,41
3588,Michael Knight,donnagaines@hotmail.com,85
3589,Mr. Terry Ray Jr.,james21@hotmail.com,64
3590,Travis Jones,ysanchez@lawrence-warren.biz,94
3591,Kathryn Robinson,lori60@gmail.com,70
3592,Lisa Martinez,dwagner@hughes-hurley.biz,34
3593,Alejandro Martin,brian33@yahoo.com,57
3594,Mr. Kelly Ellis,mmiller@munoz.com,44
3595,Leonard Hall,brownbryan@campbell.info,88
3596,Alexander Porter,ybuchanan@white.com,20
3597,Chelsea Ramirez,eric26@thomas.com,66
3598,Steven Rivers,mary37@gmail.com,85
3599,Corey Berry,meganpowell@hotmail.com,68
3600,Adam Kennedy,alejandra10@gmail.com,29
3601,Ashley Powell,hamptonlisa@yahoo.com,58
3602,Robert Gibson,elliottjacob@gmail.com,29
3603,Lisa Coleman,julie67@hotmail.com,67
3604,Joseph Williams,carolynphillips@yahoo.com,26
3605,Kimberly Sloan,travisburton@torres.com,87
3606,Morgan Mercado,wherring@gmail.com,27
3607,Shaun Carlson,ggrimes@frederick-walton.com,44
3608,Mr. John Mendoza Jr.,daniel97@hotmail.com,92
3609,Tyler James,scotttonya@yahoo.com,75
3610,Anthony Shepard,greensandra@hotmail.com,81
3611,Catherine Cruz,jamestaylor@downs.com,48
3612,Leah Johnson,richardsonsusan@gmail.com,33
3613,David Harper,victoria91@hotmail.com,70
3614,Donald Mitchell,vbrock@gmail.com,93
3615,Angela Jensen,jamessnyder@hamilton.com,23
3616,Devin Phillips,nataliesingleton@gmail.com,97
3617,Elizabeth Walker,joewilson@gmail.com,76
3618,Kaitlyn Garcia,rogerparker@patton.info,87
3619,Holly Thomas,wilsonchristina@moreno.com,84
3620,Dalton Pierce,jesse71@gmail.com,97
3621,Jody Parks,gregory63@rodriguez.com,81
3622,Jessica Vasquez,mcdonaldryan@lawrence.info,45
3623,Jackie Smith,amanda95@lewis.com,84
3624,Mark Simon,lisamartinez@yahoo.com,27
3625,Connor Nelson,richard59@young.com,76
3626,Kristine Harrison,keyjoshua@yahoo.com,95
3627,Cory Sanders,martinbradley@cox.biz,53
3628,Victoria Parker,jameshouston@yahoo.com,97
3629,Jake Lopez,danasoto@george-rogers.com,73
3630,Jennifer Johnson,allisoncox@cuevas.com,48
3631,Eric Bennett,rachelsimmons@graham.org,40
3632,Angela Gray,pmorgan@pollard.info,33
3633,Stephanie West,nortonaaron@reed.com,52
3634,Erin Kirk,carolyncooper@gmail.com,50
3635,Sharon Brown,ejohnson@miller-bond.com,11
3636,Andrew Johnson,ykane@cannon.com,56
3637,Philip Cummings,frankwheeler@rose.com,57
3638,Patricia Jimenez,ojacobs@yahoo.com,38
3639,Kendra Wilson,debra40@bradley.biz,20
3640,Margaret Davis,cindybecker@hotmail.com,15
3641,Troy Davis,breanna29@gomez.com,48
3642,Emily Long,tdavis@yahoo.com,76
3643,Joseph Rangel,bennettcheyenne@yahoo.com,57
3644,Laura Booth,richardaguirre@yahoo.com,30
3645,Jacob Tran,kempanthony@hotmail.com,60
3646,Lisa French,robinhuynh@gmail.com,56
3647,Emily Spencer,rachelhayes@kelly.net,56
3648,Jessica Jarvis,donald94@morales.info,25
3649,Rebecca Porter,rebecca92@jackson.com,52
3650,Christopher Ray MD,wflores@parsons.org,32
3651,Allison James,clayton96@yahoo.com,87
3652,Damon Ryan,martin45@wilkins.com,41
3653,Taylor Brooks,tsmith@thomas.com,66
3654,Bradley Chan,tsingh@hotmail.com,19
3655,Michelle Riley,hcox@yahoo.com,53
3656,Jacqueline Bush,taylorjanet@hubbard.com,87
3657,Jessica Smith,krivera@yahoo.com,93
3658,Ronald Williams,zcarr@jones.org,45
3659,Brittany Marquez,bradfordchristopher@rocha-delacruz.biz,66
3660,Victor Werner,hilllisa@brown-banks.com,81
3661,Joshua Harris,denisemartin@riley.info,83
3662,Brittany Cook,psharp@jones-cohen.org,75
3663,Dustin Nguyen,emills@lang-foster.biz,99
3664,Kevin Patel,cruzjeanette@flores-kennedy.info,81
3665,Todd Hansen,ralphparker@santana.com,23
3666,Jesus Turner,josetaylor@gmail.com,22
3667,Mrs. Jennifer Kent,brandonphillips@cruz.com,96
3668,Pamela Young,patricia01@hotmail.com,50
3669,Brian Elliott,hgarcia@gmail.com,50
3670,Jordan Campbell,vdunn@lee.info,30
3671,Michael Ray,larseneric@hotmail.com,33
3672,Julie Mendez,xrodriguez@rodriguez.com,51
3673,Desiree Kelley,whitematthew@yahoo.com,68
3674,Christopher White,idouglas@yahoo.com,91
3675,Eric Lee,brookesnyder@stein-smith.com,34
3676,Thomas Jones,onelson@gmail.com,88
3677,Nicholas Welch,richmondcharles@callahan.com,60
3678,Kelsey Patel,shannon30@johnson-thomas.net,12
3679,Joseph Holmes,iterry@yahoo.com,83
3680,Richard Price DDS,aknox@yahoo.com,84
3681,Gabriella Flores,samuelswanson@yahoo.com,18
3682,Jerry Perez PhD,krodriguez@hotmail.com,10
3683,Ronnie Anderson,ctucker@gmail.com,23
3684,Benjamin Mitchell,hardylisa@hotmail.com,59
3685,Daisy Hill,nharrison@russell-chambers.com,50
3686,Jessica Phillips,awarren@brooks.com,65
3687,James Johnson,stephen67@yahoo.com,50
3688,Jessica Huang,matthew20@brown-ware.org,57
3689,Francis Conrad,justincarlson@gmail.com,43
3690,Austin Lynch,butlerangela@hotmail.com,79
3691,Joseph Lara,vyang@gmail.com,20
3692,Robin Simpson,barrettwilliam@yahoo.com,28
3693,Maria Martinez,fieldssharon@wood.com,35
3694,David Kaufman,daniellenguyen@herrera.com,69
3695,Timothy Ballard,christopher82@herring.org,28
3696,Daniel Moore,srodriguez@bauer-beck.biz,87
3697,Katherine Salazar,tamarapowell@costa.org,24
3698,Zachary Morris,nancy80@hamilton.com,62
3699,Michelle Ramirez DVM,hessdanielle@murray.com,67
3700,Ashley Brown,vruiz@gmail.com,91
3701,Jody Mejia,heatherhughes@johnson.biz,38
3702,Elizabeth Moran,kayla98@aguilar.com,97
3703,Charles Newman,sarah36@anderson.com,44
3704,Jonathan Brown,christopher77@black.com,93
3705,Elizabeth Hess,jorge63@yahoo.com,58
3706,Angela Ruiz,brandonandrews@powell.com,61
3707,Brian Cook,williambullock@fowler-acevedo.com,74
3708,Mr. Paul Romero,angela39@yahoo.com,67
3709,Christopher Huang,torresjason@hotmail.com,29
3710,Damon Walker,kristasmith@obrien-mata.com,44
3711,Abigail Beck,brittneyflores@long.net,29
3712,Robert Vargas,jacobsstephanie@ruiz.net,36
3713,Thomas Hardy,michael38@hotmail.com,15
3714,Jade Andrews,dixonkevin@richardson.com,45
3715,Michael Welch,sanchezamy@yahoo.com,35
3716,Colton Clark,kathy33@hotmail.com,75
3717,Patricia Roberts,brett78@richardson-duran.net,49
3718,Heather Orozco,benjaminromero@watkins.com,28
3719,Samantha Barnes,joannewu@watson.com,78
3720,Mr. Nicholas Jones Jr.,evanselizabeth@marshall.org,36
3721,Charles Taylor,tingram@hotmail.com,87
3722,Robert Frye Jr.,cstrong@montgomery.com,73
3723,Tracie West,oespinoza@deleon-harper.com,30
3724,Charlotte Grant,tina32@hotmail.com,48
3725,April Joseph,fparker@dalton-vargas.com,23
3726,David Kennedy,trevorjensen@yahoo.com,80
3727,Troy Richard,deborahmack@hotmail.com,57
3728,Marisa Gutierrez,jennifer75@yahoo.com,36
3729,Anthony Snow,martinezmatthew@sanders-ramos.com,88
3730,Derrick Mendoza,nlara@miller.net,41
3731,Susan Gonzalez,richmondshelly@hotmail.com,85
3732,Nicole Robinson,lynchkyle@gmail.com,86
3733,Ariel Butler,brentmendoza@watson-guerra.com,64
3734,Daniel Williams,rogerskelly@hotmail.com,38
3735,Michael Wagner,wlam@mccullough-roberts.com,88
3736,Thomas Friedman,april12@kirk.com,10
3737,Mrs. Mary Gonzalez,gouldmatthew@hotmail.com,43
3738,Briana Herrera DDS,cody72@hotmail.com,34
3739,Marilyn Lee,stephensonsusan@gmail.com,79
3740,Calvin Miller,lauralittle@yahoo.com,63
3741,Joseph Rose,mullinsgabriel@yahoo.com,89
3742,Jason Stewart,herringbrian@perry.com,74
3743,Shannon Thompson,lozanothomas@hotmail.com,82
3744,Jonathan Torres,mitchellandrea@gmail.com,24
3745,Kyle Hess,benjaminlopez@hotmail.com,45
3746,Mckenzie Brown,johnsonjames@yahoo.com,30
3747,Brett Black,nalexander@contreras.com,44
3748,Margaret Zavala,danielroberts@mcbride.com,27
3749,Charles Adams,kingsheila@day-woods.com,48
3750,Colton Roth,hartkristina@gmail.com,34
3751,Carla Long,washingtonnicole@marks-smith.com,58
3752,Thomas Savage,janderson@hotmail.com,45
3753,Brittany Pacheco,royregina@contreras-rosales.info,53
3754,Lindsey Lawrence,flynnlisa@ibarra.org,44
3755,Shannon Garner,bethsuarez@rodriguez.com,71
3756,David Stout,lindseythompson@hotmail.com,69
3757,Deborah Herring,lauracoleman@yahoo.com,77
3758,Charles Hahn,walkeranthony@hotmail.com,77
3759,Mark Ramirez,dunnstephanie@barnett.info,30
3760,Kimberly Leonard,hansonwarren@gmail.com,85
3761,Yolanda Lester,sarah94@meza-gray.com,88
3762,Connie Stanton,whitakerwilliam@taylor.com,72
3763,Andrea Harrison,mooretracy@green-bender.com,40
3764,Susan Brooks,vanessa79@gmail.com,66
3765,Frank Cline,louis76@gmail.com,16
3766,Ashley Alexander,rhondawilson@kerr.com,86
3767,Meredith Pearson,scottdominguez@anderson-rojas.net,25
3768,Elizabeth Lee,david73@hotmail.com,81
3769,Karen Rodriguez,yhicks@hall-tran.com,45
3770,Edward Sanders,thomasnguyen@hotmail.com,89
3771,Ellen Donaldson,johnsonjulie@yahoo.com,76
3772,Joseph Smith,vclark@yahoo.com,83
3773,Kaylee Simpson,kevinjenkins@collins.com,20
3774,Andrew Bruce,pughsheri@gallegos.com,80
3775,Andrew Wilcox,jill01@hotmail.com,38
3776,Jason Cox,bauertamara@gmail.com,65
3777,Jesse Brown,johnsonderrick@yahoo.com,47
3778,Michael Rodriguez,laurie83@yahoo.com,61
3779,Eric Bailey,smithhannah@mcclain.com,96
3780,Michelle Walker,joshua23@hotmail.com,77
3781,Jaclyn Guzman,pford@hotmail.com,56
3782,Samuel Kelley,hectorfoster@hotmail.com,74
3783,Jeremiah Jones,sfoster@yahoo.com,70
3784,Joseph Hernandez,hrusso@hotmail.com,80
3785,Robert Torres,joseph95@french-klein.com,87
3786,James Jackson,brenda10@cunningham.com,34
3787,Joshua Lee,dsimmons@hotmail.com,55
3788,Kimberly Arnold,smithpaul@yahoo.com,19
3789,Mrs. Frances Chang,raymondmccoy@washington.com,83
3790,Mr. Eric Rodriguez MD,derrick81@becker.com,11
3791,David Greer,annettemurphy@ward-barber.biz,51
3792,James Smith,urios@yahoo.com,38
3793,Glenn Garcia,angelaolsen@davis.com,72
3794,Rebecca Snyder,campbellmarcus@gmail.com,50
3795,Cynthia Robertson,chelsea17@gmail.com,53
3796,Victoria Williams,gbarker@gmail.com,66
3797,Angela Cooper,erikcombs@yahoo.com,19
3798,Crystal White,josborn@torres.net,83
3799,Rita Rodgers,xmiller@hotmail.com,86
3800,Cameron Walker,stephanieroberts@richard.com,60
3801,Sarah Stein,littlematthew@hamilton-wu.net,62
3802,Kayla Taylor,sgomez@hotmail.com,62
3803,Pamela Kerr,rbaker@rollins.biz,47
3804,Victoria Moore,fwalton@yahoo.com,25
3805,Troy Torres,jack53@yahoo.com,61
3806,Jonathan Kline,sharon18@mclaughlin.com,89
3807,Connie Willis,nealsteven@yahoo.com,90
3808,Shawn Garcia,tbrown@hawkins-bridges.net,89
3809,Melissa Hogan,wilsoncassandra@lee.com,80
3810,Michael Smith,johnwalters@miller-krueger.com,35
3811,Marcus Mercer,brianwagner@gmail.com,19
3812,James Caldwell,mmitchell@kline.com,27
3813,Donna Cortez,marshgerald@gmail.com,75
3814,David Andrews,mburns@hotmail.com,81
3815,Charles Hernandez,phillip52@frye.com,91
3816,Zachary Delgado,brian77@gmail.com,19
3817,Brett Nguyen,nicolevaughn@brown.com,18
3818,Andrew Smith,frankpope@hotmail.com,56
3819,Tony Martinez,paulaweaver@yahoo.com,88
3820,Dana Robertson,margaret58@yahoo.com,70
3821,Russell Gray,matthewmiller@gmail.com,12
3822,Bruce Martinez,bernarddiaz@brown.info,35
3823,Melissa Wilson,danieloneal@smith.com,96
3824,Christopher Howard,frichardson@johns.org,14
3825,Lisa Rivera,wagnerpatrick@baldwin.com,62
3826,Susan Montgomery,bobbyrodriguez@mcpherson.info,24
3827,Laura Gonzalez MD,richardjones@gmail.com,41
3828,Robert Zavala,george70@thornton-lane.info,16
3829,Melvin Miles,rlopez@lewis.com,69
3830,Thomas Nolan MD,lindsay16@hotmail.com,68
3831,Brandon Chavez,reeveschelsea@yahoo.com,60
3832,Johnny Mccoy,natasha41@burns-morris.info,54
3833,Tiffany Walton,lauren41@shelton-glover.com,93
3834,Joseph Collier,rjones@waters.info,29
3835,Thomas Wright,jessica90@gmail.com,97
3836,Brian Carter,lanekelsey@gmail.com,13
3837,Stephanie Walter,conniebriggs@hotmail.com,85
3838,Kimberly Burgess,hroberts@gmail.com,38
3839,William Johnson,chambersphilip@house.com,36
3840,Evan Frye,angela32@yahoo.com,92
3841,Corey Bailey,scottjohnson@reid.com,29
3842,Erica Johnson,kathrynlong@yahoo.com,71
3843,Jason Thomas,lpatrick@gmail.com,46
3844,Christopher Fernandez,jrosales@gmail.com,50
3845,Jessica Zavala,tlogan@wolfe.net,21
3846,Michelle Frey,nataliewilson@yahoo.com,57
3847,Lisa Thomas,rreyes@yahoo.com,36
3848,Michelle Duncan,brownchristina@lawrence-harris.com,34
3849,Nicholas Bates,ezimmerman@jones.net,23
3850,John Wu,williamsmadison@robinson.com,66
3851,Patricia Smith,malonescott@petersen.com,14
3852,Megan Chang,dannysmith@gonzalez.net,40
3853,Jared Wong,montoyakristi@hotmail.com,90
3854,Heather Smith,charris@reyes.com,20
3855,Maria Larsen,hwatson@blackburn.org,62
3856,Amy Atkins,reynoldsrachel@gmail.com,31
3857,Lindsey Yoder,edward45@hotmail.com,14
3858,Michael Walter,joshuaschneider@patton-stewart.com,55
3859,Aaron Martin,jameshooper@gmail.com,54
3860,Grant Mcdonald,gboone@phillips.info,58
3861,Ebony Thompson,alvarezcharles@yahoo.com,60
3862,Carol Dunlap,jeffrey60@wilson-west.org,70
3863,Karina Joseph,jonathanhill@jones-smith.com,66
3864,Richard Walker,tcain@montoya.com,38
3865,Yvonne Powell,hpeters@allen.com,37
3866,Melanie Walker,epowers@rodriguez.net,85
3867,Sarah Rodriguez,douglas25@yahoo.com,34
3868,Justin Smith,jbass@hotmail.com,29
3869,Tonya Miller,lauren00@walsh.com,94
3870,Dan Walter,ejohnson@gmail.com,88
3871,George Cooke,roy62@yahoo.com,58
3872,William Black,sschultz@hotmail.com,64
3873,Tiffany Mcdonald,donaldburns@yahoo.com,30
3874,Nathan Drake,fosterkevin@dyer.com,30
3875,Jared Brown Jr.,toddwaters@trevino.biz,89
3876,David Sherman,carolyn07@wilson.com,47
3877,Vanessa Burke,denisegreene@hotmail.com,50
3878,Marcus Hudson,adrianramirez@hunt.com,45
3879,Luis Avery,fisheromar@nelson.info,68
3880,Thomas Russell,timothy77@gmail.com,30
3881,Joseph Roberts,gperkins@riley.com,98
3882,Matthew Bowers,matthewrose@carlson.com,45
3883,Jennifer Garrett,davisjames@flynn.biz,95
3884,Edwin Torres,lewisroger@tucker.net,69
3885,Douglas Lopez,heather82@esparza.com,45
3886,Daniel Miller,charles90@bauer.com,85
3887,Courtney Austin,deborah44@gmail.com,38
3888,Samuel Freeman,csilva@adams.com,17
3889,Victor Jacobs,howardvirginia@yahoo.com,98
3890,Carla Zamora,bethford@duffy.info,68
3891,Tonya Chambers,christopher49@yahoo.com,73
3892,Kathy Brown,denise00@russell.com,11
3893,Jared Beck,smithlisa@davis.com,54
3894,Melissa Norman,edwardsjanet@barron.biz,48
3895,Lisa Stewart,bmoore@hotmail.com,78
3896,Laura Ray,james15@gmail.com,81
3897,Frank Wilkerson,sara56@strong-franklin.com,85
3898,Marvin Baker,swansonrebekah@perkins-webster.net,97
3899,Jose Norman,acrawford@yahoo.com,61
3900,Joshua Ryan,christophermiller@hotmail.com,19
3901,Jason Brown,gary74@miller.com,80
3902,Jeanette Marshall,mcclainscott@yahoo.com,54
3903,Theresa Dudley,stevenpeterson@gmail.com,62
3904,Marc Burns,xlove@gmail.com,19
3905,William Estrada,williammoreno@hotmail.com,50
3906,Penny Hernandez,dwagner@gmail.com,92
3907,Lacey Smith,rosscory@yahoo.com,88
3908,Jacob Carroll,xavierbranch@hotmail.com,89
3909,Bill Franco,johnsonjoe@yahoo.com,28
3910,Cody Hall,ngutierrez@yahoo.com,45
3911,Nicholas Norris,amcguire@hall-marshall.biz,64
3912,Rebekah Irwin,caldwelltimothy@richardson.org,73
3913,Michael Foster,moralescole@brown-harrison.com,99
3914,Angela Davis,spencer66@taylor.com,44
3915,Kevin Bailey,charlotte45@gmail.com,55
3916,Jordan Mitchell,hernandezscott@gmail.com,31
3917,Ashley Green,holtlisa@kirby.biz,42
3918,Robin Chen,julie64@hotmail.com,93
3919,Elizabeth Garcia,peter30@maldonado-mckinney.com,32
3920,Bobby Martinez,dawsonamy@gmail.com,99
3921,Marc Orr,jguerra@gmail.com,17
3922,Bethany Doyle,williamsanita@gmail.com,41
3923,Dawn Koch,jenniferpeck@johnson.com,43
3924,Alison Knight,lisalewis@newman.com,36
3925,Ashlee Joyce,ericwood@frederick.com,87
3926,Heather Jones,tanyahill@taylor.com,65
3927,Jacqueline Moore,kathrynsmith@gmail.com,48
3928,Erin Gomez,coleearl@gmail.com,60
3929,Matthew Smith,stacey91@gmail.com,68
3930,Harry James,khenry@elliott.com,15
3931,Mrs. Mary Ryan,tpruitt@keith.com,98
3932,Brandon Gonzalez,jennifer48@barker-aguilar.com,29
3933,Michael Little,heather88@hunt.com,40
3934,Brandon Young,vchurch@hayes-white.biz,20
3935,Lindsay Howard,william97@wiley-obrien.info,71
3936,Caitlin Nichols,fishertimothy@yahoo.com,68
3937,Kevin Carroll,nelsonjoshua@yahoo.com,20
3938,Rebecca Mcdonald,shawnbarnett@hotmail.com,12
3939,Matthew Wheeler,brownkenneth@gmail.com,56
3940,Adam Jackson,alexandria03@martinez.info,34
3941,Joshua Montgomery,shane48@hotmail.com,77
3942,Dawn Greene,amber82@holmes.org,21
3943,Robert Neal,keithwoods@gmail.com,23
3944,Joseph Hill,mark53@hotmail.com,61
3945,Christina White,thomasrojas@valentine.com,40
3946,Jason Thomas,carlos55@yahoo.com,55
3947,Nicole Saunders,maxwellmaria@gmail.com,58
3948,Aimee Holmes,jamie07@smith-ewing.com,37
3949,Ashley Moore,mcdanieljessica@roman.com,78
3950,Molly Miranda,fosterjames@whitehead-robles.com,36
3951,Laura Chambers,thomaswolfe@gmail.com,74
3952,Andrea Ortiz,kfrench@thomas-thompson.com,61
3953,Robert Brown,cbradford@cannon-barry.com,36
3954,Amy Hernandez,lindsey00@miller.info,84
3955,Angela Jackson,shari07@hotmail.com,93
3956,Carolyn Tyler,jennygonzalez@gmail.com,76
3957,Nancy Jones,kempalyssa@martinez.com,83
3958,Theresa Blanchard,rebecca48@rice-hahn.com,36
3959,Brandon Ferguson,ofitzgerald@hodge-mcdonald.com,73
3960,Anthony Hill,ballen@gmail.com,12
3961,Ann Chandler,elizabethblake@yahoo.com,65
3962,Matthew Miller,heatherthomas@chang.info,32
3963,Kelly Baker,nphillips@roberts.com,58
3964,Kevin Simpson Jr.,devin65@shaw.com,94
3965,Michael Davidson,nealgail@shelton.info,85
3966,Kelsey Esparza,qpayne@strong-sanchez.info,79
3967,Donna Nolan,monica66@knox-hill.com,67
3968,Edward Martin,robertwilliams@griffin.com,10
3969,Jennifer Cummings,williamschristopher@gmail.com,93
3970,Mr. Kenneth Garrett,qpeterson@brown.com,92
3971,Dr. Michael Collier,belljoshua@gmail.com,66
3972,Martha Krueger,tbowen@miller-phillips.com,87
3973,Maria Dean,jessepearson@mccormick.com,28
3974,Christine Morrow,uwells@yahoo.com,39
3975,Randy Giles,batesbrandy@hotmail.com,73
3976,Susan Neal,jenniferfoley@yahoo.com,58
3977,Adam Ward,rnewman@yahoo.com,13
3978,Dylan Johnson,michaelrivera@hotmail.com,70
3979,Robert Cunningham,millerhenry@yahoo.com,17
3980,Jon Snyder,smoss@hotmail.com,98
3981,Daniel Shannon,gutierrezbenjamin@smith.info,13
3982,Bailey Brooks,ralexander@yahoo.com,52
3983,Lori Benson,shieldsjustin@yahoo.com,99
3984,Mr. Raymond Brown,fblack@parsons-norman.com,10
3985,Todd Smith,helenwilliams@cook.com,79
3986,Theresa Norris,andersonjonathan@johnson.biz,52
3987,Michael Burton,theresa51@hotmail.com,60
3988,Cynthia Wright,graytina@hotmail.com,76
3989,Lindsey West,parkerallen@wheeler.com,41
3990,Nicole Dillon,jacksonwilliam@gmail.com,84
3991,Ann Mitchell,pfowler@parks-baker.com,58
3992,Ann Bailey,james49@watson.com,87
3993,George Mcclain,coffeyfrank@yahoo.com,52
3994,Brittney Hughes,amandasanchez@hotmail.com,14
3995,Jordan Jackson MD,megangoodman@jackson-howard.com,60
3996,Tina Gates,emily97@hotmail.com,84
3997,Seth Green,scottmolly@yahoo.com,72
3998,Melanie Hanson,kayleerussell@yahoo.com,67
3999,Jenny Miller,david64@jones.com,60
4000,Mr. Ronald Harris,efuentes@shaw.net,98
4001,Michelle Pearson,alexander55@carter.com,44
4002,Erin Singh,maria45@yahoo.com,62
4003,Lydia Ross,nancy43@gmail.com,92
4004,Dr. Erik Martinez,matthewclayton@stuart.net,90
4005,Tyrone Ballard,jason21@gmail.com,81
4006,Brittney Garcia,alison20@hansen.com,80
4007,Jerry Hall,hansonmonica@yahoo.com,31
4008,Mary Russell,robinsonmegan@gmail.com,62
4009,Curtis Wells,peter41@quinn-walters.com,90
4010,Erin Benitez,glennhoward@miller.com,96
4011,Amanda Beck,odaniel@howard.com,72
4012,John Best,khogan@gmail.com,96
4013,Shawn Obrien MD,josephjohnson@stephens-lambert.com,33
4014,Jessica Rice,lgreer@gmail.com,82
4015,Jordan Willis,stewartsusan@hotmail.com,16
4016,Sara Harmon,johnsonlisa@hoffman.com,90
4017,Anthony Hernandez,john96@santiago.biz,25
4018,Sheena Kerr,tracykelly@cruz-montes.com,59
4019,Kyle Pitts,wilsondebbie@rocha.net,78
4020,Justin Morris,xmartinez@estes.org,94
4021,James Martinez,bryancobb@yahoo.com,66
4022,Amanda Stanton,barbaramorgan@gmail.com,64
4023,Kelly Jones,anita73@hotmail.com,38
4024,Judy Oliver,sanchezmelissa@alvarez.com,34
4025,Juan Sanders,ggoodwin@hotmail.com,48
4026,Mark Jordan,angelamorales@gmail.com,62
4027,Danielle Miller,fbradshaw@gmail.com,68
4028,Daniel Jefferson,tiffanywebster@hotmail.com,29
4029,David Morris,carla39@riley-pineda.com,12
4030,Russell Woods,gonzalezchristopher@thompson.net,53
4031,Jason Wagner,nmiles@gmail.com,50
4032,William Santos,karenfoster@sanders-russo.info,33
4033,Tammy Craig,ssheppard@hotmail.com,10
4034,Denise Williams,jade93@hotmail.com,81
4035,Christopher Ware,rbishop@williams.net,21
4036,Vanessa Brown,travis55@waters.com,41
4037,Brooke Jimenez,sarah35@yahoo.com,91
4038,Tyler Anderson,michael29@barrett-palmer.com,63
4039,Gabriella Jones,michaelhiggins@hotmail.com,61
4040,Deborah Bennett,smithbrooke@hotmail.com,87
4041,Dr. Curtis Hall,johnsonpatrick@garcia.com,49
4042,Teresa Grimes,jmcguire@chavez.net,46
4043,Mike Davis,laurielewis@french.com,20
4044,Matthew Ward,daniel22@gmail.com,70
4045,Gregory Williams,gilbertalexandra@klein.biz,37
4046,Sabrina Meza,brandtkylie@gmail.com,40
4047,Lindsay Jenkins,hgilbert@hotmail.com,39
4048,Sandy Kidd,scottarthur@gmail.com,48
4049,Timothy Lewis,lauren66@yahoo.com,48
4050,Diana Gonzalez,juliesmith@yahoo.com,25
4051,Kenneth Maldonado,bobbyjohnson@yahoo.com,82
4052,Jill Martinez,jack92@jackson-holmes.com,55
4053,Natalie Medina,asullivan@hernandez-lee.org,99
4054,Stacy Logan,romantamara@stephenson.info,83
4055,Cory Norton,michael01@hotmail.com,45
4056,Amanda Cooley,ariasmichael@miller-bryant.info,81
4057,Kirsten Herring,lmonroe@yahoo.com,81
4058,Ryan Kim,karen96@hayes-phillips.net,69
4059,Peggy Edwards,melvin24@yahoo.com,89
4060,Joseph Shepard,ojackson@quinn-harrell.com,93
4061,David Harper,grantgardner@gmail.com,14
4062,Blake Salinas,davidobrien@harris.com,64
4063,Hannah Thornton,sean07@gmail.com,88
4064,David Harris,lesliekim@nguyen.com,78
4065,Erik Jackson,yorkjames@gmail.com,10
4066,Joann Hogan,youngpamela@mcclure-weber.com,40
4067,Paul Cameron,adamgarcia@arnold.com,56
4068,Shane Smith,joseph32@velez-mann.com,74
4069,Barbara Wilson,paulmays@conway.com,57
4070,Scott Rogers,pdiaz@gmail.com,75
4071,Cindy Jennings,brooksdoris@gmail.com,68
4072,Barbara Taylor,justin57@jackson.com,66
4073,Connie Jackson,burtonmegan@beck.com,64
4074,James Martinez,andrew38@yahoo.com,68
4075,Robert Brown,dstuart@ross-horton.com,92
4076,Tonya Dixon,vicki08@gmail.com,48
4077,Michael Dominguez,krystal71@becker-castillo.com,76
4078,Ricky Holt,darryl84@ball.biz,42
4079,Mary Perry,anthonyjackson@garcia-ramos.org,25
4080,Roy Salazar,tyrone55@hotmail.com,17
4081,Stephanie Clark,pgibson@gmail.com,34
4082,Lisa Price,mdennis@chen-chavez.com,42
4083,Michelle Lynn,kylielittle@yahoo.com,45
4084,Hannah Ferguson,carolyn49@hotmail.com,25
4085,Mary Smith,johnsmith@gmail.com,96
4086,Mark Sims,shaunwelch@gmail.com,13
4087,Kimberly Fry,wardcheryl@hotmail.com,26
4088,Amber Green,lambmichael@yahoo.com,15
4089,Theresa Dixon,ronald49@yahoo.com,61
4090,William Ford,mortonholly@parker.com,26
4091,Mark Cervantes,morgan03@davis.com,52
4092,Jorge Greer,yangheather@hotmail.com,94
4093,Brittany Griffith,powellrobert@yahoo.com,77
4094,David Thompson,teresajones@jones.com,54
4095,Stephanie Brown,hendricksdenise@yahoo.com,31
4096,Richard Gray,williampatton@gmail.com,27
4097,Latoya Gibson,qmitchell@hotmail.com,66
4098,Melinda Galvan,christineaustin@allen.com,30
4099,Thomas Mcdonald,ericaphillips@yahoo.com,20
4100,Barry Marshall,amanda35@warner.com,14
4101,Mrs. Karen Benjamin,ujensen@yahoo.com,90
4102,Sally Rangel,curtis48@gmail.com,10
4103,Anthony Jones,shelly77@hotmail.com,85
4104,Mr. Samuel Campbell Jr.,frazierdana@peters.biz,38
4105,Melissa Pham,colleenwalker@gmail.com,73
4106,Sandra Chapman,bushpatricia@hotmail.com,93
4107,James Kane,rayjason@hotmail.com,13
4108,Jessica Rosario,angelaevans@gmail.com,97
4109,Jasmine Schneider,dave60@yahoo.com,66
4110,Natasha Henry,ewilliams@yahoo.com,43
4111,Jason Bradshaw,pharris@garrett.com,60
4112,Robert Bell,ashleytaylor@rice.com,83
4113,Holly Lopez,dalecarlson@bass-cortez.com,60
4114,Samuel Meyer,twhite@yahoo.com,58
4115,Alyssa Christensen,flang@gmail.com,71
4116,Dominique Wilson,smithmary@zavala.com,90
4117,Peter Thomas,joseph06@yahoo.com,80
4118,Lisa Burns,stacy54@gmail.com,83
4119,Stacy Lee MD,john01@gmail.com,21
4120,Daniel Yang,joe45@moore-bradley.com,90
4121,Dr. Henry Brandt,rachelrichardson@hotmail.com,71
4122,Jared Reynolds,luis61@clark.biz,60
4123,Christopher Mcgee,millermatthew@thompson.com,90
4124,Jennifer Taylor,apatel@hotmail.com,48
4125,Erika Sharp,jessica67@yahoo.com,31
4126,Timothy Martinez,michaelhoffman@hotmail.com,61
4127,Richard Matthews,tracyjohnson@gmail.com,29
4128,Maria Brown,wayne37@hotmail.com,44
4129,Julie White,yfoley@hotmail.com,85
4130,Paul Williams,julie07@gmail.com,57
4131,Dylan Holloway,uwhitney@ramsey.com,76
4132,James Harmon,jennifer19@lynch.com,58
4133,Thomas Garrett,jacksonkrystal@hotmail.com,37
4134,Jeffery Wells,tylerclark@howard.info,88
4135,Jason Duncan,tylergreen@hotmail.com,90
4136,Beth Paul,joshuabryant@clements.com,52
4137,Amber Frazier,edwardsjared@yahoo.com,16
4138,Michelle Silva,brownmatthew@castro.com,95
4139,Jamie Conrad,bbrown@hotmail.com,35
4140,Allison Carroll,franciscalvin@gmail.com,90
4141,Karen Hawkins,shannonpalmer@mitchell.com,18
4142,Mark Boyd,cgreen@johnson.com,28
4143,Jennifer Rollins,zwalker@barajas-roberts.com,42
4144,John Wilson,nicolesmith@davis-rogers.info,71
4145,Ryan Frey,tanya89@padilla-lamb.org,14
4146,Aaron Nelson,dsnow@yahoo.com,66
4147,Donna Christensen,ycabrera@gmail.com,82
4148,Angela Turner,gaynatalie@hotmail.com,99
4149,Paula Greer,april61@gmail.com,12
4150,Melanie Mitchell,williamskimberly@hotmail.com,77
4151,Adam Mcbride,pattersonshawn@davis-vincent.com,59
4152,Brenda Hughes,ryan20@davis-gonzales.biz,45
4153,Jerry Patrick,richardkelley@moran.com,74
4154,Gina Wilson,christopher04@hotmail.com,90
4155,Amy Davis,ashleycohen@gmail.com,34
4156,William Holt,christinerodriguez@osborn.com,30
4157,Lisa Santiago,cathydickerson@gmail.com,55
4158,Veronica Garcia,michaelcohen@hotmail.com,91
4159,Steven Johnson,hduncan@hotmail.com,77
4160,Eddie Henry,amiller@levy.biz,33
4161,Christian Rice,gregorydickson@allison-cain.info,48
4162,Michael Newman,deannadelgado@king.net,22
4163,John Knox,jnelson@gmail.com,92
4164,Linda Morrow,lorithompson@gmail.com,66
4165,David Smith,ericcox@hotmail.com,95
4166,Melissa Rice,lisa75@chang.com,57
4167,Johnny Schmidt,msingh@yahoo.com,34
4168,Heather Taylor,robert33@willis-johnston.biz,77
4169,Wendy Davidson,frank61@salazar.com,79
4170,David Thompson,kathryn92@yahoo.com,45
4171,Brian Holland,johnsonjohnny@gallagher.com,25
4172,William Wagner,maryfernandez@yahoo.com,44
4173,Abigail Calderon,fmyers@yahoo.com,64
4174,Paul Robinson,holmestammy@gmail.com,51
4175,Jill Harris,morrisvalerie@robinson.com,86
4176,Brent Richard,erin91@gmail.com,63
4177,Alyssa Diaz,phickman@yahoo.com,13
4178,Brandon Garcia,ddaniels@hill.org,17
4179,Monica Osborne,edwardclark@gmail.com,70
4180,Joseph Perez,ryangreen@randall-henry.com,27
4181,Jessica Davis,stephanie10@gmail.com,10
4182,Garrett Jones,ymoore@mcgee.com,85
4183,Lisa Cook,jennifer18@martin-palmer.org,66
4184,William Holloway,jamesstokes@miller.com,29
4185,Francisco Williamson,qgreen@davis-navarro.com,17
4186,Sheila Wright,james57@yahoo.com,13
4187,Corey Rojas,johnsonjordan@yahoo.com,54
4188,Joshua Townsend,ssmith@hotmail.com,73
4189,Darrell Williams,dwalker@hotmail.com,17
4190,Sarah Wood,hillamy@gmail.com,25
4191,Mr. Christian Gibson,thomas95@hotmail.com,41
4192,Brianna Lester,ramirezrebecca@underwood.net,20
4193,Brenda Smith,andersonchad@deleon.com,44
4194,Tiffany Lynn,prestonjohn@rios.net,88
4195,Andrew Trujillo,ulawson@mills.com,61
4196,Kimberly Horn,drew15@yahoo.com,38
4197,Dawn White,jorgesandoval@wallace.info,45
4198,Robert Adams,danielsutton@gallegos.info,81
4199,Daniel Anderson,marissashelton@yahoo.com,24
4200,Robert Carey,ronnie66@walker.net,56
4201,Cameron Case,amandamiller@yahoo.com,50
4202,Andrew Cooper,garciaelizabeth@gmail.com,57
4203,Mary Webster,tberry@hotmail.com,24
4204,Becky Davidson,murphytyler@ramos.com,60
4205,David Hatfield,juan15@hotmail.com,57
4206,Sarah Stewart,stephenjackson@williams.org,68
4207,Rachel Mendoza,changkevin@hotmail.com,64
4208,Tina Johnson,bcole@sanchez.com,10
4209,Michael Patterson,xallen@hotmail.com,36
4210,Nicholas Weaver,handersen@guerrero.biz,82
4211,Matthew Jackson,vhancock@espinoza-garcia.info,51
4212,Mr. Justin Ruiz,alyssafreeman@reed-li.com,42
4213,Diana Baldwin,ibailey@gmail.com,84
4214,Ashley Norton,qsanders@wright-mills.info,65
4215,Justin Evans,gregory19@yahoo.com,39
4216,Jennifer Griffith,usawyer@yahoo.com,29
4217,Michelle Pineda,joshua14@moore-austin.com,59
4218,Ashley Grimes,brentbanks@yahoo.com,97
4219,Melanie Harrell,patrick44@gmail.com,92
4220,Jared Baker,cuevaskurt@williams.com,26
4221,Ashley Carrillo,underwoodvictoria@yahoo.com,37
4222,Peter Parker,lesliethomas@stokes.org,43
4223,Laura Townsend,sydneyflores@mosley.org,56
4224,James Lambert,martinezrobert@hotmail.com,85
4225,Travis Butler,flane@gmail.com,79
4226,Kristin Townsend,kirbymichele@gmail.com,30
4227,Shane Young,saraharrison@yahoo.com,88
4228,Jorge Sanchez,martinezmegan@green.com,13
4229,Paul Marquez,lopezbarbara@briggs-moreno.com,48
4230,Stacy Becker,jamesdaniel@carroll.org,39
4231,Catherine Moore,sharrison@gmail.com,73
4232,Kevin Williams,kathleenlin@robinson.biz,58
4233,Robert Mccullough,anthonyjefferson@yahoo.com,35
4234,Connor Castro,eugenezamora@yahoo.com,81
4235,Anna Flores,pamela96@franco.com,24
4236,Lauren Clark,valerie03@huffman.com,93
4237,James Hall,kristaspencer@smith-harris.info,57
4238,Brianna Mccann,aaron08@hotmail.com,19
4239,Jerry Robinson,csimon@snow.info,93
4240,Patricia Wilson,joseph60@johnson.com,87
4241,Mary Baldwin,omaldonado@gmail.com,99
4242,Nicole Irwin,jameswatts@padilla-camacho.biz,70
4243,Robert Johnson,martinezsharon@yahoo.com,61
4244,Stephanie Robinson,daniel72@hotmail.com,21
4245,Mr. Bruce Thompson,michaellewis@yahoo.com,10
4246,Keith Andrews,melissa67@hester.com,42
4247,Donald Kelly,oking@hotmail.com,36
4248,Laura Diaz,lrios@mccarthy.com,27
4249,Debra Edwards,simssamuel@yahoo.com,54
4250,Ralph Barker,xevans@hotmail.com,95
4251,Bobby Salazar,brockwayne@hotmail.com,36
4252,Emily Shields,xwilliams@armstrong-anthony.org,62
4253,Dana Smith,gregory98@allen.com,56
4254,Elizabeth Gardner,newtonlauren@gmail.com,95
4255,Aaron Johnson,brandyrodriguez@gmail.com,60
4256,John Mccoy,rebeccadiaz@yahoo.com,67
4257,Charles Holt,rebecca99@yahoo.com,54
4258,Jennifer Scott,fordmatthew@baldwin.com,10
4259,Derek Scott,pattonjoseph@gmail.com,91
4260,Robert Baxter,lucasvincent@hotmail.com,75
4261,Anna Martinez,reynoldsdenise@yahoo.com,41
4262,Robert Mcdonald,megan28@hotmail.com,61
4263,Amy Robertson,vcooper@melendez.biz,73
4264,Eric Thomas,chadnguyen@coleman-banks.net,87
4265,Denise Morrow,richardbradley@cardenas.com,43
4266,Deanna Chavez,smithbrandon@yahoo.com,87
4267,Robert Johnson,nguyenjuan@hotmail.com,78
4268,Samantha Andrews,masonjeffrey@jacobson-rodriguez.org,11
4269,Donna Edwards,frances06@hotmail.com,94
4270,Kenneth Fleming,thomaswang@gmail.com,15
4271,William Johnson,hamiltonangela@allen-frye.net,99
4272,William Coleman,ltaylor@garrett.com,89
4273,Brianna Stephenson,samuel26@yahoo.com,24
4274,Billy Pitts,seanroberts@love.biz,32
4275,Julie Hopkins,jsmith@gmail.com,66
4276,Randy Grant,ashley45@warren-guerra.com,18
4277,Andrew Moyer PhD,jacob56@gmail.com,93
4278,Miss Alexandra Fritz,adunlap@hotmail.com,64
4279,Susan Walker,swalker@hotmail.com,94
4280,Laura Jenkins,anthony90@reed-baker.biz,79
4281,Michael Foster,lbrown@russell.net,55
4282,Samantha Summers,stephaniealvarez@hotmail.com,55
4283,Jacqueline Compton,teresamiller@hotmail.com,86
4284,Ashlee Martin,allencaleb@yahoo.com,51
4285,Kristen Bryan,weaverjim@gmail.com,84
4286,Allison Adams,elizabeth29@robinson.info,22
4287,Carla Mitchell,laralisa@hotmail.com,23
4288,Bob Perry,bailey28@hotmail.com,64
4289,Samantha Hays,monicadavis@garcia.com,68
4290,Mathew Griffith,tiffany30@gmail.com,63
4291,Barbara Harmon,thomasandrea@yahoo.com,84
4292,Jennifer Crawford,yarmstrong@williams.info,26
4293,Scott Palmer,teresa70@young.org,39
4294,Kevin Martinez,abyrd@reilly.com,44
4295,Matthew Young,fwilson@avery-wallace.com,15
4296,Natalie Lewis,rodriguezjeremiah@thomas.org,47
4297,Patrick Pena,vtaylor@gmail.com,40
4298,Jim Lawrence,manuelbutler@rangel-cabrera.com,27
4299,Mrs. Alisha Johnson,megan80@klein.org,86
4300,Edwin Simpson,marshjennifer@long.org,24
4301,Samuel Cardenas,daniellehiggins@david.info,73
4302,Shawn Hernandez,hilljames@yahoo.com,29
4303,Gerald Wilkins,jasonlopez@hebert.net,49
4304,Michael Holloway,fmartinez@vasquez-herring.com,84
4305,Brooke Poole,schultzdebra@gmail.com,34
4306,Jonathan Simpson,johnsonlogan@gmail.com,13
4307,Bailey Larson,mgreen@yahoo.com,74
4308,Sandra Wagner,micheal56@taylor-mitchell.biz,42
4309,Christopher Roman,larryscott@gmail.com,70
4310,Timothy Bailey,richard71@yahoo.com,99
4311,Kaitlyn Doyle,barretttara@hughes-pierce.com,83
4312,Joshua Webb,patriciafowler@hotmail.com,81
4313,Gary Carson,smithscott@yahoo.com,90
4314,Erin Haas,johnchristensen@yahoo.com,28
4315,Christina Vaughan,brian03@hotmail.com,99
4316,Andrew Patel,rodneywagner@herman-mitchell.com,60
4317,Joshua Campos,bmiller@hotmail.com,90
4318,Richard Miller,peggywilliams@gmail.com,58
4319,Jordan Lopez,qmiller@yahoo.com,71
4320,Joseph Murray,gdickerson@yahoo.com,35
4321,Donna Mason,ksimpson@yahoo.com,22
4322,Kevin Smith,lynchamy@marsh.com,68
4323,Dr. Savannah Harrison,hopkinsdaniel@yahoo.com,99
4324,Jonathan Payne,ucolon@barton.info,43
4325,Laura Aguilar,nicole78@gmail.com,59
4326,Emily Gonzalez,catherine75@castro.com,96
4327,Sarah Sanders,stephaniehardin@hotmail.com,67
4328,Jeffrey Murray,onealruben@long.com,67
4329,James Bray,bridget20@yahoo.com,92
4330,Anne Mitchell,shirleymorris@yahoo.com,10
4331,Scott Alvarez,jackmiranda@jacobson-walls.info,35
4332,Ashley Dixon,rguerra@yahoo.com,93
4333,Holly Foley,marioglover@yahoo.com,86
4334,Sherry Franklin,coopersteven@koch.com,27
4335,Robert Reyes,john76@gmail.com,65
4336,Christopher Nguyen,danielcunningham@hotmail.com,51
4337,James Hickman,julie99@hotmail.com,32
4338,Allison Nicholson,xstrong@gmail.com,67
4339,Brandon White,christopher15@clayton.com,32
4340,Matthew Willis,smithpatrick@gmail.com,69
4341,John Black,reedebony@yahoo.com,82
4342,Jennifer Ochoa,jmartinez@crosby.info,23
4343,Latoya Keller,tashalawrence@sanders-miller.org,52
4344,Susan Harris,sheajonathan@yahoo.com,70
4345,Melissa Pena,mejiateresa@yahoo.com,66
4346,William Gilbert,hernandezmichael@wright.com,10
4347,Gabrielle Hall,edwardyork@hotmail.com,82
4348,Timothy Larsen,pruittlisa@gmail.com,30
4349,Dr. David Carson,ashleyfrye@yahoo.com,84
4350,Michael Rosales,zmccall@fisher.com,78
4351,Joseph Roberts,gloriabarajas@carrillo.com,84
4352,Dean Gonzalez,nmiller@gmail.com,39
4353,Karen Rodriguez,cory92@murray.biz,62
4354,Timothy Klein,samanthamartinez@gmail.com,84
4355,Robert Sanchez,andrewallen@hotmail.com,49
4356,William Lynch,webbamy@hotmail.com,37
4357,Patricia Love,zbennett@hogan-roach.org,43
4358,Sherry Hanson,kcombs@yahoo.com,31
4359,Nicholas Byrd,sarahcamacho@hotmail.com,85
4360,Sandra Lopez,carterbenjamin@gmail.com,76
4361,Carol Murphy,annacarroll@hughes-smith.com,81
4362,William West,nsmith@yahoo.com,67
4363,Emily Andrews DVM,umeadows@gmail.com,89
4364,Jane Roberts,michaelthomas@gmail.com,51
4365,Jaime Peters,zflores@hotmail.com,22
4366,Melissa Barber,brian01@yahoo.com,44
4367,Raymond Snyder,ecain@clark-lawrence.com,71
4368,Bruce Hansen,frazierjohn@hotmail.com,67
4369,Jennifer Luna,oshaw@hotmail.com,68
4370,Jonathan Marshall,kstewart@moore.org,55
4371,Anna Green,jefferywatts@gmail.com,13
4372,Bradley Stevens,patriciaburke@yahoo.com,10
4373,Sarah Walker,kkent@hotmail.com,56
4374,Mary Henson,omar47@hotmail.com,27
4375,Wendy Fox,roberthenderson@brown-jackson.com,16
4376,Lauren Castillo DVM,marias@gmail.com,75
4377,Angela Archer,todd66@gmail.com,28
4378,Cameron Martinez,catherinenovak@cook.com,15
4379,Tammy Wilkerson,craiggray@yahoo.com,88
4380,Vernon Ward,vperez@gmail.com,13
4381,Samantha Barnett,markwatkins@gmail.com,79
4382,Heather Clark,richardjesse@mcdowell.com,24
4383,Michael Daugherty,elizabeth14@yahoo.com,90
4384,Carolyn Barnett,eherrera@gmail.com,35
4385,Brian Fisher,theodorepoole@smith.org,38
4386,Laura Graves,ihenry@yahoo.com,53
4387,Jacob Keith,christinehamilton@gmail.com,47
4388,Theresa Stone,kayla81@gmail.com,81
4389,Dr. Samuel Johnson,pittmanwilliam@lopez-oliver.com,50
4390,Andres Santiago,samuelmartinez@hotmail.com,75
4391,Clarence Becker,tony10@thomas-smith.net,98
4392,Matthew Craig,montoyakayla@dominguez-reed.com,65
4393,Sherri Jones,uroberts@owens-orr.biz,86
4394,Daniel Perez,slawson@ellison-dunn.com,81
4395,Jeremy Shields,torresgeorge@jones-strong.com,23
4396,Mr. Brian Henry DDS,jefferybarr@parker.org,81
4397,David White,spencerkeith@wright.org,18
4398,Jennifer Bass,rjohnson@edwards.com,12
4399,Benjamin Brewer,pporter@webb.com,20
4400,Randy Young,kimberlywilliams@gmail.com,83
4401,Brittany Allen,blakejames@munoz-weeks.com,53
4402,Jose Mccormick,mgreen@yahoo.com,60
4403,Cassandra Wheeler,mistyvaughan@gutierrez.com,21
4404,Joy Carter,brian47@hotmail.com,16
4405,Justin Armstrong,emily73@gmail.com,24
4406,Kenneth Schneider,michele53@hotmail.com,44
4407,Vernon Clayton,joyceweber@grant.com,48
4408,Ashley Mitchell,dawnfox@gmail.com,12
4409,Elizabeth Black,ygibson@gmail.com,97
4410,Mary Bell,diazcrystal@yahoo.com,25
4411,Cynthia Wiley,mdrake@durham-mendoza.com,67
4412,Molly Martin,ialvarez@gmail.com,91
4413,Emily Stein,cardenaschristine@gmail.com,66
4414,Amber Woods,laurawilson@olson-gonzalez.com,94
4415,Laurie Payne,danielbarrett@miller.com,19
4416,David Lewis DDS,taylorkyle@rose.com,65
4417,Calvin Vega,justin36@hotmail.com,84
4418,Lauren Reynolds,colleen52@montes-nelson.info,33
4419,Tracy Walsh,epadilla@hughes-davis.net,50
4420,Joseph Solomon,trichards@allen.com,29
4421,Eric Ramirez,brewerchris@hotmail.com,38
4422,Matthew Horton,phillipstaylor@yahoo.com,46
4423,Randall Blake,thomas80@nelson-arias.com,28
4424,Lisa Marquez,jstrickland@mendoza.com,42
4425,Troy Ramos,jwilliams@hardin.org,62
4426,Michael Serrano,randallhamilton@hotmail.com,79
4427,Bryan Jones,lisa61@gmail.com,77
4428,Carlos Ali,joseph75@gmail.com,68
4429,Cynthia Carter,juliajohnson@gmail.com,17
4430,Angela Quinn,annestone@gmail.com,35
4431,Mackenzie Gutierrez,rwilliams@gmail.com,63
4432,Matthew Burch,john34@hotmail.com,10
4433,Marco Mccann,craig43@hotmail.com,91
4434,Lisa Gutierrez,nicholspaul@west-spears.com,91
4435,Barbara Gonzalez,robinsonalexandra@hotmail.com,40
4436,Tracy Krueger,andrew51@gmail.com,58
4437,Ronald Chapman,brandon37@gmail.com,67
4438,Aaron Fritz,alexandrajohnson@hotmail.com,71
4439,Kenneth Hughes,laurenallen@martin.com,34
4440,Joshua Morris,seanwatkins@gmail.com,30
4441,Paul Harrington,nicolewilson@manning.com,25
4442,Diana Marshall,tchung@hotmail.com,31
4443,Lisa Gomez,richardadams@yahoo.com,95
4444,Robin Whitaker,xgutierrez@yahoo.com,77
4445,Susan Jackson,katherinestewart@stevens.org,25
4446,Rachel Jones,qmunoz@gmail.com,66
4447,Holly White,swright@yahoo.com,31
4448,Patrick Woods,ohardy@yahoo.com,43
4449,Cynthia Tucker,wardsherry@hotmail.com,57
4450,Frank Durham,rothdana@yahoo.com,82
4451,Robert Preston,michellesingleton@yahoo.com,39
4452,Christopher Miles,joyce49@yahoo.com,93
4453,Willie Robles,sally12@martinez.com,17
4454,Andre Briggs,jgray@vargas-clark.biz,36
4455,Christopher Baxter,ejohns@hotmail.com,61
4456,Christopher Allen,john54@hotmail.com,28
4457,Suzanne Williams,uwilson@hotmail.com,22
4458,Timothy Jackson,xjohnson@hotmail.com,57
4459,Mandy Schmidt,lee04@yang-acevedo.com,74
4460,Sherry Jones,sharpjoyce@fischer.com,38
4461,Kathy Phillips,ericagomez@ward-barrera.com,51
4462,Angela Alvarez,sabrina75@hotmail.com,93
4463,David Mejia,matthew43@gmail.com,13
4464,Kaitlyn Gutierrez,aarnold@henry-preston.com,78
4465,Donald Bradley,brooke09@patel-ramsey.com,37
4466,Debbie Richardson,craigtoni@yahoo.com,24
4467,Darren Cross,garciamelissa@gmail.com,38
4468,Veronica Page,reginald77@garcia.net,94
4469,Joshua Miller,fredvega@jackson.com,28
4470,Phyllis Perez,thomasturner@villanueva.com,93
4471,Jeffrey Webster,jenniferdelgado@yahoo.com,82
4472,Jeffrey Bonilla,victoria06@freeman.com,96
4473,Thomas Williams,griffinsamuel@lambert.com,14
4474,Sarah Johnson,elizabethconley@hughes.com,80
4475,Lisa Barnes,williammorton@lewis.com,63
4476,Mark Walter,lisa23@jones-lopez.org,34
4477,Joshua Crawford,brooke63@vaughan.com,81
4478,Nicole Poole,acevedoalexandra@reyes.info,25
4479,Cristina Walker,myersamy@hotmail.com,29
4480,Michelle Cook,luislucero@gmail.com,54
4481,James Thomas,john39@hotmail.com,20
4482,Emily Bell,jfrost@yahoo.com,98
4483,Timothy Williams,jimmy69@brady.net,44
4484,Robin Garcia,ehawkins@hotmail.com,50
4485,Michael Brown,joseph11@yahoo.com,55
4486,Scott Smith,smithraymond@chapman.com,20
4487,Amy Erickson,elizabethharris@yahoo.com,94
4488,Douglas Mclaughlin,brian38@ross.org,27
4489,Jose White,davismaria@hotmail.com,73
4490,Jose Peters,timothy05@hotmail.com,78
4491,Megan Cunningham,andrewfrazier@gmail.com,65
4492,Eugene Bradley,rgonzalez@hotmail.com,77
4493,Shelby Alexander,sarahmclaughlin@howell-gomez.net,29
4494,Meredith Herman,hendersonjennifer@yahoo.com,93
4495,Jeremiah Zavala,burtonanne@yahoo.com,72
4496,Juan Hicks,swheeler@ford.org,67
4497,Mark Carlson,mason51@gmail.com,45
4498,Chelsea Hill,uhernandez@dixon.biz,98
4499,Dr. Donna Patterson,princemary@smith.biz,63
4500,Dominique Hogan,jenna60@yahoo.com,62
4501,Jessica Martin,jonathanrodriguez@jackson-johnson.com,13
4502,Walter Henderson,susanhines@carpenter.com,63
4503,Larry Sullivan,christina06@yahoo.com,90
4504,Christine Lopez,kathryntorres@evans-perez.com,89
4505,David Copeland,ruizjoshua@yahoo.com,82
4506,Angela Hooper,cbarnes@hotmail.com,95
4507,Heather Rodriguez,dgreen@gmail.com,80
4508,Meghan Perry,sjones@yahoo.com,39
4509,Larry Gilmore,victorgarrett@hotmail.com,51
4510,Jonathan Smith,scott19@ramirez.com,26
4511,Justin Patterson,cbooker@harris.com,21
4512,Nathan Brennan,jeffreysantiago@huff.com,90
4513,Connie Hodge,tiffany35@yahoo.com,84
4514,Robert Watson,ftaylor@gmail.com,57
4515,Paul Martinez,walkerjamie@yahoo.com,62
4516,Allen Walton,keithparker@castillo.biz,59
4517,James Baker,douglasturner@walls.com,75
4518,Scott Perez,ythompson@hotmail.com,87
4519,Marilyn Chapman,maysjennifer@brown-hooper.com,52
4520,Aaron Rogers,christopher54@hoffman.net,15
4521,Richard Faulkner,nathanhoward@hutchinson.com,30
4522,Evan Jones,jennifer11@ortiz.net,34
4523,Diana Clark,moorehannah@holmes.com,46
4524,Kristin Rodriguez,paulwelch@johnson.com,68
4525,John Richardson,andrew82@hotmail.com,49
4526,Charles Aguilar,amybrown@gmail.com,56
4527,Randall Walker,xblake@gonzalez-chambers.info,44
4528,Johnathan Price,alexandersusan@carlson-butler.com,52
4529,Amanda Johnson,steverios@yahoo.com,36
4530,Adam Poole,thomasolson@hotmail.com,83
4531,Spencer Cline,lopezkimberly@poole.com,51
4532,Michael Nash,hickstracy@chavez.info,13
4533,Steven Martin,diamond71@gmail.com,71
4534,Brian Flores,kevinkeller@walker.com,44
4535,Mr. Troy Lang III,rachel23@gmail.com,96
4536,Michael Mitchell,mariaphillips@yahoo.com,54
4537,Kristina Mendoza,rasmussencolleen@gmail.com,76
4538,Laura Cruz,kolson@hamilton-ward.com,82
4539,Dr. Cindy Bates,john67@hotmail.com,53
4540,Robert Vaughan,vanessa13@parker.net,12
4541,William Escobar,ytaylor@green-hunter.info,68
4542,Michelle Harper,jortiz@murphy-gallagher.info,57
4543,Brenda Nelson,palmersheila@gmail.com,93
4544,Tyler Anderson,danasimmons@hotmail.com,73
4545,Gene Brown,patrick17@weber.org,57
4546,Daniel Coleman,tyler14@robinson.com,65
4547,James Williams,ewest@lucas.info,89
4548,Christina Pratt,sharontucker@walker.com,51
4549,Shirley Larson,jrodriguez@liu-smith.info,31
4550,Mckenzie Guzman,robert26@gmail.com,52
4551,Destiny Anderson,vmartin@arroyo-cherry.com,80
4552,Peggy White,stephanie49@cabrera-miller.com,12
4553,Jesus Mendoza,lopezjohn@hotmail.com,64
4554,Bradley Hill,thomasburns@hayes.com,39
4555,Lisa Johnson,jacobdavis@adams.org,34
4556,Chris Lang,paul38@roy-stephens.com,38
4557,Kathy Mcgee,greerjoyce@gmail.com,72
4558,Heather Smith,egomez@gmail.com,81
4559,Lisa Mills,benjaminguzman@yahoo.com,33
4560,James Harrison,qbrown@alvarez.com,15
4561,Kristin Schmidt,lmendez@yahoo.com,80
4562,Terry King,edwardmurphy@james-baker.com,59
4563,Megan Martinez,jking@gibson.net,11
4564,Joshua Hudson,usimpson@kim-miller.com,78
4565,Richard Adams,baileybrittany@hotmail.com,83
4566,Ryan Olson,jcross@yahoo.com,48
4567,Megan Bennett,knightmatthew@gmail.com,38
4568,Emma Brown,cantutiffany@alvarez.com,60
4569,Ricky Jones,sarah89@hart.org,11
4570,Jacob Rubio,cynthialewis@yahoo.com,94
4571,Mr. Zachary Walker,dennislori@hotmail.com,18
4572,Nancy Gallagher,kylesanchez@hotmail.com,26
4573,Joshua Smith,christophergonzalez@hotmail.com,59
4574,Alyssa Becker,ehurst@schroeder-martinez.com,80
4575,Jessica Reyes,kingadam@ward-wong.org,70
4576,Robin Gillespie,flee@yahoo.com,47
4577,Rita Johns,jasmine06@stephenson.com,79
4578,Kelly Pearson,wilsonsean@hotmail.com,23
4579,Calvin Davidson,tgomez@hotmail.com,37
4580,Debra Fuller,pmorton@robinson-johnson.com,98
4581,Logan Jarvis,santiagodarin@kelley.org,36
4582,Linda Orr,chambersvalerie@scott.com,35
4583,Denise Pittman,russelloscar@yahoo.com,26
4584,Ms. Kristi Newton,jasonparker@thompson.com,52
4585,Pamela Evans,nhoffman@martinez.net,82
4586,Amy Choi,gamblelisa@yahoo.com,80
4587,Nicholas Kim,crystallong@yahoo.com,73
4588,Wanda Brock,dennis59@yahoo.com,64
4589,Ricky Taylor,kevinjohnston@ponce.com,32
4590,Jonathan Weeks,hallblake@gmail.com,54
4591,Elizabeth Burns,imoon@lozano.com,15
4592,Samuel Garcia,katherineking@hotmail.com,99
4593,Mrs. Susan Obrien,lrodriguez@hotmail.com,72
4594,Katelyn Hart,lynchadam@johnston-ashley.com,97
4595,Omar Rose,thomascallahan@hernandez.com,54
4596,William Morrison,heather56@yahoo.com,22
4597,Brian Carlson,hickmankelli@lee-moore.net,10
4598,Charles King,kristy03@guzman.info,54
4599,Patrick Armstrong,nathan50@hotmail.com,22
4600,Joseph Simpson,nelsondouglas@guerrero-williams.com,83
4601,Terry Caldwell,kristen17@yahoo.com,75
4602,Alyssa Orr,qgreen@wells-jordan.com,52
4603,Sherry Trujillo,christinealvarez@richard-moon.com,61
4604,Robert Waters,rrobinson@mcguire-hanna.com,13
4605,Terri Wright,timothypalmer@yahoo.com,91
4606,Jessica Perry,melissa37@chang.com,76
4607,Stephanie Chaney,stephanieedwards@gmail.com,82
4608,Tim Smith,jeffreybray@hotmail.com,49
4609,Maria Hahn,brandon69@hotmail.com,72
4610,Rebekah Houston,robertgonzales@hotmail.com,63
4611,Matthew Morrow,nicole28@cummings.com,79
4612,Jennifer Meyer,anthonyramirez@yahoo.com,93
4613,Kelli Hernandez,moralesanne@woods-sanders.net,22
4614,Robin Frye,lindsaywong@jones.com,72
4615,Alex Adams,katherinecohen@hawkins.com,89
4616,Tina Mayer,wilsonjustin@hotmail.com,19
4617,Michael Smith,jonathonfletcher@aguilar.net,57
4618,Rodney Hunt,beckybender@hotmail.com,20
4619,David Burns,barrettmargaret@chapman-olson.com,68
4620,Joseph Nichols,michaelbishop@yahoo.com,96
4621,Amanda Brown,uvang@yahoo.com,20
4622,Brian Reynolds,fhernandez@rose.com,99
4623,Jonathan George,srodriguez@snyder.com,46
4624,Mark Johnson,jacobwilkinson@yahoo.com,27
4625,Eric Callahan,wilsonbruce@olson-davis.com,38
4626,Samantha Fisher,ewilliams@hotmail.com,64
4627,Kathryn Nicholson,psims@gmail.com,66
4628,Beth Schwartz,ncombs@fitzgerald.com,49
4629,Samuel Harrington,tolson@cochran.com,12
4630,Judith Cooper,wendyhill@townsend-peters.biz,65
4631,Brittney Farrell,karina20@cortez.info,49
4632,Jason Shah,vreynolds@hotmail.com,84
4633,Gina Martinez,leah25@hinton.com,86
4634,Jackson Robinson,debra31@frey.com,74
4635,Meagan Blankenship,kenneth15@lara-foster.info,95
4636,John Wilson,lorimunoz@gmail.com,56
4637,Emma Herman,stephensonbryan@reyes-meyer.com,25
4638,Michael Hall,bsmith@gmail.com,90
4639,Stephanie Lopez,olivia29@yahoo.com,74
4640,Lisa Robinson,duranpaul@hotmail.com,85
4641,Alan Wilson,thomascarey@yahoo.com,15
4642,Jennifer Cooper,michael86@hotmail.com,39
4643,Jay Hansen,mguerrero@blackburn-oneill.com,81
4644,Alexander Callahan,mariewhitaker@hotmail.com,65
4645,William Garcia DVM,frenchluis@deleon.com,11
4646,Jessica Harrison,allison35@erickson.org,29
4647,Donald Taylor,gary08@hotmail.com,51
4648,Jennifer Grant,andersondavid@hernandez.com,82
4649,Brendan Sanchez,bennettkimberly@yahoo.com,29
4650,Kimberly Reese,bianca63@pacheco.com,70
4651,Michael Cochran,john22@burns-carroll.com,56
4652,Brenda Wiggins,christinaanderson@hotmail.com,47
4653,Xavier Lane,dustinclark@thornton.com,18
4654,Charlene Sullivan,howelldavid@hotmail.com,83
4655,Miss Lori Mccormick,walkerkenneth@yahoo.com,16
4656,Dwayne Wright,eric62@hotmail.com,10
4657,Molly Smith,suzanne29@yahoo.com,45
4658,Tonya Carr,carneymichael@scott.biz,97
4659,Bryan Fitzgerald,shawanthony@yahoo.com,41
4660,John Morgan,udiaz@foster-winters.net,67
4661,Brian Mercado,reedamy@manning.org,70
4662,Eric Manning,nramirez@hotmail.com,10
4663,Christopher Spence,qlopez@davis.info,83
4664,Lori Fletcher,darrelllynn@hotmail.com,49
4665,Miranda Walters,jasmine48@payne.net,39
4666,Isaiah Griffin,ryankelsey@yahoo.com,26
4667,Debra Barajas,derrick34@martinez.com,49
4668,Wendy Warren,wvaldez@gmail.com,22
4669,Robert Walsh,victorandrews@hayes.com,39
4670,Samuel Wyatt,karen56@elliott.com,51
4671,Patrick Rodriguez,qscott@gmail.com,84
4672,Natalie Russo,barneskimberly@porter.com,26
4673,Dillon Barr,wendy42@gregory.com,32
4674,Vanessa Garcia MD,nicolas67@woods-banks.com,14
4675,Mrs. Gabrielle Thomas,carlos81@yahoo.com,77
4676,Melissa Welch,lynn44@thornton-lee.com,41
4677,Samuel Garcia,xchristian@yahoo.com,17
4678,Audrey Hill,bjacobson@hotmail.com,75
4679,Victor Ramsey,seancarter@yahoo.com,65
4680,Ryan Conley,amyadkins@gonzalez-greer.org,67
4681,Billy Henry,amberwatkins@gmail.com,72
4682,Vickie Miller,mcmahonryan@curry-andrews.com,76
4683,Timothy Ray,perkinsmelissa@ramirez.info,21
4684,Olivia Grant,hudsonlouis@hotmail.com,65
4685,William Bentley,laurierogers@trevino-williams.com,11
4686,Tiffany Adams,james84@henry.com,53
4687,Scott Dickerson,cpruitt@green.com,46
4688,Jennifer Johnson,lambertcindy@hill.biz,29
4689,Adam Green,ryan46@boyer-collins.org,78
4690,Jackie Brown,hessdanny@gmail.com,85
4691,Arthur Duncan,perezjames@wallace.com,14
4692,Nicholas Nguyen,david57@cook-castro.com,31
4693,Samuel Williams,ginamartin@hotmail.com,66
4694,Erin Cherry,xortiz@yahoo.com,64
4695,Evan Washington,patricia56@yahoo.com,93
4696,Krystal Scott,kevinjohnson@medina.com,30
4697,Desiree Jones,kimberly13@myers-fowler.net,20
4698,Raymond Hernandez,larry28@archer.info,33
4699,Monica Miller,michelle48@wallace-mejia.com,30
4700,Katelyn Owens,penakenneth@gmail.com,75
4701,Daniel Terry,melissa74@edwards.biz,87
4702,Catherine Morales,cobrien@small-dorsey.com,26
4703,Dr. Marvin Price MD,davisrachel@gmail.com,90
4704,Stephanie Howard,deniselopez@walker.net,43
4705,Vanessa Alvarado,zmcdowell@hart-hammond.com,34
4706,Elizabeth Stevens,jamesgonzalez@hotmail.com,78
4707,Robert Andrade,harperkathy@gmail.com,31
4708,Rachael Rodriguez,esanchez@shields.com,25
4709,Alicia Ward,michaelarnold@hotmail.com,56
4710,Alyssa Wright,jennifer64@charles-walker.com,49
4711,Brenda Sanchez,kim81@yahoo.com,79
4712,Melissa Lewis,wyattcarol@gmail.com,52
4713,Damon Ellis,banderson@yahoo.com,45
4714,Shane Holland,pamela03@lopez-farmer.net,43
4715,Mary Lowe,bharris@campos-williams.com,53
4716,Kathryn Watkins,michael43@parker-moss.com,22
4717,Colleen Edwards,jonathan73@yahoo.com,64
4718,Darren Stanley,carolynpowers@yahoo.com,35
4719,Monica Rasmussen,rayaudrey@anderson.info,21
4720,William Barnes,felicia33@gmail.com,64
4721,Joseph Black,lopezdavid@yahoo.com,41
4722,Donna Smith,joelwalsh@jones.net,66
4723,John Vasquez,wsmith@yahoo.com,59
4724,Patricia Mcdonald,jaycole@yahoo.com,85
4725,Renee Clark,franklinsusan@gmail.com,50
4726,Laura Wilcox,danielwest@gmail.com,79
4727,Clinton Jacobs,alyssaatkinson@yahoo.com,16
4728,Tom Bishop,wmiller@gmail.com,83
4729,Sarah Brown,johnnyparker@hotmail.com,37
4730,James Brown,susanperez@gmail.com,78
4731,Misty King,hicksashley@gmail.com,56
4732,Kelly Morgan,ejohnson@gardner-kerr.com,96
4733,Thomas Kennedy,santiagojacob@hotmail.com,56
4734,Ashley Stone,hilltara@church.com,29
4735,Allison Jackson,williamserica@stone.com,77
4736,Kim Lara,rojaskevin@lawrence-hardy.info,42
4737,Eric Moore,jill97@gmail.com,66
4738,Donna Blanchard,jbates@gmail.com,52
4739,Raymond Stephens DVM,joel33@newton-goodwin.info,55
4740,Jessica Norris,christopherroberts@hotmail.com,99
4741,Michelle Schwartz,barbara65@yahoo.com,12
4742,Stephanie Kelley,johnsoncody@hotmail.com,77
4743,Gina Baker,wendycampbell@hotmail.com,63
4744,Angela Kelley,kharris@simmons.com,12
4745,Barbara Pugh,whughes@yahoo.com,13
4746,Brandon Cannon,nicholsjoyce@gmail.com,60
4747,Larry Tran V,ianramos@hotmail.com,12
4748,Mackenzie Nixon,darrellcontreras@hall.com,17
4749,Gabriel Ochoa,kevin83@yahoo.com,84
4750,Scott Larsen,troyrogers@yahoo.com,50
4751,Amber Sexton,butlerchristopher@hotmail.com,82
4752,Daniel Boyd,sherry60@mendez-haynes.biz,70
4753,Samantha Russo,perezkristin@bullock.com,60
4754,Amanda Vega,wilsonjessica@hotmail.com,26
4755,Kimberly Dennis,maryhouse@smith-rodriguez.com,42
4756,Heather Nichols,nwilliams@yahoo.com,48
4757,Michael Hardin,joshua09@cox-johnson.org,29
4758,Tammy Pope,emilymoore@yahoo.com,50
4759,Bruce White,adrianaperez@hotmail.com,23
4760,Sherry Simmons,vanessafitzpatrick@snyder.info,36
4761,Laura Wheeler,alex55@gmail.com,99
4762,Alyssa Mcgee,tamipatel@yahoo.com,65
4763,Megan Cook,penamichael@hotmail.com,77
4764,Antonio Rogers,scottcollins@weaver-green.com,35
4765,Carlos Romero,jameserik@gmail.com,48
4766,Amanda Adams,qhood@rhodes.biz,85
4767,Brian Alvarez,christinefernandez@chandler.info,77
4768,Dr. Terry Ferguson,kelsey20@gmail.com,66
4769,Jerry Winters,gonzalezalexis@yahoo.com,39
4770,Jason Crane,wwilliams@yahoo.com,52
4771,Kathy Mcdowell,craig81@yahoo.com,46
4772,Richard Heath,natalie17@gmail.com,13
4773,Cassandra James,shelby81@yahoo.com,60
4774,Christina Burke,christopher00@olson.com,25
4775,Janice Booth,medinakelly@hotmail.com,87
4776,Meredith Short,vblackwell@hunt.biz,65
4777,Joshua Ferguson,allendonald@gmail.com,31
4778,Robert Berger,wmason@webb.net,76
4779,Thomas Martinez,obriennicole@yahoo.com,60
4780,Shirley Rodriguez,gilesdestiny@hotmail.com,61
4781,Robert Palmer,andersonsamuel@hotmail.com,36
4782,Barbara Hensley,vicki90@schneider-bradley.com,18
4783,Claire Wilkerson,chasechad@roy.com,65
4784,Adrian Love,imartinez@nichols.com,94
4785,Shelly Norris,jamesbradley@hotmail.com,64
4786,Paula Watson,bjohnson@hotmail.com,98
4787,Robert Pierce,wolfejacob@gmail.com,57
4788,Kevin Alexander,barryharvey@smith.com,16
4789,Terry Salinas,wromero@gay-miller.com,37
4790,James Young,marcpatel@mora.biz,44
4791,Kathryn Palmer,connielittle@yahoo.com,17
4792,Joanna Harris,michaelbrown@hotmail.com,46
4793,Maria Shepherd,cynthiawarren@sanders.info,18
4794,Natasha Keller,kellyjeffrey@yahoo.com,39
4795,Laurie White,toddnicholas@carter.net,19
4796,Michelle Evans,wiseashley@hotmail.com,51
4797,Daniel Kramer,kimberlyryan@hotmail.com,84
4798,Barbara Walters,richardmckee@martin.net,93
4799,Adrian Clements,mitchellsexton@yahoo.com,98
4800,Kenneth Robinson,ivan59@yahoo.com,12
4801,Katie Anderson,thomas35@yahoo.com,76
4802,Emily Li,kmeza@johnson-villa.com,41
4803,Oscar Lawson,nlowe@lopez.com,50
4804,Richard Howard,lisa22@booth-whitaker.com,78
4805,Joanne Clark,thomaspatricia@thomas.biz,87
4806,Jennifer Castillo,hillcurtis@hotmail.com,54
4807,Rebecca Nichols,john06@yahoo.com,63
4808,Mrs. Tiffany Simon,ocaldwell@snyder-davis.net,82
4809,Jasmine Wilson,kayla44@hughes.net,83
4810,Steven Johnson,johnsonallen@gmail.com,87
4811,Jeffrey Thompson,grant65@banks.com,87
4812,Nicholas Hernandez,reneeolson@sutton.org,68
4813,Joseph Miller,adam19@may.com,83
4814,Harry Castro,danieljoy@mendez.com,45
4815,Christine Vance,paulabecker@rodriguez-avila.com,72
4816,Ashley Martinez,nsharp@carter.com,53
4817,Thomas James,lcampos@johnson.info,73
4818,Shelley Burnett,mathisclarence@salas.info,73
4819,Thomas Cook,beth14@gmail.com,55
4820,William Harris,richardboyd@dunn.com,32
4821,Linda Rodriguez,paynedaniel@evans-campbell.com,69
4822,Joshua Rivas,mgutierrez@vance-foster.org,33
4823,Joseph Daugherty,oliviamathis@hopkins-martinez.info,37
4824,Charles Brown,stacie81@williams.com,43
4825,James Stephens,laceybrown@gmail.com,19
4826,Tara Larsen,albertwade@gmail.com,62
4827,Amy Gregory,jmiller@turner.org,29
4828,Karen Moore,heather50@rhodes.biz,56
4829,Eileen Lara,logan69@yahoo.com,56
4830,Miguel Evans,scottandrew@yahoo.com,21
4831,Yvonne Deleon,gjones@hotmail.com,99
4832,Angie Hernandez,jschmidt@mays-stone.com,40
4833,Daniel Jackson,haynesbrianna@hammond.com,87
4834,Sherry Ramos,xjohnson@hotmail.com,77
4835,Ian Macias,qlopez@mcdonald.org,97
4836,Shaun Lowe,michaelpark@heath.biz,47
4837,Kyle Goodwin,lisa53@yahoo.com,90
4838,Andrew Miller,andrewkoch@bailey-reeves.com,16
4839,Sarah Benitez,qwilliams@gmail.com,72
4840,Peter Rhodes,kylesawyer@gmail.com,69
4841,Dennis House,ovasquez@guzman.com,55
4842,Robert Fischer,foneal@hotmail.com,81
4843,Larry Kirk,whitneyrogers@phillips.org,58
4844,Michael Beck,hernandeznicole@gmail.com,56
4845,Jordan Campbell MD,hgoodman@yahoo.com,81
4846,Jonathan Fletcher,hmendoza@maxwell.com,92
4847,Grant Simon,vasquezrobert@luna.com,88
4848,Andrew Allen,tduffy@barrett-jones.info,70
4849,Lance Moore,austinlisa@gmail.com,68
4850,John Hernandez,arthur61@simmons.org,51
4851,Alexander Anderson,richard88@gmail.com,96
4852,George Rodriguez,candacemiller@garcia-murphy.com,74
4853,Rhonda Nash,brownmegan@mahoney-carter.com,68
4854,Jill Villa,omolina@yahoo.com,28
4855,Lisa Hicks,henry63@gmail.com,40
4856,Brian Murphy,williamvillegas@yahoo.com,34
4857,Christopher Black,ericlamb@gmail.com,40
4858,William George,tlee@gmail.com,83
4859,Anthony Sanders,nmcbride@yahoo.com,85
4860,Monica Gilbert,richardgross@white.org,14
4861,Robert Simpson,donaldhenderson@yahoo.com,14
4862,Barry Wong,rcamacho@hotmail.com,12
4863,James Harris,tina28@jackson-hardy.net,75
4864,Rhonda Lawson,tiffany43@yahoo.com,53
4865,John Park,andersondaniel@yahoo.com,84
4866,Michael Foster,michael72@yahoo.com,48
4867,Kenneth Singleton,tracy20@hotmail.com,30
4868,Bradley Patterson,karenbryant@mitchell.biz,58
4869,Antonio Martin,tiffany05@hotmail.com,85
4870,Anthony Gutierrez,moorealbert@hines-hampton.org,82
4871,Karen Wright,richard10@garcia-smith.com,50
4872,Alexandria Chen,kevinrobbins@yahoo.com,10
4873,Andrea Mercado,danielburns@alexander.net,75
4874,Terry Garcia,james03@francis-hale.com,72
4875,Tonya Fry,luisalexander@gmail.com,56
4876,James Munoz,bethmiller@hotmail.com,72
4877,Sarah Jones,hernandezdaniel@kemp-griffith.net,85
4878,Devon Carter,btaylor@powell.com,97
4879,Jeffrey Jennings,victoriajohnson@martin-trujillo.com,43
4880,Kenneth Booth,davidstevens@dixon.com,82
4881,Anne Lawson,shannonzachary@yahoo.com,59
4882,Lisa Quinn,bclark@gmail.com,62
4883,Tyler Castillo,william47@newman-farrell.com,61
4884,Cory Williamson,collinsstephen@gmail.com,12
4885,Emily Frazier,debrabrown@carter-carter.com,37
4886,Jennifer Estrada,nathaniel58@pearson-sellers.org,65
4887,Anthony Diaz,claystephen@gmail.com,77
4888,Lisa Rogers,jamesjacob@morgan.net,69
4889,Shannon Yates,pbird@hotmail.com,99
4890,Rebecca Marshall,randygriffin@gmail.com,66
4891,Dr. Alisha Pratt,gabriel85@yahoo.com,73
4892,Timothy Robertson,blee@peterson.biz,83
4893,Ronald Ryan,james13@yahoo.com,94
4894,Alec Bailey,chaneykaren@smith-lambert.com,76
4895,Jeremy Bowen,kholder@yahoo.com,17
4896,Jorge Woodard,courtneybarron@yahoo.com,76
4897,Victor Boyer,bryanlawson@hotmail.com,67
4898,Christopher Spencer,manuel09@gmail.com,16
4899,Stephen Green,nhernandez@lopez.biz,74
4900,Brenda Evans,nhaley@yahoo.com,15
4901,Joy Richards,john51@hotmail.com,85
4902,Nicole Reyes,travis56@young-rodriguez.com,35
4903,Donald Ramirez,mitchellchad@garcia-bauer.net,83
4904,Peter Warren,cstein@hotmail.com,83
4905,Kelly Davis,jcurry@morgan-martinez.org,59
4906,Victoria Dawson,ronnieswanson@graves.biz,33
4907,Kristen Carter,roberttaylor@yahoo.com,68
4908,Crystal Case,turnermatthew@yahoo.com,57
4909,Emily Simon,ian75@wolf.com,15
4910,Richard Hunt,kevin57@yahoo.com,80
4911,Stephanie Delacruz,tannerbilly@hotmail.com,33
4912,Jessica Black,kli@tran.org,77
4913,Bruce Miller,howardanthony@hotmail.com,57
4914,Kerry Baker,brownwalter@yahoo.com,20
4915,Bailey Obrien DDS,rogerssamantha@lee-carter.com,69
4916,Charles Cameron,chad12@johnson.info,98
4917,Debra Davis,bradleygarcia@gmail.com,43
4918,Laura Stephens,daniel59@jones.biz,36
4919,Tina Watson,watsonfrederick@smith.com,63
4920,Misty Jacobs,kellie40@yahoo.com,92
4921,Mark Nichols,crawfordrandy@armstrong-olson.com,96
4922,Michael Velez,mmartinez@welch.com,87
4923,Christian Martin,reedbryan@hotmail.com,23
4924,Linda Garcia,zachary73@hopkins.info,77
4925,Charles Jones,dmurillo@yahoo.com,81
4926,Julie Smith,smithjoseph@medina-alexander.net,94
4927,Allen Flores,linda24@wilson.com,29
4928,Elizabeth Donaldson,sean64@bishop-mcgrath.com,70
4929,Jeffrey Thomas,karenarnold@hotmail.com,21
4930,Nathan Murphy,pbarnes@rocha-powers.com,59
4931,Jonathan Bryant,lisa02@blake.com,12
4932,Megan Ross,carolynwatkins@yahoo.com,98
4933,Jennifer Hickman,brianmathews@gmail.com,48
4934,Patrick Johnson,desiree76@west-hensley.info,92
4935,Timothy Owen,petersonkevin@harrison-martin.com,66
4936,Katelyn Morrison,austin96@yahoo.com,19
4937,Robert Martinez,savannah54@hotmail.com,40
4938,Joel Moore,kingmichael@mcgee.com,20
4939,Adam Williams,melissamiller@fitzpatrick.com,46
4940,Dr. Jamie Conrad MD,stewartjacob@yahoo.com,64
4941,Scott Bailey,odelgado@yahoo.com,69
4942,Colin Thompson,jimenezjack@hotmail.com,12
4943,Gabriella Chavez,falexander@yahoo.com,73
4944,Misty Alexander,pfisher@yahoo.com,43
4945,Mary Thomas,katherine64@hotmail.com,47
4946,Miranda Williams,campbellfrancis@burns.biz,91
4947,Heather Watson,marvinjones@yahoo.com,61
4948,Carol Ellison,normanknight@sanchez-roberts.net,22
4949,Monica Rogers,madeline94@gmail.com,18
4950,Mason Johnson,frazierparker@wall-rivera.info,60
4951,Alexandria Wang,cody57@rodriguez.org,24
4952,Robert Kennedy,calebhenderson@hotmail.com,44
4953,Jacob Schmitt,tonyaaguilar@thomas.biz,34
4954,James Ortiz,rgrant@hotmail.com,52
4955,Tracey Good,ruizjay@paul-gonzalez.biz,33
4956,Shelby Wilson,forbesdustin@jefferson.com,53
4957,Kimberly Johnson,bianca45@cherry-wright.com,90
4958,Brian Smith,shannon63@oliver.com,54
4959,Jamie Gates,nmendoza@hill.com,60
4960,Jason Mack,jeanettesanchez@hughes.com,22
4961,Holly Maldonado,sharonclark@gmail.com,41
4962,Christine Garcia,laurieharris@gmail.com,39
4963,Seth Fisher,combskristin@green.biz,51
4964,Meghan Holt MD,eric04@gmail.com,56
4965,Kathryn Walton,danielsimmons@higgins.biz,26
4966,Curtis Tucker,nsullivan@downs-davis.com,53
4967,John Harrell,caldwellbrandon@peters.com,47
4968,Danielle Sims,nwright@hotmail.com,43
4969,Taylor Beck,brownaustin@stewart-english.com,81
4970,Anthony Flores,jesse44@mccann.net,92
4971,Justin Jones,tina48@thomas.com,86
4972,Alicia Frost,anthonyescobar@gmail.com,50
4973,Teresa Peterson,avilaandrew@hotmail.com,82
4974,Stephen Faulkner,lisasmith@hotmail.com,53
4975,Aaron Tran,mpatel@hotmail.com,65
4976,Sarah Travis,meredith85@hotmail.com,94
4977,Carlos Jackson,ijenkins@gmail.com,55
4978,Lisa Chavez,alyssahogan@yahoo.com,38
4979,Daniel Robinson,sheilagilmore@yahoo.com,49
4980,Bonnie Murphy,tperez@thomas-johnson.org,39
4981,Andrew Becker,hannahochoa@howard-nguyen.com,81
4982,Gabriel Robinson,patelvanessa@vega.net,66
4983,Kurt Rivas,whitakerrichard@gonzalez.org,51
4984,Mr. Kyle Hall,floreslisa@hotmail.com,74
4985,Michelle Ray,fritzlauren@gilbert.com,60
4986,Christina Thompson,troytorres@hotmail.com,31
4987,Stephen Ingram,jaredmonroe@robinson.info,66
4988,Jorge Burke,shirley07@yahoo.com,79
4989,Rebecca Ruiz,nelsonchristina@gmail.com,84
4990,Melanie Monroe,davidhill@ewing.info,21
4991,Matthew Aguirre,smithluis@gmail.com,59
4992,Ashley Arnold,kathryn90@stark.net,80
4993,Elizabeth Turner,patrick24@little.com,83
4994,Brandi Ortiz,kenneth68@gmail.com,38
4995,Ruth Dillon,bethany01@banks.com,69
4996,Julie Newton,theresalyons@gmail.com,59
4997,Angela Rollins,jessehuff@hotmail.com,56
4998,Jennifer Ward,diane66@walsh-rios.net,29
4999,Kylie Burns,goodwinbrandy@smith-webster.com,75
5000,Christopher Mckay,denniswiggins@yahoo.com,90
5001,Adam Wood,roblesmelissa@ramirez-brandt.com,90
5002,Clifford Jones,schultzjacob@gmail.com,63
5003,Janet Taylor,nshah@castaneda-clark.biz,40
5004,Brian Powell,kimberlymckinney@yahoo.com,30
5005,Jodi Griffin,dana55@gmail.com,63
5006,Chelsea Garcia,sandovalmary@barrett-clark.com,75
5007,Daniel Wright,david18@hernandez.com,85
5008,Kristin Foster,jonwatson@hotmail.com,88
5009,Christopher Davenport,stacycole@yahoo.com,11
5010,Christina Burns,psimpson@mann.com,89
5011,Leroy Carpenter,jeffrey87@lam-clay.com,74
5012,Jennifer Boyle,heather23@berry-simon.net,60
5013,Kayla Davis,hartnicholas@gmail.com,29
5014,Paige Cardenas,dwiggins@yahoo.com,92
5015,Amanda Chapman,brandonperry@hotmail.com,70
5016,Michael Brown,oparker@hotmail.com,95
5017,Jason Goodwin,hwashington@yahoo.com,89
5018,Allison Thomas,jzamora@morales-sutton.com,29
5019,Jerry Oconnor,fsanchez@spencer-richard.org,80
5020,Shawn Kelley,yhenson@hotmail.com,89
5021,Alexander Romero,ldavila@hotmail.com,13
5022,Pamela Robinson,monique50@yahoo.com,29
5023,Heather James,lisapatterson@owens.com,25
5024,Michael Grimes,scampbell@roberts.com,75
5025,Jose Whitaker,danawebb@williams.com,77
5026,Raymond Garcia,timothywillis@hotmail.com,22
5027,Sarah Roberts,autumnhowell@greer-rodriguez.org,95
5028,Frank Duncan,kenneth38@williams.com,81
5029,Brooke Lara,sheila91@yahoo.com,23
5030,Michael Black,dchung@yahoo.com,91
5031,Ronald Fowler,shannonortega@davis-williams.com,84
5032,Steve Bernard,stephen77@barnett.com,20
5033,Alexander Gilbert,drakekristy@hotmail.com,69
5034,Katherine Perry,ymills@santos.org,37
5035,Elizabeth Roberts,erictaylor@gmail.com,59
5036,Hayley Carroll,weisskathryn@gmail.com,78
5037,Mark Cunningham,kristenrich@lewis-webb.info,79
5038,Robert Martinez,williamshaffer@yahoo.com,19
5039,Justin Brown,audreytaylor@hotmail.com,90
5040,Tyler Lindsey,jackrubio@gmail.com,70
5041,Pamela Browning,jwilson@gmail.com,76
5042,Nicole Snyder,wrightjohn@morse-rivera.org,97
5043,Roger Lamb,michellethomas@wheeler-rojas.com,92
5044,Mrs. Michele Lopez,michelegonzalez@gmail.com,77
5045,Scott Young,garciadeborah@thompson-davenport.com,94
5046,Carlos Walker,middletonderrick@gmail.com,97
5047,Jason Hall,sharonhammond@walsh.com,16
5048,Eric Sherman,kevinadams@levine.biz,45
5049,Alec Thomas,andrea20@hardy.com,35
5050,Christine Schwartz,xzimmerman@morrison-jennings.net,39
5051,Kimberly Daniel,williamschelsey@hotmail.com,23
5052,Anthony Bass,colton35@brown-stewart.com,32
5053,Stephanie Choi,tracyyoung@keller.com,71
5054,Andrew Lin DDS,santiagocaroline@conner-garcia.com,25
5055,Michael Wang,ericalvarado@hotmail.com,22
5056,Frank Hill,ublackwell@nelson.com,49
5057,Leslie Garcia,kevinmercer@gmail.com,51
5058,Andrew Bowman,emily67@hotmail.com,38
5059,Tyler Herring,floydbryan@gmail.com,43
5060,Kenneth Fox,lopezshannon@may.com,32
5061,Kenneth Cunningham,nelsonmichael@hotmail.com,45
5062,April Glenn,jason22@yahoo.com,91
5063,Michael Trevino,karen03@gmail.com,68
5064,Nicole Murphy,longpaul@gmail.com,14
5065,Travis Huang DDS,ericabrown@yahoo.com,62
5066,Victoria Coleman,awade@yahoo.com,41
5067,Angela Cruz,fjones@lopez-moore.net,14
5068,Ross Shelton,hannakristen@patterson.com,36
5069,Kevin Webster,olivia43@hotmail.com,49
5070,Christopher Walker DDS,shannonellis@yahoo.com,91
5071,Mr. Brian Duran DVM,lewisleslie@welch.com,51
5072,David Meadows,gyoder@hotmail.com,17
5073,Crystal Robertson,dwood@fuentes.org,63
5074,Charles Evans,brownheather@chase.com,15
5075,Sarah Jones,rodriguezsara@bates.biz,18
5076,Cameron Gibson,monica29@gmail.com,54
5077,Jessica Mills,timothy34@gmail.com,67
5078,Alyssa Franklin,wrobinson@gmail.com,42
5079,Angela Daniels,lgalloway@yahoo.com,12
5080,Patrick Cox,schroederwilliam@cook.info,14
5081,Brian Stone,lauren41@harris-miller.com,58
5082,Karen Caldwell DDS,millermichael@hotmail.com,39
5083,Anthony Hill,sbautista@brown-houston.net,79
5084,Ryan Barnes,baileyjessica@luna.org,59
5085,Nathaniel Sharp,dkelley@moreno-owens.com,98
5086,Carlos Williams,jonesmichael@watson.net,95
5087,Tony Harris,thomasamy@miller.com,94
5088,Destiny Lee,mwheeler@hotmail.com,16
5089,Audrey Harper,hnicholson@hotmail.com,46
5090,James Smith,brockkari@yahoo.com,91
5091,Rebecca Whitaker,marcayala@hotmail.com,58
5092,Jennifer Liu,ebaird@hotmail.com,57
5093,Dana Santana,peggygomez@curtis.org,55
5094,Julia Weber MD,anthony93@hatfield.com,47
5095,Olivia Mills,adamhansen@hotmail.com,11
5096,Lisa Le,clynch@gmail.com,60
5097,Kimberly Jimenez,kimberlyfernandez@yahoo.com,85
5098,Holly Simpson,amandabaker@santana.com,32
5099,Jeremy Howard,cdavis@hawkins.com,58
5100,Latoya Brown,dfowler@hotmail.com,89
5101,Rebecca Martin,larry24@gmail.com,71
5102,Henry Anderson,tamara45@hotmail.com,40
5103,Alexandria Flores,gregorymichael@garner.net,55
5104,Deborah Davis,shall@fernandez.net,94
5105,Elizabeth Richardson,fosterkimberly@yahoo.com,19
5106,Andrea Mcmillan,tuckercatherine@johnston-castaneda.com,30
5107,Lisa Herman,ashleyfowler@lowe-meadows.com,35
5108,Nicole Mcintosh,tammysanchez@stevens-colon.info,37
5109,Jill Page,philipschneider@johns-davis.org,83
5110,Christopher Dunn,zachary64@yahoo.com,27
5111,Michele Clark,alan54@garrett.com,70
5112,Charles Morris,nelsonsteven@fisher.org,21
5113,Sarah Watson,tiffany62@collins-mueller.com,69
5114,Aaron Martin,ngraham@morse.com,86
5115,Theodore Morris,vincentgregory@steele-franklin.com,24
5116,John George,maria07@hernandez-adkins.net,47
5117,Laura Hunt,nthomas@gmail.com,79
5118,Laura Davis,fterry@morgan.com,81
5119,Alexandria Dennis,amywoodward@yahoo.com,32
5120,Tara Jennings,julia30@gmail.com,65
5121,Ruth Reid,fsmith@rivera-gregory.com,86
5122,Kimberly Mccormick,lynchkatie@yahoo.com,97
5123,Nicholas Price,jameswilliams@yahoo.com,38
5124,Patrick Barry,elizabethflores@yahoo.com,33
5125,Kathryn Vasquez,markduncan@moore.com,96
5126,Susan Watson,lwells@hotmail.com,62
5127,Sean House,qjackson@finley-kelley.net,19
5128,Alyssa Smith,sarahwells@hotmail.com,59
5129,Nicholas Juarez,megansparks@hotmail.com,68
5130,David Carey,uevans@yahoo.com,50
5131,Nicholas Fisher,gwells@cantrell-jacobs.net,65
5132,Dana Mills,hansonjoshua@hernandez-miller.info,20
5133,Sandy Evans,yhall@padilla-johnson.com,49
5134,Crystal Harper,hwolfe@moody.org,97
5135,Ryan Murray,nicholasallen@mosley.com,12
5136,Melissa Carter,jennifer15@giles.org,68
5137,Albert Franco,shane03@hotmail.com,48
5138,Phillip George,samanthaodonnell@yahoo.com,33
5139,Rebecca Martinez,markhayes@gmail.com,80
5140,Eric Harrison,johnnyrobinson@hall-clarke.net,11
5141,Candice Leonard,jacobthomas@ho-wells.com,39
5142,Anthony Lewis,lindsay01@gmail.com,61
5143,Kevin Ford,henryjennifer@gmail.com,14
5144,Sylvia Murphy,jamiewang@ballard.net,99
5145,James Williams,antoniohayes@yahoo.com,62
5146,Dana Gray,omoore@figueroa.net,45
5147,Sheri Jordan,timothyholmes@hotmail.com,48
5148,Darryl Garner,julie26@hotmail.com,61
5149,Elizabeth Lopez,elizabethberger@hopkins.com,64
5150,Mary Perkins,jamie10@riley.com,50
5151,Sara Cox,tiffany57@goodwin.com,60
5152,Mark Craig,hbutler@cannon-jones.biz,87
5153,Tiffany Farley,garzajoe@white.com,39
5154,Susan Leonard,antonio63@weiss-george.com,12
5155,Holly Brown,andrewyork@hotmail.com,51
5156,Christopher Lam,wrogers@yahoo.com,62
5157,Sarah Curry,christhomas@stevens.info,95
5158,Stephanie Holmes,timothybuchanan@hubbard.biz,51
5159,Amanda Bailey,matthewhobbs@krause.net,95
5160,Candace Blake,zsmith@gmail.com,19
5161,Lynn Rodriguez,anthonyrogers@hill.com,42
5162,Brent Parker,olivia67@hotmail.com,75
5163,Shannon Hall,mbauer@franco.biz,37
5164,Amy Hill,fharris@yahoo.com,42
5165,Jason Barron,burgesstamara@mercer.com,82
5166,Erin King,ksanchez@gmail.com,81
5167,Timothy Roberson,carlosleon@garcia.com,85
5168,Jill Shaw,lesterdavid@ochoa.com,29
5169,Kenneth Scott,lwilson@yahoo.com,82
5170,Vincent Sanchez,jeffery05@decker.net,97
5171,Jason Morris,owenmark@cruz.com,24
5172,Anna Johnson,thomas61@gray-anderson.biz,39
5173,Jennifer Gomez,james78@rice-fritz.com,21
5174,Julia Warren,anitagreene@gmail.com,75
5175,Benjamin Hansen,kempcrystal@cook.org,55
5176,Wendy Lewis,wrightbrian@hotmail.com,13
5177,Timothy Melton,mlee@morrison-vaughn.com,43
5178,Zachary Hernandez,davidsmith@owens.com,24
5179,Seth Garcia,tylervelasquez@harrington.com,91
5180,Jill Taylor,fmartin@mckenzie-robinson.com,80
5181,Cameron Cook,cdaniel@hotmail.com,15
5182,Steve Roberts,qvaldez@morris.info,33
5183,Ariel Fox,erodriguez@yahoo.com,60
5184,Kim West,christopher76@acosta.com,66
5185,Daniel Lowery DDS,bestemily@rogers.com,85
5186,Julie Lopez,wmoore@yahoo.com,18
5187,Andrea Mclaughlin,donna14@mcdonald-ellis.com,61
5188,Paula Johnson,jose00@potts.com,65
5189,Brittany Randall,knapptodd@mccoy-thomas.com,34
5190,Troy Miller,wesleyspencer@torres.org,56
5191,Robert Ramirez,floreskimberly@benson.org,71
5192,Benjamin Lewis,aglover@gmail.com,12
5193,Veronica Larson,michael31@hotmail.com,80
5194,Joshua Anderson,william30@jacobs.com,29
5195,Maria Davis,torresphilip@guerrero.com,78
5196,Katie Cohen,wpham@gmail.com,71
5197,Alexa Hess,kevin90@gmail.com,65
5198,Christopher Nunez,lawrence16@yahoo.com,93
5199,Ethan Anderson,gouldcaleb@gutierrez.info,54
5200,Courtney Horton,kayla52@yahoo.com,86
5201,Melissa Moore,kristin89@yahoo.com,97
5202,Virginia Fischer,oliviabartlett@yahoo.com,63
5203,Stephanie Bowen,christina74@reyes.org,89
5204,Joseph Vincent,stephanie04@yahoo.com,45
5205,William Cunningham,nicholasconley@yahoo.com,36
5206,Laura Montes,derek61@holland.info,10
5207,William West,kennethhanson@martinez-young.net,98
5208,Martin Williamson,benjaminphillips@sparks.com,89
5209,Angela Daugherty,rebecca97@yahoo.com,41
5210,Elizabeth Nguyen,vcarter@yahoo.com,13
5211,Mr. Nathan Bryan Jr.,youngjessica@gmail.com,92
5212,Deborah Adams,lflores@gmail.com,45
5213,Melissa Gibson,danieljacobs@smith.biz,88
5214,Barbara Richardson,anthonylee@hotmail.com,23
5215,Kathryn Clark,mcculloughandrea@johnson.com,18
5216,Heather Weber,odeleon@lopez.net,34
5217,Regina Gillespie,max65@kennedy-harris.com,11
5218,Mark Cohen,sreynolds@hotmail.com,70
5219,Eduardo Webb,richard66@gmail.com,72
5220,Derrick Hayes,nconley@hotmail.com,43
5221,Gabriel Pearson,catherine29@yahoo.com,45
5222,Nicholas Perez,millerstephanie@maxwell.com,65
5223,Jane Joseph,pamela59@griffith.info,42
5224,Brianna Andrews,carolinesnyder@osborn-wright.com,36
5225,Dawn Anderson,rickyatkinson@collins.info,94
5226,April Ritter,xsmith@hotmail.com,41
5227,Brian Dean,wendyclark@wagner.net,88
5228,John Jimenez,jeffreyallison@norman-brandt.net,24
5229,Christopher Cline,qjohnston@martin.com,29
5230,Joseph Gonzales,nathangarcia@robinson.com,40
5231,Christopher Brown,wsimmons@benton.biz,36
5232,Albert Smith,josephchang@hotmail.com,66
5233,Thomas Monroe,briggsdennis@hotmail.com,37
5234,Kristin Davis,istevens@yahoo.com,33
5235,Robert Gonzalez,apatterson@hotmail.com,59
5236,Sandra Lopez,ronaldcooper@gmail.com,13
5237,Anthony Peterson,mary76@yahoo.com,47
5238,Chelsea Robinson,vtyler@dunn.com,46
5239,Shawn Scott,douglascervantes@gmail.com,40
5240,Julie Zhang,carterkelly@yahoo.com,95
5241,Kevin Armstrong,mariafields@salas.com,53
5242,Rebecca Henderson,mackenziehuynh@hall.com,55
5243,William Warner,mary21@mejia-alexander.com,39
5244,Dustin Coleman,rileyjennifer@lin.net,83
5245,Matthew Arnold,guerrajose@yahoo.com,98
5246,Brittany Shelton,hkramer@yahoo.com,55
5247,Dennis Mcintyre,bowmansue@morris.com,61
5248,Daniel Leblanc,coxchristopher@maldonado.com,53
5249,Aaron Parker,jenkinskirk@valdez.com,74
5250,Allen Terrell,gregory29@contreras.com,81
5251,Shannon Thomas,josephsmith@kerr-valdez.com,63
5252,Mr. Darren Joseph,robertmiller@yahoo.com,81
5253,Timothy Leonard,zacharygomez@harrison.com,82
5254,Shannon Hill,michaelbrown@yahoo.com,20
5255,Jason Gray,irodriguez@yahoo.com,49
5256,Aaron Calderon,connor00@yahoo.com,26
5257,Jessica Miller,rogersrebecca@jefferson.info,50
5258,Pamela Hurley,shannon01@stokes.com,10
5259,Sarah Garcia,nbarnes@morrison.info,35
5260,David Alexander,orussell@cannon.com,38
5261,Tony Green,pennyfields@hotmail.com,11
5262,Susan Reyes,jennifer46@ortiz.biz,43
5263,Theresa Lam,benjamin00@crawford.net,97
5264,Garrett Stewart,ericksonroberto@gmail.com,66
5265,Corey Lopez,rachaeldaniel@jacobson-carney.com,62
5266,Michael Johnson,barnessabrina@martinez.com,50
5267,Samuel Baker,karenjones@caldwell-moyer.org,35
5268,Matthew Navarro,jonesgregory@yahoo.com,22
5269,Lisa Smith,danielsabrina@hotmail.com,85
5270,Patricia Lindsey,amberlittle@hotmail.com,69
5271,Jason Marquez,yramirez@charles.net,94
5272,Stanley Torres,megan93@hammond.net,69
5273,Paula Ray,jamesbradshaw@gmail.com,13
5274,Arthur Mullins,tammy61@yahoo.com,54
5275,Patrick Perez,palexander@hotmail.com,11
5276,Andrew Gordon,wheelerjanet@gilmore.org,29
5277,Robert Newton,carrie49@howard.net,52
5278,Andrew Frazier,rachaellee@gmail.com,33
5279,Sarah Rose,sheilaburgess@edwards-jones.com,71
5280,David Johnson,todd87@gmail.com,99
5281,Mary Rodriguez,andrewjordan@bird.com,90
5282,Jonathan Webb,kelsey37@yahoo.com,35
5283,Kelly Taylor,ujohnson@hotmail.com,96
5284,Bryan Chavez,katherine59@bruce-walls.biz,36
5285,Jonathon Kelly,wpowell@hotmail.com,69
5286,Mark Shelton,christy57@smith.biz,33
5287,Tyler Miller,williamsrobin@hotmail.com,65
5288,Brian Bowman,ulee@gmail.com,46
5289,Carrie Phillips,dixongregory@long.info,15
5290,Christopher Williams,xkelly@cook-oneill.biz,86
5291,Mark Cross,cjohns@brown.org,86
5292,Becky Bryant,hrichardson@reed-armstrong.org,10
5293,Sarah Koch,hallen@gmail.com,30
5294,Andrea Garcia,blee@gmail.com,13
5295,Ryan Ryan,cory02@singleton.com,22
5296,Kendra Alvarez,powellmichelle@yahoo.com,41
5297,Angela Thomas,kellygriffin@rivera-castillo.com,26
5298,Victor Davila,leelinda@yahoo.com,51
5299,Eric Hoffman,owilliams@walls.com,34
5300,Matthew Doyle,ibarraerin@perry.com,55
5301,Natalie Stevenson,jessicabradley@williams.com,40
5302,Ronald Rich,michellebowen@yahoo.com,35
5303,Antonio Johns DVM,mistycooper@yahoo.com,10
5304,Margaret Nichols,nicoleharris@small.com,11
5305,Joseph Bowers,jeffrey68@wells.com,51
5306,Megan Brown,sanchezcharles@ray.org,45
5307,Sandra Bryant,jamesmatthews@hotmail.com,69
5308,John Avery,smithashley@hutchinson-wallace.com,88
5309,Anna Edwards,melissadawson@hotmail.com,31
5310,Joseph Lowe,heather14@sanchez.biz,84
5311,Chase Becker,shannon60@yahoo.com,48
5312,Deanna Brown,jeffrey92@davis.com,57
5313,Lauren Zimmerman,laurenwilliams@perez.com,59
5314,Karen Rodriguez,wandarogers@hotmail.com,86
5315,Heather White,abigail42@gmail.com,61
5316,Marvin Baker,kyle13@thompson.com,28
5317,Betty Peterson,curtisjonathan@perez-blackburn.biz,62
5318,David Berger,jenniferfrancis@coleman-johnson.com,64
5319,Alan Smith,zavalapaul@yahoo.com,76
5320,Lori Young,qhanson@gmail.com,36
5321,Scott Morgan,ojohnson@yahoo.com,36
5322,Erica Cisneros,lisa34@jackson.com,58
5323,Earl Smith,seanturner@hill.com,57
5324,Curtis Salazar,ltorres@hernandez.com,76
5325,Jeffrey Dickson,lopezdaniel@chase.com,83
5326,Ashley Murray,douglasgay@yahoo.com,38
5327,Courtney Ray,richard62@yahoo.com,26
5328,Kelly Ingram,brownchristopher@johnson.com,51
5329,Andre Nichols,robertssara@hotmail.com,60
5330,David Garcia,wcooke@brown-johnson.org,19
5331,Sarah Mclean,swilliams@hotmail.com,91
5332,Crystal Quinn,catherine48@hotmail.com,79
5333,Joshua Casey,mcconnellkari@gonzales-pineda.biz,31
5334,Mackenzie Rosario,racheltrevino@tucker-james.com,48
5335,Monique Choi,ramosjacqueline@clarke.biz,69
5336,Nicholas Brady,meghan80@mitchell.com,11
5337,Jason Ray,welchjohn@marquez-garner.info,96
5338,Jody Mosley,tony99@perkins.com,78
5339,Anthony Oliver,meredithsantos@gmail.com,42
5340,Brian Goodwin,nathanielclark@gmail.com,89
5341,Ashley Strong,gillespiecynthia@yahoo.com,99
5342,Angela Sanchez,andersonnicole@walton.net,41
5343,Erika Martinez,mwood@caldwell.biz,66
5344,Kevin Avila,ralphhubbard@hotmail.com,69
5345,Angela Watson,joycole@hotmail.com,95
5346,Jennifer Perry,hollyhernandez@anderson.com,51
5347,Jamie Christian,erika04@yahoo.com,46
5348,John Atkins,alexis01@hotmail.com,11
5349,Blake Ochoa,ruth40@hotmail.com,60
5350,Chelsea Adams,eparrish@werner.com,64
5351,Luke Brock,hermanstacey@gmail.com,89
5352,Melanie Johnson,xrasmussen@price.com,28
5353,Steven Burton,lauren45@wheeler.net,65
5354,Diane Smith,donald98@gmail.com,76
5355,Jamie Martin,timothycastillo@contreras.com,61
5356,Kerri Young,millertravis@jones.com,54
5357,Sally Lopez,wilsonlaurie@stephens.biz,66
5358,Alexandria Hernandez,ulawrence@yahoo.com,85
5359,Marc Carpenter,alexismanning@yahoo.com,83
5360,Charles Martinez,michael57@yahoo.com,48
5361,Marilyn Small,sabrina50@gmail.com,47
5362,Wendy Gonzalez,jason90@conley.com,31
5363,Gary Li,dchan@yahoo.com,92
5364,Linda Hall,veronica30@yahoo.com,75
5365,Jeffrey Madden,phillip21@rogers.com,72
5366,Robert Hudson,williamserik@brown-mckinney.info,69
5367,Kimberly Miller,gsims@gmail.com,73
5368,Jason Moore,lisa71@murray.info,37
5369,David Hines,juan00@petersen.biz,51
5370,John Anderson,matthewpatton@yahoo.com,74
5371,Claudia Scott,slarsen@watkins.com,92
5372,Chad Harris,amandadavidson@hotmail.com,12
5373,Michael Reynolds,pwright@hotmail.com,99
5374,Lee Price,michael14@gross.info,96
5375,Andrew Herrera,matthewdavis@stone-sharp.com,94
5376,Thomas Harris,yfrazier@rivers.com,10
5377,Robin Thomas,joneskristen@hotmail.com,54
5378,Christopher Mccarthy,mary88@yahoo.com,79
5379,Jessica Nguyen,ycohen@moody.net,86
5380,Jamie Wilson,james82@gmail.com,51
5381,Kendra Hayes,ipeters@gmail.com,38
5382,John Dominguez,katherine38@hess.com,92
5383,Austin Randall,zachary29@shepherd.net,26
5384,Teresa Freeman,clarkcaleb@gonzalez-simon.com,39
5385,Dean Cortez,ralph12@scott.com,41
5386,Michael Garcia,jessica89@hotmail.com,36
5387,Joshua Ayers,christophermartinez@gmail.com,73
5388,Keith Hill,brittney16@hotmail.com,54
5389,William Eaton,sullivanangela@hotmail.com,26
5390,Anthony Gonzales,gravesbrandon@yahoo.com,16
5391,Sabrina Smith,tyler83@gmail.com,20
5392,Mary Coleman,gaykenneth@yahoo.com,10
5393,Bryan Baker,tkane@hotmail.com,99
5394,Adam Hammond,jacksonrivera@gmail.com,26
5395,John Ortiz,lyncherik@randall.com,18
5396,Roy Espinoza,erinwilson@hotmail.com,77
5397,Elizabeth Hernandez,matthewjordan@hotmail.com,49
5398,Amy Mitchell,morselauren@larson-dixon.com,97
5399,Lisa Lopez,jsimmons@gmail.com,83
5400,Erin Mendez,kylebrown@wilson-cooper.com,46
5401,Daniel Miller,luceroangela@mathis-gardner.com,71
5402,Phillip Bullock,melissa04@garcia-franklin.com,10
5403,Frederick Kim,hillderrick@ferguson.org,74
5404,Calvin Foster,umcfarland@thompson.com,25
5405,Pamela Hartman,ipugh@vazquez-ruiz.org,20
5406,John Hamilton,tonistevens@gmail.com,57
5407,Briana Ortiz,smithmary@yahoo.com,12
5408,Kathy Pham,andrewmiller@hale-barber.biz,22
5409,John Bauer,tbrown@yahoo.com,29
5410,Sarah Jackson,vincentkaylee@gmail.com,13
5411,Rachel Madden,vanessa02@hotmail.com,30
5412,Erika Anderson,ppaul@miller.org,49
5413,Ashley Ramirez,jonathan13@gmail.com,99
5414,Garrett Wright,jennabray@bell.com,22
5415,Abigail Cobb DDS,megangonzalez@wheeler-rodriguez.com,17
5416,Robert Mills,scastro@roberts.net,99
5417,Alvin Schaefer,goodmanchristopher@baldwin.net,37
5418,Rachel Andrews,andersonmegan@brown.com,26
5419,Eric Mcdonald,evansashley@yahoo.com,51
5420,Ashley Wheeler,carlarocha@hamilton-phillips.org,36
5421,Curtis Martinez,edward76@hotmail.com,31
5422,Robert Hanson,rkelly@yahoo.com,75
5423,Patricia Mclaughlin,yhines@heath.com,90
5424,Elaine Vincent,chelsea72@hoffman.net,23
5425,Renee Hale,brian37@gonzales.com,84
5426,Amy Tran,christina29@brown.com,41
5427,Daniel Quinn,msparks@smith.com,81
5428,Stephanie Murillo,elizabeth12@dean.com,38
5429,Jill Lewis,max60@hotmail.com,25
5430,Douglas Thomas,mitchelljones@david-haley.biz,35
5431,Emily Bishop,fdavis@hotmail.com,61
5432,Kevin Moreno,zkeller@dominguez.biz,53
5433,Margaret Rodriguez,opalmer@liu.com,93
5434,Erin Hawkins,yhorton@gmail.com,23
5435,Brett Clarke,morrowsavannah@robinson-white.biz,64
5436,Allison Stanton,campbellmelissa@hotmail.com,76
5437,Scott Robertson,dorisvalenzuela@berry-west.org,79
5438,Jake Adams,byrdjennifer@carlson-young.com,15
5439,Kathryn Mcdaniel MD,omcgee@johnson.com,40
5440,Diana Rodriguez PhD,david40@martin.com,93
5441,Barbara Lee,hrowland@hotmail.com,82
5442,James Rodriguez,joneskaren@hotmail.com,64
5443,Beth Coffey,jwang@dean.com,34
5444,Kevin Douglas,brenda36@horton.org,19
5445,Karen Ross,andrea66@hall-mathis.com,11
5446,Mary Sexton,devintapia@harper.com,53
5447,Ronald James,foleykaren@mcdonald.org,53
5448,William Maxwell,ralph67@gmail.com,90
5449,Lisa Aguilar,melissa14@hotmail.com,33
5450,Emily Dawson,melissa19@randall.net,22
5451,Michael Malone,jennifer73@oliver.com,50
5452,Sheena Bell,maria40@hotmail.com,12
5453,John Gibson,billy86@gmail.com,97
5454,Taylor Padilla,sherry53@yahoo.com,41
5455,Andrea Waller,lewischarles@yahoo.com,20
5456,Jennifer Marshall,melinda94@brown-lucas.net,10
5457,Jacob Jenkins,yurebecca@hotmail.com,42
5458,Kristin Hernandez,aliciabrown@hotmail.com,65
5459,Sarah Berg,smithamber@gmail.com,68
5460,Reginald Dougherty,lihoward@patterson-norris.net,82
5461,William Lewis,tsmith@bryant.com,42
5462,Sandra Lee,donalddaniel@black-andrews.org,83
5463,Jasmine Fisher,nmiller@ryan.net,55
5464,Jacob Terry,paige97@hotmail.com,42
5465,Mrs. Veronica Cunningham,donaldwalker@walls.com,92
5466,Jeremy Collins,leslie53@hotmail.com,98
5467,Thomas Bowen,derek94@reeves-price.com,24
5468,Christopher Reid,qbarnes@guerra.com,26
5469,Sean Hayes,jordan14@marshall.org,56
5470,Matthew Clark,mvargas@yahoo.com,24
5471,Debra Larson,zachary53@yahoo.com,56
5472,Paula Parsons,thall@yahoo.com,22
5473,George Daniels,albert85@yahoo.com,27
5474,Cristian Smith,nancylarson@thompson-mcguire.biz,22
5475,Brandon Duarte,justinwall@lawson.net,27
5476,Kendra Wilson,susan37@herman.com,26
5477,Krista Chapman,petersencourtney@gmail.com,43
5478,Katherine Edwards,marchill@mills.org,96
5479,Nathan Smith,jason77@campbell-alvarez.com,21
5480,Jeffrey Howard,christinajohnson@gmail.com,65
5481,Amy Allen,shortmichelle@yahoo.com,21
5482,Patrick Klein,pattersonbrittany@morris.com,56
5483,Crystal Mcfarland,kathrynmartin@gmail.com,86
5484,Stephanie Blankenship,yruiz@ayers.com,22
5485,Marie Johnson,xevans@cox-holland.info,57
5486,Juan Anderson,orodriguez@yahoo.com,27
5487,Laurie Jones,matthewgoodwin@ochoa-bell.biz,52
5488,Tracy Williams,antonio32@hotmail.com,22
5489,Lisa Cabrera,jessica77@yahoo.com,30
5490,Adam Walsh,areed@simmons.info,61
5491,Michelle Smith,peggyramirez@valentine-smith.org,66
5492,Joshua Hammond,kwebb@hotmail.com,14
5493,Beverly Blackburn,petersstephanie@scott.net,11
5494,Nicole Green,weekschristine@mcbride-douglas.net,46
5495,Christina Bishop,fernandezmark@knight.net,64
5496,Johnny Alvarado DVM,kskinner@gmail.com,67
5497,Beth Thompson,sharon04@gmail.com,56
5498,Elizabeth Taylor,arobles@baldwin.net,92
5499,Kelsey Cannon,miguel20@miller.org,97
5500,Kyle Mooney,jessica79@long.com,77
5501,Vincent Jackson,dduran@gmail.com,79
5502,Danielle Walker,gstewart@taylor.biz,93
5503,Gary Davis,tewing@hotmail.com,79
5504,Jeffrey Clayton,wallacetracy@hotmail.com,75
5505,Joanna Rivera,stephen60@yahoo.com,90
5506,Karen Gardner,lisa79@yahoo.com,85
5507,Sandra Williams,chapmansteven@yahoo.com,54
5508,Michael Calderon,keithmendez@ward.net,38
5509,Isabel Fitzpatrick,tracy66@silva.com,58
5510,Kathleen Garcia,brittany14@burton.com,63
5511,Timothy Watson,jonesriley@yahoo.com,40
5512,Juan Sullivan,williamprice@hotmail.com,77
5513,Janice Johnson,nhiggins@price-velasquez.com,87
5514,Angela Cisneros,boothtanya@byrd.net,24
5515,Gregory Lee,brittany31@turner-martin.net,81
5516,Matthew Calderon,staffordaaron@petty-freeman.info,70
5517,Nicole Lee,grayjoanna@gmail.com,73
5518,Mr. Justin Morgan,srobbins@yahoo.com,51
5519,Victor Hernandez,ujohnson@gmail.com,62
5520,Lee Williamson,robinsonjudith@wyatt.com,25
5521,Mary Smith,tpalmer@pace.net,99
5522,Shawn Reed,courtneyanderson@yahoo.com,53
5523,Nathan Hill,bmartinez@black.com,71
5524,Mark Brooks,ryan66@walker-arnold.com,68
5525,Steven Roberts,jamespena@hotmail.com,14
5526,Karen Johnson,shannonteresa@austin-foster.biz,32
5527,Scott Ramirez,driley@avery-davis.com,37
5528,Kendra Walker,johnsonjoseph@gmail.com,73
5529,Walter King,kevin16@gmail.com,85
5530,Devin Jones,michaelhernandez@yahoo.com,96
5531,Kathy Henry,victoriapatel@gmail.com,76
5532,Christopher Jackson,theresa68@gmail.com,86
5533,Kyle Hodges,xking@waller.com,11
5534,Kelly Alexander,fhernandez@wallace.net,90
5535,Nicole Huffman,brandonking@gmail.com,89
5536,Frederick Vincent,taylor12@hotmail.com,80
5537,Sarah Cantrell,diane69@hotmail.com,11
5538,Joseph Obrien,cjarvis@yahoo.com,82
5539,Robert Gibson,spencerandrew@gmail.com,62
5540,Catherine Mack,mgentry@fischer.com,40
5541,Rodney Pitts,jasminebrown@gmail.com,14
5542,John Morton,hernandezcharles@cruz.org,50
5543,April Lee,mdickson@bell.com,54
5544,Stephen Mercado,cookisaac@robinson.biz,73
5545,Daniel Thomas,vwagner@hotmail.com,67
5546,Lisa Larsen,kelly11@saunders.com,97
5547,Cynthia Hamilton,donald14@collins.com,52
5548,Eric Lee,hschultz@gmail.com,21
5549,Madison Collins,fhahn@gmail.com,78
5550,Denise Gomez,jason11@gmail.com,48
5551,Christian Dixon,morganthompson@harrington-hernandez.org,22
5552,Jose Roberts,nancy79@walker-garcia.com,23
5553,Sara Jones,nancycooley@kline-williams.com,55
5554,Rachel Moore,johnsonmichele@reyes-johnson.com,37
5555,Michael Sullivan,loriwilliams@yahoo.com,86
5556,Linda Benjamin DVM,stephaniegonzalez@freeman.com,14
5557,Kathleen Hall,omcguire@hotmail.com,98
5558,Austin Gonzalez,careysteven@gmail.com,45
5559,Timothy Daniel,qpineda@reese.com,48
5560,William Jensen,leeclarke@willis.org,81
5561,Steven Young,warnerronald@lynch.com,84
5562,Katherine Benson,millerchristine@gmail.com,59
5563,Michelle Hudson,samantha17@yahoo.com,96
5564,Angela Shelton,mbutler@phillips.com,71
5565,Laura Garcia,bdavis@hotmail.com,24
5566,Charles Flores,jeffrey72@hill-casey.com,51
5567,Miranda Flores,terri21@yahoo.com,30
5568,Ronald Clark,parkslori@kramer.com,36
5569,Bradley Wilson,taylorrebecca@alexander-sullivan.net,50
5570,Daniel Brown,henry96@burch.info,11
5571,Kathy Cooper,chasemarks@hotmail.com,13
5572,Kendra Burns,lisabryant@yahoo.com,76
5573,Tammy Edwards,glloyd@yahoo.com,23
5574,Paul Wong,lbrown@smith.org,37
5575,Lawrence Mcgee,ellisjennifer@schneider.com,11
5576,Joel Clark,novakcarlos@yahoo.com,15
5577,Tiffany Ferguson,daniellemartinez@buchanan-griffin.com,61
5578,Bradley Webb,bmartin@gmail.com,31
5579,Christina Kidd,mlloyd@brewer-stout.biz,81
5580,Alexander Lawrence,wagnerronald@hotmail.com,32
5581,Dana Nunez DVM,joypeterson@torres-campbell.com,19
5582,Andrew Leblanc,diazbrittany@dixon-arnold.biz,66
5583,Jason Caldwell,buckadam@yahoo.com,14
5584,Yvonne Anderson,weaverrichard@yahoo.com,36
5585,Sarah Scott,danielcarroll@haynes.com,58
5586,Haley Allen,lneal@hotmail.com,85
5587,Sherry Brown,silvamegan@gibbs.com,15
5588,Lisa Johnson,lewiswilliam@diaz-farmer.com,41
5589,Jeffery Conner,ihamilton@peters.net,59
5590,Richard Brown,kimberly33@keith.biz,70
5591,Leah Gentry,andrewsmichael@gmail.com,21
5592,Lauren Ruiz,ashley90@dillon.com,97
5593,Megan Rivers,billyjones@gmail.com,78
5594,Mark Jackson,coopernancy@barnes.com,30
5595,Lisa Baird,ataylor@hotmail.com,61
5596,Charles Jones,brownsamantha@yahoo.com,79
5597,Shawn Drake,wcastro@gmail.com,46
5598,Stephen Santana,khartman@hotmail.com,35
5599,Rachel Robles,lewisandrew@campbell.com,27
5600,Christopher Cruz,bautistarichard@gmail.com,36
5601,Jason Hoover,richardsondeborah@buck-oneal.info,10
5602,Ann Jones,yflores@jones.com,11
5603,Trevor Silva,dale99@brown.info,13
5604,Ashley Sanders,dsnyder@hotmail.com,29
5605,Christopher Medina,oliviahall@johnson-silva.com,58
5606,Cheryl Rogers,scott37@davis-gardner.com,96
5607,Eric Gibbs,scox@deleon.org,85
5608,James James,gchen@yahoo.com,79
5609,Kyle Williams,travisabbott@yahoo.com,51
5610,William Nguyen,tcoleman@gmail.com,50
5611,Richard Williams,jessica10@vaughn.org,15
5612,Katherine Miller,joneskristopher@gmail.com,48
5613,Darren Hernandez,sonya11@johnson.com,41
5614,Logan Taylor,bradley79@hahn.biz,38
5615,James Warren,yacosta@lawrence-wilcox.com,77
5616,Norma Gomez,chanandrew@anderson.com,75
5617,Eric Ruiz,brandyliu@gmail.com,24
5618,Steven Chaney,vanessagutierrez@evans.com,85
5619,Jennifer Short,dixonvanessa@gmail.com,37
5620,Katie Griffin,stephen48@reynolds-rosales.org,28
5621,Larry Moody,fsandoval@gmail.com,81
5622,Jennifer Kramer,hpatel@yahoo.com,44
5623,Ian Sanders,warroyo@johnson-huff.net,98
5624,Tara Stewart,qcoleman@smith.org,57
5625,Breanna Wallace,wsmith@martin.com,58
5626,Susan White,ericmack@gmail.com,86
5627,Christopher Tate,jonathan69@ramos-randall.com,63
5628,Daniel Farley,charlesbrown@schroeder-shaw.com,73
5629,Ashley Bush,manuelbest@gmail.com,18
5630,Julia Garcia,johnsondanny@gmail.com,77
5631,Michaela Torres,udixon@gmail.com,39
5632,Megan Wilson,jonathan58@lewis-jones.biz,30
5633,Gregory Williams,stacycarter@hotmail.com,73
5634,Anthony Martin,gutierrezjenna@richards.biz,10
5635,Michelle Kirk,catherinewagner@smith.biz,36
5636,Christina Quinn,jeromeharmon@hotmail.com,96
5637,James Clark,gsmith@olsen.com,73
5638,Richard Morrow,joneserin@yahoo.com,37
5639,Jason Mack,yanderson@yahoo.com,36
5640,Christopher Jones,ijohnson@hotmail.com,34
5641,Daniel Carlson,traviskemp@yahoo.com,95
5642,Dawn Smith,gary28@soto-preston.com,52
5643,Billy Anderson,billy97@gmail.com,85
5644,Chelsea Baker,mossbrenda@reynolds-roberts.com,37
5645,Pamela Gray,rachelwheeler@gmail.com,30
5646,Bonnie Holt,warrenjackie@gmail.com,59
5647,Debra Mejia,stephaniejackson@gmail.com,92
5648,Aaron Moss,darryl05@yahoo.com,23
5649,Carolyn Harris,edwardramirez@gmail.com,83
5650,Jordan Smith,karen55@gmail.com,96
5651,Heidi Ortiz,cweaver@gutierrez.com,54
5652,Donna Walker,aguirrewilliam@gmail.com,60
5653,Courtney Ortega,jamesrobinson@gmail.com,25
5654,Amber Peterson,pamelamartinez@fox-hendrix.com,73
5655,Janet Duncan,aaronrobinson@gmail.com,83
5656,Melanie Randall,lisa54@hotmail.com,44
5657,Michael Flores,kennedyjessica@gmail.com,96
5658,Ronald Romero,mcdanielkatie@thomas.com,20
5659,Ryan Harris,istein@yahoo.com,29
5660,Richard Byrd,froberts@hotmail.com,24
5661,Michael Wheeler,olivia98@murphy.net,17
5662,Luke Garcia,martinezangela@sanchez-bowman.com,61
5663,Lisa Martinez,jasonjones@yahoo.com,28
5664,Carla Golden,freyalexandra@gmail.com,13
5665,Michael Bennett,robinsonbryan@gmail.com,39
5666,Gwendolyn Garcia,lauraprice@gmail.com,60
5667,Joe Smith,carl56@thomas-keller.com,72
5668,Anthony Richard,daniellelane@smith.info,67
5669,Brian Hill,ashleymunoz@rodriguez-joyce.net,53
5670,Jesse Rodriguez,tiffany43@ritter.biz,20
5671,James Gardner,yrodriguez@church.net,79
5672,Aaron Roberts,eileenkim@davila.info,78
5673,Jeffrey Williams,johnsonelizabeth@hotmail.com,38
5674,Roberta Roberts,khampton@gmail.com,12
5675,Anna Owen,stephaniemiles@coleman-bowen.com,82
5676,Taylor Taylor,tsmith@gmail.com,77
5677,Tricia Davis,lindahatfield@gmail.com,57
5678,Jared Johnson,cedwards@gmail.com,95
5679,David Woods MD,jennifer85@yahoo.com,96
5680,Anthony Atkins,jacksonjanice@hotmail.com,90
5681,Belinda Salazar,rodriguezbrandy@hotmail.com,97
5682,Zachary Robertson,millerjasmin@gmail.com,66
5683,Kristen Edwards,dperkins@jones-house.org,26
5684,Adrienne Rodriguez,awhite@yahoo.com,17
5685,Walter White,lance57@gmail.com,64
5686,Chloe Torres,lovealfred@morrison.info,27
5687,Mr. Jermaine Bush,mlewis@mills.com,99
5688,Kathleen Long,eevans@hotmail.com,61
5689,Elizabeth Hernandez,xhodges@webster-olson.com,64
5690,Anthony Bonilla,hedwards@brewer-martinez.com,50
5691,Heather Jordan MD,fosterrobert@gmail.com,12
5692,Wayne Smith,kevincook@cook.biz,58
5693,Jill Henry,caitlyngalvan@yahoo.com,58
5694,Nicole Stewart,greenecody@hotmail.com,86
5695,Joshua Robinson,samanthalawrence@yahoo.com,68
5696,Gary Vargas,duartedebra@simmons-johnson.com,98
5697,Jill Taylor,shieldsdawn@hotmail.com,24
5698,Ann Luna,vmarquez@gonzalez.com,40
5699,Joseph Phillips,danielle96@hotmail.com,25
5700,Crystal Shepherd,currysean@hotmail.com,97
5701,Andrea Dunlap,kelsey52@rogers.net,33
5702,Samantha Hansen,breweralex@yahoo.com,21
5703,John Summers,dcampbell@frost.com,59
5704,John Stewart,mbrown@waller.com,15
5705,David Reyes,gentryscott@escobar-hester.com,36
5706,Ronnie Hess,hendersonmichelle@gmail.com,84
5707,Kimberly Jordan,kimberlyruiz@yahoo.com,72
5708,Janice Howard,jeffreymyers@hotmail.com,18
5709,Charles Taylor,lopezcaleb@young.com,57
5710,Yolanda Turner,bfisher@miller.com,99
5711,Desiree Oconnell,kristencarroll@hotmail.com,35
5712,Nathan Fisher,hutchinsonhailey@hotmail.com,30
5713,Jared Velazquez,sandra17@yahoo.com,38
5714,Kimberly Daugherty,brandon28@holland.com,94
5715,Jaime Jones,stephen49@austin.com,17
5716,Anthony Fox,stefanie00@gmail.com,92
5717,Spencer Martinez,paceadam@juarez-harris.com,52
5718,Stephanie Johnson,jacksonashley@hernandez-lopez.net,29
5719,Margaret Lucas,julie76@villarreal.com,91
5720,David Clark,john90@yahoo.com,23
5721,Catherine Morris,fmaddox@gmail.com,84
5722,Kaitlyn Rogers,swilliams@allen.org,41
5723,Devin Hill,christopherhancock@yahoo.com,19
5724,Stephanie Thompson,dlopez@miller-robinson.net,32
5725,Joseph Morales,pwilliamson@sherman.com,93
5726,Rodney Smith,oscott@yahoo.com,34
5727,Heather English,melissahernandez@yahoo.com,61
5728,David Archer,fieldserin@yahoo.com,21
5729,Jeffrey Roberts,laura93@yahoo.com,77
5730,William Fuller,mlarson@brown.info,34
5731,Karen Rhodes,jeffrey60@gmail.com,70
5732,Gabriella Rodriguez,xobrien@gmail.com,66
5733,Hector Barrett,williamskatherine@gmail.com,40
5734,Kelli Yu,kellyanderson@brown.com,15
5735,Lance Floyd,stacynewman@holden.info,48
5736,Ricardo Perry,alexander17@vang-castro.com,88
5737,Benjamin Barnett,boylebryce@yahoo.com,46
5738,William Joseph,travis45@gmail.com,41
5739,Carolyn Howell,kyle27@gmail.com,13
5740,Samantha Cox,collieramanda@hotmail.com,19
5741,Shannon Smith,ericawashington@yahoo.com,84
5742,Tracy Mason,ngardner@anderson-morgan.info,21
5743,Sherry Chaney,rdavis@johnson.org,27
5744,Laura Martinez,marie85@martin.info,72
5745,Casey Powell,daviscolleen@gmail.com,57
5746,Erika Hunt,jenniferhamilton@hotmail.com,32
5747,Eric Smith,christopher82@quinn-cooper.info,17
5748,Ashley Sparks,devon73@yahoo.com,49
5749,Mrs. Linda Roberts,lacey52@foley-barrett.com,97
5750,Kellie Becker,hherrera@johnson-martinez.net,55
5751,Valerie Young,barnesjerry@johnson.biz,57
5752,Levi Park,christinasteele@hotmail.com,63
5753,Jamie Arellano,llee@gibbs-dominguez.biz,89
5754,Jesse Thompson,iking@gmail.com,75
5755,Sara Harrison,john06@robinson.com,33
5756,Chelsea Carr,rossstacey@yahoo.com,60
5757,Cindy Johnson,vrobertson@hotmail.com,22
5758,Laura Bennett,krhodes@hotmail.com,27
5759,Eric Bautista,manningblake@johnson-lewis.com,35
5760,Elizabeth Campbell,gilleric@gmail.com,60
5761,Rachel Brown,kelseycarroll@gmail.com,13
5762,Jason Knapp,griffithsarah@gmail.com,14
5763,Jeremiah Barnes,powelldonna@warner.com,89
5764,Brenda Thompson,amy14@hotmail.com,91
5765,Robert Barnes,uarellano@kim.com,34
5766,Carolyn Mendoza,davidgates@hotmail.com,53
5767,Lisa Romero,penningtonamber@gmail.com,48
5768,Melanie Austin,jjohnson@morris.com,99
5769,Lisa Cox,barrettderrick@young-cline.biz,91
5770,Victor Ashley,maria03@yahoo.com,77
5771,Scott Watson,reneeglover@cummings.org,83
5772,Chloe Gray,alicia50@gmail.com,28
5773,Lisa Jenkins,matthew25@walsh.net,36
5774,Stephanie Logan,loretta17@miller-holt.com,25
5775,David Paul,tpayne@hays.biz,50
5776,William Hernandez,walshclaire@gmail.com,35
5777,Erin Shepherd,perkinsjulia@hotmail.com,32
5778,Christie Moore,jason01@hotmail.com,29
5779,Nicole Williams,berrytimothy@yahoo.com,16
5780,Donald Parker,asmith@henry.biz,55
5781,Heather Wu,carla68@harmon-clark.biz,19
5782,Debra Frye,timothy86@hotmail.com,68
5783,Joseph Howard,zrobinson@bowers.com,28
5784,Nichole Chapman,briancontreras@richardson-johnson.com,64
5785,Mark Reyes,ryan82@hotmail.com,72
5786,Andrew Miller,josejohnson@yahoo.com,55
5787,Jesus Singleton,mhawkins@rodriguez.com,28
5788,Bonnie Butler,sarah24@yahoo.com,11
5789,Raymond Mcconnell,srosales@yahoo.com,64
5790,Rebecca Williams,ydelacruz@hotmail.com,48
5791,Kristen Morgan,gwood@hotmail.com,20
5792,Gina Ritter,roseamy@walker.com,50
5793,Sara Harris,rebecca55@gmail.com,75
5794,Angela Garcia,currystephen@henderson.org,61
5795,Sharon Moore,joshuaford@gmail.com,11
5796,Christopher Rocha,mwilliams@shaw-pierce.org,11
5797,Rachel Best,nguyenkevin@hotmail.com,76
5798,James Glenn,brooke55@gmail.com,92
5799,Bryan Williams,christinacarroll@lynch-daniels.com,66
5800,Cameron George,denise76@yahoo.com,95
5801,Jonathan Lopez,kjohnson@hotmail.com,70
5802,Kristie Owens,fhunter@aguilar.org,88
5803,Charles Williamson,rsanford@stone.com,35
5804,Franklin Brown,youngmichele@allen.biz,17
5805,Garrett Swanson,torresashley@nicholson-russell.com,49
5806,Benjamin Jones,nicole44@hotmail.com,32
5807,Kathleen Hanna,underwooddiana@bennett.com,18
5808,Manuel Andrews,janicegarcia@jones.com,50
5809,Christy Lewis,sparkswayne@johnson.net,23
5810,Adam Taylor,frankhorne@walton.com,33
5811,Debra Martinez,holmesstephen@johnson.org,53
5812,Belinda Figueroa,harriskathy@clarke.biz,38
5813,Michael Miller,mrichardson@yahoo.com,24
5814,Erica Stewart,melody58@yahoo.com,25
5815,Collin Dunlap,woneill@nelson.com,15
5816,Paul Perez,dianegill@mayer.com,43
5817,Todd King,kimberly13@gmail.com,47
5818,Richard Meza,clarkamy@gmail.com,23
5819,Charles Simmons,reedscott@koch.biz,51
5820,Carla Clark,nortonashley@hotmail.com,28
5821,Theresa Berger,flopez@hotmail.com,64
5822,Ryan Harris,jhayes@todd.net,79
5823,Cheryl Ramirez,ronald13@hotmail.com,59
5824,John Meyer,zcox@cantu-bailey.com,78
5825,Garrett Villa,melanie15@gmail.com,94
5826,Ethan Spears,timothyross@hotmail.com,90
5827,Andrew Hernandez,daniel95@turner-webb.net,45
5828,Dr. Corey Crawford PhD,thomas87@yahoo.com,37
5829,Carla Taylor,david52@graham.com,20
5830,Dylan Adams,thawkins@gmail.com,83
5831,Joshua Humphrey,leetimothy@yahoo.com,23
5832,Scott Flores,james46@yahoo.com,77
5833,Mark Livingston,lesliereed@williams.com,33
5834,James Jones,yuemily@gilbert-jones.com,29
5835,Derek Young,ngilbert@hotmail.com,65
5836,Kayla Byrd,patricia73@hill.info,58
5837,Karl Cortez,dsellers@gordon.com,25
5838,Jessica Schaefer,dbutler@yahoo.com,72
5839,Amber Ayala,kristin65@burke.com,30
5840,Connie Hernandez,llove@yahoo.com,15
5841,Martin Blair,josephhoover@hotmail.com,68
5842,Morgan Mercer MD,corey06@hotmail.com,68
5843,Nicole Heath,staceymcdonald@harper-martinez.org,27
5844,Anthony Gonzalez,sarah48@yahoo.com,16
5845,William Fowler,millerjames@hotmail.com,28
5846,Brandon Baker,briannichols@nunez.org,71
5847,Lynn Lowe,sean71@gmail.com,78
5848,Samuel Ray,michael60@hernandez-anderson.info,37
5849,Stephanie Perez,alexisgill@walker-daniel.org,66
5850,Kelly Lawrence,stephenpham@gmail.com,36
5851,Ronald Hardy,anthony16@hudson.info,91
5852,Katherine Johnson,matthew24@hotmail.com,48
5853,Kathryn Jenkins,nicoletanner@gonzalez-davis.org,64
5854,Jonathan Hill,villanuevajared@thompson.org,33
5855,Victoria Young,gwilliams@yahoo.com,37
5856,Alexandria Marquez,weaverkevin@herrera.org,11
5857,Juan Marquez,prattbrian@morgan-cox.com,15
5858,Michelle Henderson,hernandezhenry@hernandez.com,85
5859,Courtney Beard,tbeard@yahoo.com,85
5860,Benjamin Nelson,owenmariah@hotmail.com,90
5861,Luke Rodriguez,padams@hotmail.com,19
5862,Sara Gomez,xschwartz@morse.net,41
5863,Matthew Pugh,conleynatasha@gmail.com,17
5864,Kenneth Gardner,tonyahubbard@atkins.com,57
5865,Brooke Morris,hansonkyle@hotmail.com,36
5866,Melissa Dalton,amythomas@gonzalez.biz,86
5867,Casey Gonzalez,hebertjennifer@hotmail.com,62
5868,Jennifer Gonzalez,dwright@morales.com,37
5869,Kristen Williams,mpowell@lane.com,72
5870,Samantha Deleon,qgardner@gmail.com,75
5871,Linda Lawson,ehill@gmail.com,68
5872,Robert Rosales,josephellis@yahoo.com,83
5873,Matthew Parks,tammy13@hotmail.com,23
5874,Sierra Johnson,timothygarrett@gmail.com,69
5875,Joseph Elliott,jason95@rowe.com,81
5876,Tony Anderson,smithapril@hotmail.com,32
5877,James Davis,jcarter@gmail.com,96
5878,Kayla Williams,billydalton@gmail.com,78
5879,Karen Mcgee,qbryan@hotmail.com,68
5880,Amanda Gomez,bowentara@yahoo.com,74
5881,Paul Wagner,nparks@yahoo.com,93
5882,Lisa Colon,adamseric@hotmail.com,50
5883,Katie Perry,saguilar@hotmail.com,76
5884,Alexa Olson,matthew68@jennings-white.org,26
5885,Molly Mason,michaelkim@gmail.com,79
5886,Emily Williams,katiemcguire@gmail.com,78
5887,Michael Thomas,chad04@hotmail.com,54
5888,Jerome Grant,icain@moses.com,23
5889,Tamara Marks,balljasmine@rivas-montgomery.com,34
5890,Margaret Blackburn,edwardlowe@wilson.com,37
5891,Karen Allison,walshmichaela@harris-alvarez.net,28
5892,Dale Woods,christina99@yahoo.com,96
5893,Kyle Garcia,fullermichael@hotmail.com,40
5894,Victoria Hurst,thomasmolly@yahoo.com,71
5895,Elizabeth Avila,jeremykennedy@yahoo.com,59
5896,Denise Silva,joshuamitchell@yahoo.com,44
5897,Manuel Warren,omiller@hotmail.com,82
5898,Kelsey Cole MD,williamsamber@gmail.com,43
5899,Travis Edwards,marysantiago@gmail.com,36
5900,Miss Robin Conley,katherinebeard@gmail.com,20
5901,Melvin Orozco,grahamkevin@yahoo.com,37
5902,Madeline Estes,roger48@welch.com,13
5903,Robin White,newmanerin@duncan-hansen.org,47
5904,Frank Peters,waltersdonna@gmail.com,88
5905,Brandon Smith,lindaryan@miller.com,30
5906,Kenneth Reyes,richardgolden@lane.info,32
5907,Cheryl Crawford,jacobwalker@gmail.com,67
5908,Edgar Copeland,greenkathleen@cummings-martin.com,92
5909,Jason Phillips,michaelbaker@graham-meyers.com,74
5910,Clayton Henderson,ejohnson@gmail.com,72
5911,Ashley Murray,nwilson@hotmail.com,62
5912,Joshua Henry,gregoryjones@hotmail.com,95
5913,Cory Mitchell,yhorne@gmail.com,73
5914,Brandon Mosley,jennifercarrillo@gmail.com,78
5915,Marisa Rodriguez MD,hannahanderson@robertson-anderson.net,21
5916,Ashley Patel MD,zwu@reyes-mcdonald.com,92
5917,Danielle Alvarado,kelly53@yahoo.com,65
5918,Susan Arnold,pballard@moore.info,16
5919,Michael Stevenson,aliciafoster@hendricks.com,54
5920,Angela Kane,nhunter@cross.com,47
5921,John Kim,nicholas70@hotmail.com,41
5922,Deanna Morgan,petersonbrian@nichols-tyler.com,24
5923,Heather Berry,lauren55@griffith-white.com,88
5924,William Schmidt,wwilliams@hotmail.com,92
5925,Tony Jackson,robbinsmichael@yahoo.com,78
5926,Erica Bishop,thomasjennifer@gmail.com,83
5927,Charles Burch,danielle26@collins.org,81
5928,Monica Townsend,lambertbrian@frazier.com,47
5929,John Robertson,rebeccawilson@rios.org,88
5930,Michael Singleton,edwardfletcher@hotmail.com,84
5931,Ricky Carr,aprilbarnes@maddox.biz,35
5932,Katie Morales,blairscott@martinez.com,75
5933,Kevin Klein,zhall@gmail.com,55
5934,Arthur Ruiz,lestertrevor@mendoza.org,57
5935,Ashley Williams,mlee@butler.com,68
5936,Miss Patricia Stewart,troyknight@yahoo.com,94
5937,Casey Herman,timothywhite@hotmail.com,31
5938,Thomas Lee,browndeborah@wilson.com,14
5939,Patrick Richardson,johnsonangela@hotmail.com,72
5940,Jacob Hogan,danielramirez@yahoo.com,69
5941,Tabitha Cochran,kshields@smith-morgan.com,71
5942,Fred Valencia,jennifer20@dean.com,95
5943,Kevin Thomas,igutierrez@george.com,14
5944,Pamela Salazar,joseph01@hotmail.com,10
5945,Richard Bailey,brittany00@osborne.net,73
5946,Kimberly Smith,jacklong@gmail.com,43
5947,Lauren Williams,wrighttracy@yahoo.com,27
5948,Shelia Burns,jonesnathan@gmail.com,75
5949,Jessica Cain,emilycervantes@gmail.com,80
5950,Brian Brown,gallegosdouglas@gmail.com,91
5951,Brandy Cole,jeremyblackburn@sampson.net,27
5952,Troy Johnson,kingdaniel@hotmail.com,72
5953,Joseph Garcia,grant55@patterson-pierce.biz,85
5954,Nathaniel Ward,vhuerta@yahoo.com,98
5955,Angela Brown,laurieramirez@gmail.com,36
5956,Angela Sanchez,carol14@pittman-wheeler.com,82
5957,James Branch,brownlisa@gmail.com,46
5958,Bridget Smith MD,dgomez@curry-butler.com,77
5959,Wesley Jenkins,ronald96@yahoo.com,13
5960,Stephanie Zhang,paul10@brown.com,91
5961,Charles Nunez DVM,andersonjustin@hotmail.com,68
5962,Scott Johnston,hmoore@downs.com,95
5963,Austin Sutton,hopkinsjoseph@vasquez-hall.com,71
5964,Brandy Parsons,julianevans@webb-porter.org,20
5965,Darius Ruiz,manningamanda@clark.biz,97
5966,Daniel Ford,sarahadams@gmail.com,30
5967,Amy Williams,tthomas@flores-gonzalez.org,97
5968,Daniel Walker,pamelasmith@hayes.com,33
5969,Sara Mcpherson,yharding@hooper.com,87
5970,Mary Copeland,seth34@gmail.com,78
5971,Leslie Gomez,donaldreed@gmail.com,14
5972,Tina Howard,joshua31@hotmail.com,86
5973,Emily Cole,rogersjimmy@yahoo.com,32
5974,Amber Shaw,cody03@gmail.com,30
5975,Jared Chavez,richardsnathan@moran.info,74
5976,Tammy Wilson,matthew94@bautista.biz,16
5977,Lisa Mckee,pjackson@gmail.com,10
5978,Amanda Castro,nguyenjill@lewis.info,15
5979,Wanda Allen,richardayers@castillo.com,44
5980,Courtney Edwards,cooknancy@gmail.com,78
5981,Jodi Lopez,amy00@hotmail.com,37
5982,Ana Williams,eperkins@anderson.biz,99
5983,Sandra Richards,jessica50@yahoo.com,13
5984,John Gibson,cruzmichael@gmail.com,22
5985,Kathleen Wallace DDS,llong@yahoo.com,16
5986,Gregory Carpenter,dwaters@hotmail.com,79
5987,Lisa Jones,lmaynard@gmail.com,18
5988,George Montgomery,parkswendy@mann.com,48
5989,Mark Wilson,david80@mueller-morrison.com,13
5990,Steven Alexander,brian24@hughes.biz,32
5991,Andrew Reid,tiffanygonzalez@garcia.biz,11
5992,Andrea Marshall,kelly94@hotmail.com,55
5993,Jonathan Griffin,brownrobert@johnson.com,22
5994,Chad Miller,nicholas51@hotmail.com,89
5995,Christina Scott,jamesjohnson@rivers-watson.com,44
5996,Tim Stephens,kennethpalmer@hernandez-chandler.com,60
5997,Monica Roberts,debra05@lowe-willis.com,18
5998,Eric Herman,cmcconnell@hotmail.com,10
5999,Ryan Hull,moorejessica@yahoo.com,16
6000,Madison Johnson,reevestina@holland-shea.com,14
6001,Christina Singh,davidrice@mills-lucas.com,89
6002,Gregory Benson,ebell@yahoo.com,39
6003,Chelsey Gray,amandajones@pearson-richardson.com,90
6004,Trevor Young,michelewalker@gmail.com,14
6005,Robert Russell,edwardreed@wheeler-vega.org,81
6006,Jacqueline Hansen,emily22@davis-martin.com,63
6007,Jacob Richardson,carrieyang@nolan-richardson.com,80
6008,Patricia Taylor,lindsaypadilla@gmail.com,29
6009,Mark Hester,ldorsey@lozano.biz,29
6010,Albert Collins,tanya34@hotmail.com,98
6011,Veronica Edwards,carterjoe@hotmail.com,23
6012,Kevin Russell,williamhansen@yahoo.com,81
6013,Francis Brown,brandysmith@yahoo.com,56
6014,Rachel Mckinney MD,thomascorey@robbins-gilmore.info,84
6015,Ryan Cohen,jessicaroberts@yahoo.com,90
6016,Caroline Sanchez,patriciamorris@mendoza-sandoval.org,87
6017,Rhonda Johnston,hollyclarke@baker-wolf.net,67
6018,Jordan Perry,rhonda17@hotmail.com,59
6019,Troy Benson DDS,uhoffman@hotmail.com,74
6020,Jordan Johnson,caguilar@stone.com,88
6021,Amanda Taylor,latoyasmith@richards-mason.net,60
6022,Kayla Foster,lisa98@hotmail.com,27
6023,Tammy Olson,davismeghan@gmail.com,93
6024,Amanda Kramer,mtrujillo@hill.info,46
6025,Julie Hughes,michael84@yahoo.com,11
6026,Kimberly Pierce,lrobinson@kerr-nichols.com,70
6027,Alicia Cherry,kim22@bailey.com,46
6028,Craig Lewis,cunderwood@silva.com,47
6029,Cynthia Walker,ksmith@gmail.com,23
6030,Steven Hernandez,qwilkins@yahoo.com,96
6031,Lori Howell,sjones@sanders.com,45
6032,Kristina Sutton,xproctor@gonzalez.info,15
6033,Brenda Nelson,brandywoodard@hotmail.com,29
6034,Timothy Mendez,vcochran@hotmail.com,55
6035,Alicia Carter,jennifertrujillo@hotmail.com,11
6036,Alexa Smith,lewisjohn@stewart.com,11
6037,Marvin Fisher,qstephens@simmons-smith.com,44
6038,Jessica Johnson,wphillips@quinn-oneal.biz,19
6039,Travis Young,dominguezamanda@gmail.com,52
6040,Lori Brock,rogersashley@gmail.com,99
6041,Troy Baker,smithmegan@gmail.com,49
6042,Chad Mitchell MD,paul52@jackson.com,69
6043,Christina Powell PhD,claytonmary@yahoo.com,94
6044,Larry Allen,brooksdustin@wilson.org,53
6045,Richard Young,garciadavid@gmail.com,66
6046,Victoria Flores,richardmorris@murphy-green.com,43
6047,Carrie Maldonado,loriperry@morrison-thompson.com,79
6048,Maria Gordon DDS,kellyshepherd@smith.net,25
6049,Melissa Brock,vwilliams@hotmail.com,34
6050,William Martinez,clarkmichelle@gmail.com,65
6051,Christopher Scott,oortega@smith-wilson.info,86
6052,Denise Cunningham,megan18@hotmail.com,81
6053,Kenneth Duran,npoole@villa-chase.com,81
6054,Gregory James,samanthajohnston@logan.biz,46
6055,Patricia Powell,madison54@small.com,40
6056,Barbara Garcia,juan35@hotmail.com,48
6057,Lori Hansen,cwagner@collins-campbell.biz,13
6058,Rachel Arias,scott22@yahoo.com,73
6059,Kevin Williams,terrydavid@moore-burke.biz,63
6060,Terry Moore,gmarshall@gmail.com,51
6061,Wesley Martin,erica45@yahoo.com,67
6062,Ashley Lee,twilcox@yahoo.com,73
6063,Angela Downs,rwilliamson@mullins.biz,53
6064,Kayla Ochoa,laura72@jackson.com,53
6065,Stephanie Frazier,rodriguezamber@townsend-combs.biz,39
6066,Timothy Brown,zmiller@gilbert.com,83
6067,Kayla Velazquez,stephaniemora@hotmail.com,39
6068,Christina Yoder,weekschristopher@yahoo.com,48
6069,Brendan Rose,rhondaholden@vaughn-rivera.com,88
6070,Kim Delgado,haledanielle@gmail.com,91
6071,Samuel Evans,christinagonzales@harris.com,77
6072,Javier Harmon,jennifer09@yahoo.com,17
6073,Jessica Guerrero,phill@erickson-owens.info,74
6074,Daniel Espinoza,qlarson@gmail.com,72
6075,Tina Wolfe,woodsjay@hotmail.com,82
6076,Kevin Thompson,tcollins@bowen.com,32
6077,Cheryl Smith,renee10@underwood-newman.net,64
6078,Brian Hicks,tricia27@gmail.com,12
6079,Tyler Collins,devinlewis@rowe.com,97
6080,Dylan Jackson,larnold@yahoo.com,58
6081,Philip Wilson,collinsmichael@burns.org,84
6082,Jason Diaz,ogardner@walls.com,76
6083,Daniel Johnson,zknight@walker.org,13
6084,Mary Morris,mmckay@yahoo.com,43
6085,Jessica Smith,ylloyd@gmail.com,58
6086,Megan Caldwell,toddmccormick@ross.com,23
6087,Danielle Frey,leonthomas@weeks-williams.info,20
6088,John Harding,nelsoncarrie@dunn-lawson.info,64
6089,Kristi Novak DDS,debra82@hill.com,71
6090,Riley Mora,yblankenship@merritt.info,85
6091,Joseph Miranda,yharris@wells.net,52
6092,Claudia Wilson,osbornekaitlyn@sanchez.org,98
6093,Katherine Wells,john50@trujillo.com,73
6094,Joseph Mooney,ushields@hensley.net,80
6095,Paul Smith,awalker@gmail.com,11
6096,Christy Aguilar,wmason@hotmail.com,94
6097,Michael Robinson,peterthompson@gmail.com,51
6098,Jose Grimes,andrea81@gmail.com,85
6099,Cameron Nguyen,juliecastaneda@hawkins.com,51
6100,Charlotte Hill,jdominguez@hotmail.com,38
6101,Ann Franklin,bryan28@todd.com,70
6102,Lori Washington,penny95@yahoo.com,47
6103,Crystal Liu,jennifer84@fox-wilson.com,23
6104,Martha Walton,martineugene@miller.com,76
6105,Kevin Smith,michaelvance@brock.info,94
6106,Robert Griffith,dlucas@yahoo.com,76
6107,Mark Barber,jorgeherrera@rhodes.com,23
6108,Jacqueline Clark,llewis@hotmail.com,52
6109,Shannon Flores,bradleymeza@ho-boyle.net,42
6110,Tiffany Hall,doliver@nichols-thomas.com,23
6111,Angela Diaz,johnanderson@gmail.com,69
6112,Julie Harris,adamsheather@harris.com,57
6113,Kimberly Branch,lcohen@gmail.com,82
6114,Daniel Rodriguez,christina23@hotmail.com,90
6115,Heather Young,msmith@gmail.com,75
6116,Robert Cooper,benjamin11@hotmail.com,11
6117,Catherine Jennings,eatoncolton@gmail.com,87
6118,Roberta Grant,davidsonmaria@gmail.com,60
6119,Jeremy Jacobs,qmadden@yahoo.com,77
6120,Sherry Sampson,jennifer21@gmail.com,51
6121,Monica Berry,brownanthony@lopez.com,79
6122,Amanda Ramos,toddgarcia@dunn.com,12
6123,Derrick Murray,maryruiz@yahoo.com,60
6124,Timothy Calhoun,yalvarez@johnson.com,64
6125,Ashley Clark,amy26@yahoo.com,72
6126,Curtis Fowler,josephdaniel@gmail.com,90
6127,Andrea Maldonado,williamstravis@hutchinson.biz,71
6128,Crystal Guerrero,uwood@gmail.com,75
6129,Joseph Welch,chavezcarrie@hotmail.com,23
6130,Jessica Carpenter,cgeorge@christensen.com,80
6131,Daniel Johnson,jeffreygonzales@sims.com,65
6132,Angela Coleman,taraferguson@gmail.com,28
6133,Wendy Mcbride,qobrien@mcgee.com,78
6134,Jeffery Medina,wrightvictoria@gmail.com,13
6135,Joshua Nelson,hjordan@yahoo.com,96
6136,Katherine Howell,ujames@smith.biz,13
6137,Tabitha Hernandez,jessicawhite@gmail.com,62
6138,Christopher Turner,wattsdavid@gmail.com,14
6139,Carolyn Gibson,vscott@hotmail.com,64
6140,Valerie Christensen,thomasdean@gmail.com,82
6141,Benjamin Mitchell,hmartin@anderson.biz,82
6142,Krystal Howard,zjohns@howard.com,87
6143,Nathaniel Gonzales,rachelclay@barnes.net,42
6144,James Cunningham,tony41@lynch.info,47
6145,Jonathan Martin,lphelps@simpson-edwards.org,21
6146,Jessica Sanford,bishopalexander@jenkins-malone.com,58
6147,Paul White,shannonmichael@miller.com,62
6148,Todd Brown,katherine29@mcclure-dodson.com,65
6149,John Wagner,terryphilip@gmail.com,59
6150,William Benson,zachary10@hunt.com,58
6151,Julian Whitehead,murphylisa@nelson.com,45
6152,Eduardo Powell,jimburns@hunt.org,68
6153,Karen Navarro,robertrivera@gmail.com,64
6154,Christine Russell,ulee@clark-morris.com,86
6155,Victor Garner,qgoodman@hale.info,59
6156,Danielle Harvey,sharon51@gmail.com,30
6157,John Taylor,andre50@hill.com,88
6158,Katie Black,gbarrett@gmail.com,40
6159,Johnny Rivera,joseph72@hotmail.com,58
6160,Ashley Ross,christopher99@lee.com,70
6161,Jacob Garcia,joshua54@gmail.com,45
6162,Paul Johnson,ruth16@hotmail.com,83
6163,Jo Martinez,wandajohnson@hotmail.com,48
6164,Karl Ballard,rodriguezcarl@brock-orozco.net,12
6165,Brittany Green,hgarcia@hotmail.com,32
6166,Kevin Caldwell,joshuagarcia@phelps-berg.com,84
6167,Jennifer Dennis,brianabbott@hotmail.com,69
6168,Terri Goodwin,courtneydouglas@yahoo.com,31
6169,Miranda Horn,anna52@gmail.com,28
6170,Jamie Hamilton,ellissheila@davidson.org,92
6171,Mr. Daniel Gallagher DDS,lopezjohn@jones.com,65
6172,Jennifer Sanders,hoffmanaustin@gmail.com,73
6173,Adam Perry,jwilliams@yahoo.com,20
6174,John Adams,kimberlymayo@hotmail.com,83
6175,Victoria Larsen,nfox@gmail.com,91
6176,Daniel Jimenez,bmassey@johnson.com,30
6177,Benjamin Brown,uleon@reyes-hood.com,15
6178,Richard Morris DDS,zoe05@hotmail.com,71
6179,William Johnson,vbruce@escobar.com,32
6180,Wendy Zimmerman,emorris@avila-brown.com,59
6181,Aaron Raymond,nataliecollins@wolfe.org,88
6182,Hayley Miller,richardelliott@hotmail.com,58
6183,Kathleen Tapia,sdavis@nguyen-fowler.org,22
6184,Ashley Smith,william23@henson-bentley.biz,22
6185,Rodney Hendrix,melissa20@hotmail.com,99
6186,Diana Dickson,patrickbarajas@hotmail.com,39
6187,Benjamin Jenkins,sbrowning@burns.com,66
6188,Daniel Santos,duranheather@orozco.com,13
6189,Jonathan Clark,plambert@yahoo.com,57
6190,Joseph Ramsey,tammywilson@newman.com,49
6191,Valerie Edwards,msmith@rodriguez-lyons.org,51
6192,Mary Hunt,francisco76@alexander.com,39
6193,Sharon Mercado,franklinbrian@wang.com,23
6194,Joshua Lewis,barbara15@yahoo.com,66
6195,Anna Mccarthy,rogersjessica@deleon.com,67
6196,Tony Sampson,chasejoshua@yahoo.com,52
6197,Jessica Rodriguez,madeline72@yahoo.com,72
6198,Samuel Butler,barbara43@taylor.com,96
6199,Jacqueline Jones,elizabeth60@delgado-murphy.com,95
6200,Mrs. Tiffany Rogers MD,jenniferhansen@allen.com,38
6201,Donald Petersen,pbennett@wolfe.com,52
6202,Julie Parsons,yfoster@glass-arnold.org,90
6203,Curtis Bonilla,ashley13@gmail.com,14
6204,Stephanie Thomas,millsbrandon@yahoo.com,71
6205,Aaron Watson,tina03@yahoo.com,96
6206,Mindy Clark,tsanchez@hotmail.com,39
6207,Phillip Scott,gabrielbanks@yahoo.com,51
6208,John Hansen,nkeith@pearson.com,62
6209,Valerie Barnes,woodschristopher@hotmail.com,72
6210,Robert Smith,kbell@gmail.com,85
6211,Becky Kelley,christianhughes@yahoo.com,34
6212,Guy Wilson,carol12@gmail.com,15
6213,Cynthia Reynolds,maryjones@thompson.com,30
6214,Kyle Mitchell,alanmartinez@graham-bryan.com,28
6215,Crystal Sherman,ywilson@young.net,36
6216,Mark Russell,david82@gmail.com,60
6217,Emily Jenkins,bcox@miller.com,24
6218,Matthew Smith,bergerjudy@hotmail.com,30
6219,Joseph Esparza,jacob30@crane.org,58
6220,Adrienne Freeman,jennifer60@hotmail.com,95
6221,Carlos Castillo,iferguson@garza-jones.com,87
6222,Trevor Burgess,lorettaortiz@dixon-long.com,12
6223,Jose Campbell,powellryan@schroeder.biz,94
6224,Meredith Lane,sethhickman@yahoo.com,48
6225,Randall Ruiz,katherinepope@hotmail.com,29
6226,Melissa Simon,zchen@ramirez.net,12
6227,Michael Bruce,larsenjames@yahoo.com,89
6228,Kevin Rogers,hsloan@yahoo.com,60
6229,Jane Rodriguez,rmcbride@graham.net,33
6230,Donna Reed,jesus42@hotmail.com,82
6231,Jason Walker,laurabennett@smith.com,56
6232,Taylor Soto,hayeschristopher@malone.com,52
6233,Derek Cox,newmanmichael@kaiser.info,14
6234,Michael Clements,danielle75@campos.net,25
6235,Kelly Montgomery,yperez@gmail.com,76
6236,Paul Mitchell II,echambers@yahoo.com,83
6237,David Brown,erika36@williams-smith.com,38
6238,Michael Moore,olopez@miles-ross.com,39
6239,Kristin Escobar MD,morganjennifer@hotmail.com,93
6240,Matthew Griffin,pdiaz@gmail.com,33
6241,Monica Smith,christopher58@cooke-rodriguez.org,19
6242,Diana Giles,joanneparker@harris.info,44
6243,Sarah Moreno,kristinaharmon@ellis.com,76
6244,Christopher Ferguson,thomaspugh@gmail.com,24
6245,Katie Carter,steven72@williams.com,65
6246,Matthew Henderson,douglasregina@gmail.com,75
6247,James Ward,davidmurphy@gray-schneider.com,76
6248,Mary Freeman,nmontgomery@gmail.com,61
6249,Amy Sandoval,zkelly@thomas.com,41
6250,Timothy Powers,maynardnicholas@kaufman-cook.info,87
6251,Eric Williams,hparker@hotmail.com,22
6252,Michael Stephens,rlarsen@schmidt.biz,72
6253,Jillian Lopez,eileencoleman@price-larson.org,70
6254,Nathan Hayes,wsmith@wilson-logan.info,27
6255,Danielle Brennan MD,clarkamber@davis.info,39
6256,Jonathan Cruz,xdavis@yahoo.com,47
6257,Edward Thompson,piercerobin@yahoo.com,50
6258,Thomas Olson Jr.,burkejesse@gmail.com,27
6259,Kayla Jones,smithdouglas@reilly-knight.org,11
6260,Dorothy Harrell,hallcaleb@hotmail.com,36
6261,Brandon Perez,nnovak@gmail.com,54
6262,Tammy Thomas,xwagner@jacobson.com,63
6263,Cynthia Smith,christophernielsen@gmail.com,64
6264,Sarah Petersen,zthomas@holloway-adams.net,26
6265,Amy Jones,ngray@mendoza-coleman.net,25
6266,David Zimmerman,fmartin@russell.biz,51
6267,Brittney Fuller,joshuafischer@hotmail.com,88
6268,Laurie Johnson,calderonlori@roberson.com,13
6269,Ronald Rogers,jamesharris@joseph.com,99
6270,Nancy Reilly,chrispatterson@hotmail.com,81
6271,Christina Price,brianclark@cordova.com,61
6272,Ryan Henry,castillomichael@hotmail.com,83
6273,Peggy Gomez,pam90@price.com,76
6274,Tina Jones,brownbrandon@hotmail.com,92
6275,Wendy Shannon,codynorman@harrington-west.com,29
6276,Mr. Steven Holmes,ksnyder@smith.org,53
6277,David Sanchez,benjaminjones@yahoo.com,50
6278,Tina Schmidt,riosanthony@yahoo.com,99
6279,Denise Mccann,ashley66@wright.net,72
6280,Angela Carter,lindseypark@yahoo.com,31
6281,Jeremy Bird,emilyleonard@mccoy-summers.com,40
6282,Michael Cannon,nrivera@copeland.com,49
6283,Thomas Hall,scott90@yahoo.com,68
6284,Nicole Jones,laura52@hotmail.com,65
6285,Paul West,brownandrew@bowers.org,88
6286,Larry Mcdonald,kristenreed@hotmail.com,63
6287,Monica Ramos,james32@roberts.com,88
6288,Andrew Randolph,jacqueline44@erickson-moyer.biz,62
6289,Amy Leon,cparker@reed.org,19
6290,Patrick Combs,williampeck@benson.biz,47
6291,Devin Castillo,wramirez@reyes-hughes.biz,99
6292,Damon Perez,marcus96@underwood.biz,93
6293,Mrs. Karen Moran,whitedeborah@warren.com,39
6294,Lisa Benjamin MD,kpatton@yahoo.com,38
6295,Robert Johnson,hatfieldsarah@salazar.com,98
6296,Jennifer Soto,millerjeff@gmail.com,48
6297,John Robbins,pcampbell@hotmail.com,17
6298,John Castillo,rcox@hotmail.com,84
6299,Amanda Johnson,monique08@yahoo.com,88
6300,Jacob Landry,harpermaria@gmail.com,94
6301,Hannah Obrien,ebutler@wallace-malone.com,54
6302,Heather Ayala,jnewman@meyers.org,68
6303,Caleb Brown,jgeorge@hotmail.com,26
6304,Jade Pollard,andrew02@casey.com,81
6305,Dawn Johnson,tflores@white.info,13
6306,Todd Martin,wadetimothy@gmail.com,95
6307,Elizabeth Ramirez,sbest@anthony.net,15
6308,Jennifer King,millerlori@harmon-martinez.com,72
6309,Joshua Bryan,vcunningham@hotmail.com,20
6310,Daniel Acosta,johnsontraci@gmail.com,15
6311,Steven Mccann,davidmartin@johnson.com,86
6312,Susan Charles,courtney48@yu.net,18
6313,Krista Graves,xmiller@lambert-black.org,26
6314,Melinda Long,adunn@woods.com,56
6315,Bryan Fisher,dominguezsusan@gmail.com,38
6316,James Reese,jenniferchapman@yahoo.com,93
6317,Kara Harris,cynthiarivera@howell-soto.com,58
6318,Carla Graves,andersonchristopher@johnson.com,52
6319,Daniel Wise,harpertimothy@shaffer.com,54
6320,Brian Alvarez,davidfreeman@yahoo.com,52
6321,Dana Suarez,perezamy@gmail.com,13
6322,Jasmine Richardson,gbrown@gmail.com,43
6323,Jesse James,ypeters@silva-gallagher.com,25
6324,Brian Perry,hjensen@orr-russell.com,49
6325,Joseph King,tannerjasmine@juarez.com,17
6326,Matthew Dodson,jennifer83@gmail.com,65
6327,William Murray,zparsons@yahoo.com,17
6328,Patricia Gonzalez,michaeljordan@sanchez.net,56
6329,Lisa Stanley,angelaortiz@gmail.com,39
6330,Tara Jones,davisdavid@yahoo.com,36
6331,Brian Booth,hfarrell@hotmail.com,71
6332,Darrell Hansen,jeffrey66@smith-brock.com,98
6333,Allison Santos,wardnicholas@kelley.com,15
6334,Elizabeth Carter,iscott@hall.com,28
6335,Donna Leonard,seanfuller@hotmail.com,81
6336,Marcus Garcia,byu@robles-harper.com,76
6337,Wesley Knapp,schmittcynthia@yahoo.com,40
6338,Edward Woods,isaac60@hughes.com,21
6339,Michael Strickland,wthomas@hotmail.com,67
6340,Cody Parsons,briana45@hotmail.com,14
6341,Ashley Brown,torresrebecca@reynolds-morrow.info,30
6342,Peter Ingram,ronald30@hotmail.com,17
6343,Lance Maxwell,shannoncraig@reese-smith.com,29
6344,Yolanda Dean,chad69@gmail.com,95
6345,Veronica Combs,thompsonjorge@gmail.com,46
6346,Victor Owens,michael42@yahoo.com,52
6347,Ryan Young,qmunoz@gonzalez-armstrong.org,11
6348,Anita Wong,torresmelissa@yahoo.com,39
6349,Donald Mooney,meyerskeith@hernandez.com,67
6350,Ryan Watkins,whitegeorge@craig.info,82
6351,Megan Stewart,sarahpotter@gmail.com,32
6352,Nicholas Garcia,jeffery29@yahoo.com,62
6353,Christopher Walker,stacywilson@jackson.org,53
6354,Gabriel Jones,lhamilton@gmail.com,63
6355,Joseph Soto,harriserika@hall.com,58
6356,Jonathan Johnson,oswanson@yahoo.com,60
6357,Marcia Lewis,middletonthomas@hotmail.com,20
6358,Michele Mccarthy,wongdawn@hotmail.com,56
6359,Tracy Rivera,phillip64@garcia.com,14
6360,Amy Gibbs,lawsonnancy@hotmail.com,33
6361,Christopher Warner,robin04@fleming.info,92
6362,Bruce Tucker,tammycarroll@gmail.com,59
6363,Susan Brown,waltercruz@hotmail.com,11
6364,Brandy Olson,deanna43@robertson-fox.com,75
6365,Mark Brown,xrosario@hotmail.com,77
6366,Savannah Rivas,malloryrobinson@yahoo.com,69
6367,Martin Winters,martinralph@hotmail.com,29
6368,Teresa Thompson,petersonlauren@yahoo.com,10
6369,Rodney Gregory,teresanorris@parrish.info,59
6370,Henry Baxter,wilkersonbarbara@gmail.com,27
6371,Ashley Sullivan,simsjoseph@gmail.com,70
6372,Michelle Fox,andrew76@hotmail.com,20
6373,Tara Kemp,qarnold@yahoo.com,88
6374,Donald Stewart,billyalvarado@holland.biz,14
6375,Brian Martin,obrienjeffrey@yahoo.com,67
6376,Julie Taylor DVM,scott84@cisneros-schneider.com,68
6377,Grant Contreras,jsmall@moore.org,29
6378,James Turner,brenda45@yahoo.com,62
6379,Jenny Hill,margaret65@dorsey.com,56
6380,Christy Miller,jeffreysmith@gmail.com,74
6381,Danielle Hall,bradshawdaniel@warren-rodriguez.info,21
6382,Terrance Taylor,drobinson@mcclain.com,29
6383,Lacey Obrien,hogansteven@gmail.com,96
6384,James Jones,russelllindsey@yahoo.com,16
6385,Adam Gonzalez,vickiwilliams@gmail.com,28
6386,Tara Smith,chenleah@gmail.com,22
6387,Jason Garcia,caitlinhansen@flores.com,71
6388,Melissa Wilson,durhamlaurie@gmail.com,32
6389,Mary Collins,pjones@robertson-sanders.info,17
6390,Kevin Conner,jschultz@hotmail.com,76
6391,Mr. John Schneider,nathaniel57@gmail.com,33
6392,Diane Cannon,yolandabarnes@snyder-austin.com,96
6393,Judy Thomas,arroyosydney@may.net,37
6394,Julie Hart,katiejackson@frost.com,96
6395,Lawrence Ramirez,pagechad@gmail.com,15
6396,Amber Frazier,johnmedina@jarvis.com,57
6397,Barbara Anderson,kristinrivera@yahoo.com,35
6398,Paul Thompson,steven89@ball.com,30
6399,William Williams,vanessastrong@martin.info,69
6400,Daniel Hobbs,donald97@jones.com,55
6401,Helen Jones,brooke39@gmail.com,30
6402,Ryan Wallace,myersmark@gmail.com,77
6403,Chris Cook,lortega@brown-montgomery.com,50
6404,Lisa Lewis,george98@yahoo.com,98
6405,Dale Costa,douglasgill@lee-johnson.com,79
6406,Kenneth Holden,tamara22@gray.com,57
6407,Aaron Carter,christybarton@yahoo.com,62
6408,William Weaver,hernandezmary@gmail.com,78
6409,Kimberly Coleman,phill@massey.com,48
6410,Rose Johnston,kathrynhubbard@hanson-tanner.com,24
6411,Christopher Clark,nelsonbailey@gmail.com,26
6412,Andrew Williams,yolanda23@rollins.com,95
6413,Gerald Webster,fsteele@fisher-gonzales.com,65
6414,Melissa Hamilton,hfarmer@ross.net,76
6415,Jamie Finley,obrienpaula@gmail.com,50
6416,Mr. Jonathan Stein,bautistageorge@hotmail.com,84
6417,Wesley Garza,johnsonshane@edwards.com,22
6418,Daniel Harvey,zhughes@yahoo.com,34
6419,Dr. Maurice Anthony,amandahodges@webb-moore.biz,85
6420,Laurie Ponce,vharris@gmail.com,95
6421,Donald White,cynthiaoliver@powell.biz,13
6422,Kara Romero,pwhite@gmail.com,39
6423,Joshua Gray,brownalexander@gomez.com,41
6424,David Bates,josephriley@smith.com,11
6425,Cameron Doyle,diane35@yahoo.com,69
6426,Bruce James,richardchurch@mcknight-gonzalez.info,40
6427,Jeremy Baldwin,marie29@powers.net,69
6428,Nicholas Simmons,rebecca14@beard.net,48
6429,Anthony Roberson,john28@gmail.com,58
6430,Jesse Shelton,rmiller@nunez-jacobson.com,75
6431,Brendan Roberson,karen64@gmail.com,23
6432,Sarah Blankenship,hjuarez@buck.net,39
6433,Jennifer Green,garciasamuel@hotmail.com,80
6434,Ryan Burns,greengregory@yahoo.com,88
6435,Stacie Hill,riveraarthur@yahoo.com,64
6436,Lori Johnson,anna47@underwood-humphrey.com,74
6437,Mrs. Maria Hernandez,alexmckenzie@mejia.com,40
6438,Lynn Orr,rmartin@hotmail.com,50
6439,Pamela Cruz,stacey00@yahoo.com,64
6440,Sharon Moore,carrie45@hotmail.com,66
6441,Misty Smith,rossvanessa@turner-manning.com,94
6442,Adam King,cynthia25@gmail.com,14
6443,Michael Smith,oneilladrian@hotmail.com,46
6444,Nicole Pineda,brian72@yahoo.com,81
6445,Ashley Newman,palmerthomas@hotmail.com,89
6446,Ashley Christian,flemingrichard@gmail.com,16
6447,Kevin Johnson,rogersjennifer@hotmail.com,62
6448,James Mosley,mitchell38@hotmail.com,25
6449,Brian Thompson,rwest@davis-medina.com,64
6450,Devin Brown,ericaalexander@yahoo.com,38
6451,Joseph Williams,adonovan@hotmail.com,50
6452,Timothy Hudson,smithveronica@yahoo.com,38
6453,Carla Diaz,joseph26@yahoo.com,38
6454,Andrea Cook,annjohnson@richards-johnson.info,13
6455,Patricia Ayala,meganrogers@gmail.com,41
6456,Karen Avila,eric07@gmail.com,88
6457,Laurie Vaughn,xwilliams@yahoo.com,45
6458,Melody Lara,smithsavannah@allen-foster.com,38
6459,Jacob Mann,shubbard@gmail.com,27
6460,Pamela Zavala MD,steven56@hotmail.com,94
6461,Ronald Johnson,heidi56@ward.com,12
6462,Ana Evans,robertnichols@gmail.com,65
6463,Donald Sanchez,rgonzalez@gmail.com,24
6464,Christine Hartman,lbridges@gmail.com,97
6465,Alyssa Patton,jermainecarter@yahoo.com,22
6466,Terry Watts,harrisashley@murphy.com,89
6467,Alicia Flores,oliveralexander@gmail.com,78
6468,Matthew Calhoun,shannon01@yahoo.com,23
6469,Tricia Williams,jenniferjones@perez.com,28
6470,Kenneth Ball,sharoncarr@wood-burnett.com,47
6471,Dr. Luis Frazier,nnorton@hotmail.com,80
6472,Wayne Alvarez,padillajoshua@gmail.com,80
6473,Jasmine Pope,williamsdennis@yahoo.com,44
6474,Martin Hodge,jamesfox@bryant-smith.info,87
6475,Diane Scott,mperez@bridges-young.com,81
6476,Jeffrey White,amandahooper@hotmail.com,90
6477,Drew Weaver,murphyjanet@jones-price.net,72
6478,Rachel Shelton,jlee@yahoo.com,13
6479,Jose Brown,rogersamanda@montgomery.com,78
6480,Christopher Carr,elizabeth22@copeland.com,48
6481,Alexandria Moore,brittany62@hotmail.com,37
6482,Michelle Watson,shawmichelle@hotmail.com,39
6483,Jacqueline Patel,rebekahstanton@yahoo.com,41
6484,Gary Booth,stevemarquez@kelley.biz,39
6485,Nancy Bailey,nicolesmith@hernandez.com,14
6486,Michael Ross,davidrivas@yahoo.com,53
6487,Patrick Johnson,victoriahill@villa-bautista.com,29
6488,Cynthia Hawkins,hsmith@hotmail.com,80
6489,Vanessa Calderon,andrewatkins@cole-welch.info,60
6490,Robin Hanson,burnsbeth@williams.biz,85
6491,Danielle Alexander,gwilliams@gmail.com,83
6492,Todd Bennett,mejiastacy@hotmail.com,77
6493,Barbara Walker,sarahtorres@gmail.com,69
6494,Jose Wright,zleonard@alexander-meyer.com,55
6495,Tina Cook,kstephens@yahoo.com,98
6496,James Harrison,ronaldarmstrong@hotmail.com,44
6497,Kenneth Mayer,xwalker@parrish-salazar.com,71
6498,Tracy Holt,davisjulie@yahoo.com,44
6499,Mackenzie Olson,isaac94@yahoo.com,14
6500,James Johnson,teresa84@stark.com,75
6501,Wendy Irwin,woodmichael@garcia-morgan.info,77
6502,Jose Obrien,lindsey18@hotmail.com,82
6503,Deborah Smith,iramos@nguyen.info,39
6504,Vanessa Mullins,tracytravis@patterson.com,74
6505,Larry Mcmahon,todd96@hotmail.com,38
6506,Annette Brown,turnerpatricia@gonzalez-miller.biz,31
6507,Rhonda Ross,jamesangela@williams.com,15
6508,Anthony Rodriguez,taylorjason@yahoo.com,49
6509,Robert Lutz,caroline09@gmail.com,67
6510,Michael Duffy,erinharvey@gmail.com,87
6511,Heather Cole,meyerkayla@jones.com,25
6512,Michael Nguyen,roy70@taylor-klein.com,80
6513,Patricia Medina,danieldixon@yahoo.com,20
6514,Ryan Rice,jesse06@yahoo.com,49
6515,Courtney Olson,aclark@paul.com,78
6516,Chad Little,rileyashley@prince.com,44
6517,Christopher Scott,vbooth@mullins.com,63
6518,Patrick Jones,calvinmarshall@mcgee-sanders.info,34
6519,Megan Mata,alexander76@hopkins.com,36
6520,Kristina Fox,joseph43@macdonald-alvarez.com,96
6521,Tracy Nichols DDS,anthony06@figueroa-miller.info,35
6522,Jennifer Sandoval,zallen@reid.com,33
6523,Anna White,kphelps@curtis.com,35
6524,John Cunningham,ggallegos@mack-hardy.com,60
6525,James Johnson,jensenjasmin@watson-lopez.net,73
6526,Ronald Young,sfisher@yahoo.com,37
6527,Jesse James,james85@gmail.com,45
6528,Manuel Watkins,framos@yahoo.com,73
6529,Christopher Lewis,johnsonbrittany@yahoo.com,59
6530,Kathleen Lucas,donaldburns@walton.com,90
6531,Nathan Tran,carlycoleman@hernandez.biz,11
6532,Donna Vega,tammyolson@king.org,56
6533,Jennifer Allen,nfisher@wise.com,57
6534,Deborah Turner,arroyotodd@robertson.com,46
6535,Anthony Taylor,adamsrichard@friedman.com,72
6536,Mr. Daniel Evans Jr.,rushkatie@yahoo.com,47
6537,Brenda Foster,kimberly56@cruz.biz,11
6538,David Tucker,karen39@yahoo.com,27
6539,Amy Anderson,odavidson@jackson-mills.com,79
6540,Susan Rose,hardykimberly@yahoo.com,35
6541,Kenneth Hoffman,bishopnancy@yahoo.com,15
6542,Dylan Knox,morrowandrea@steele.com,67
6543,Margaret Weiss,anthony05@lozano.org,28
6544,Sarah Parker,benjaminthomas@gonzales.com,74
6545,Christie Garcia,gnguyen@gmail.com,54
6546,John Ramos,urhodes@gmail.com,89
6547,Thomas Holland,jennifer49@nguyen.com,23
6548,David Burnett,charlescasey@meyer-meyer.org,68
6549,Katherine Fisher,christy25@coleman.com,12
6550,Ryan Robinson,sarah76@brown.com,52
6551,Lisa Smith,angela80@reed-edwards.org,27
6552,Ian Lowe,dwagner@hotmail.com,46
6553,Jennifer Brown,amorrow@lara-rivera.com,11
6554,Gary Boyd,douglas42@watkins-black.biz,55
6555,Samantha Coleman,michaelaelliott@tucker.info,88
6556,Zachary Ibarra,richardcrawford@bailey.com,15
6557,Scott Watson,sarah80@yahoo.com,60
6558,Lisa Porter,clementslauren@yahoo.com,46
6559,Luis Anderson,smithnicole@yahoo.com,77
6560,Amy Brown,sandracook@williams-burgess.net,82
6561,Susan White,simmonsjoseph@hotmail.com,60
6562,Ruben Hernandez,antonio41@gmail.com,26
6563,Dan Stewart,wileypatrick@sanders.com,42
6564,Matthew Harper,fpatel@gmail.com,53
6565,Joseph English,figueroaseth@gmail.com,56
6566,Anthony Holland,ralphramos@scott-parker.biz,59
6567,Emily Foster,kwilliams@cisneros-kirk.com,29
6568,Laura Webster DVM,avelez@west-williams.com,16
6569,Donna Martinez,ramirezsean@stokes-short.org,67
6570,Nicole Carroll,reynoldscynthia@hotmail.com,68
6571,Jesse Sanchez,sierrascott@hotmail.com,83
6572,Jorge Jones,ericgrant@gmail.com,84
6573,Megan Vincent,steven28@hayes.info,18
6574,Ray Flores,cynthia76@turner-wilson.com,18
6575,Phyllis Sparks,munozeric@yahoo.com,37
6576,Jeanette Colon,mullenalexandra@gillespie.net,62
6577,Ashley Hill,clarkcrystal@smith-morris.net,40
6578,Gerald Ewing,bfitzpatrick@gmail.com,58
6579,Gina Frost,kimberly24@english.com,89
6580,Lisa Neal,villaglenn@miller.net,82
6581,Gregory Collier,harriskelly@gmail.com,76
6582,Lisa Richmond,kerrimoore@gmail.com,37
6583,Albert Walsh,sarahpark@mathews.com,26
6584,James Peterson,amandaclark@anderson-roberts.com,80
6585,Ryan Garcia,jhall@park.com,58
6586,David Ray,perezjennifer@lopez-herrera.com,18
6587,Glenda Lloyd,james96@burnett.info,59
6588,Nicole Tucker,michael04@hernandez-ortega.com,11
6589,Lindsay Moreno,liualison@haas-ramirez.com,16
6590,Dustin Rose,ryanwilliams@white.info,25
6591,David Woods,jamesdanielle@gmail.com,95
6592,Jason Yang,lisawalker@hammond.biz,40
6593,Brian Krueger,wesleydunlap@yahoo.com,72
6594,Heather Jones,tammybrown@bennett.info,72
6595,Cheryl Santos,jonesthomas@gallagher-hawkins.com,35
6596,Matthew Wang,nlarson@thornton.com,23
6597,Robin Schwartz,johnquinn@gmail.com,81
6598,Jeremiah Trujillo,nicholasallen@sutton-ward.org,85
6599,Tanner Riley,staylor@young.com,62
6600,Cindy Smith,michael57@yahoo.com,95
6601,Emily Wells,johnmitchell@yahoo.com,53
6602,Taylor Hernandez DDS,iwyatt@yahoo.com,93
6603,Carol Acosta,mreese@turner.com,53
6604,Robin Long,rushdenise@jackson.org,56
6605,Shawn Ford,anthony13@molina.biz,77
6606,Robert Brown,heathercole@yahoo.com,17
6607,Travis Hart,brittanytaylor@gmail.com,77
6608,Ann Clark,josephaustin@hotmail.com,95
6609,David Jones,ysanchez@marshall.com,32
6610,Miss Karen Stewart,amanda38@reyes.org,74
6611,Alexis Carr,kedwards@jones-hernandez.org,73
6612,Lucas Ferrell,rhunt@yahoo.com,86
6613,Megan Cannon,sanchezbrian@gmail.com,40
6614,Matthew Lawrence DDS,fperry@rivera.com,83
6615,George Newman,ana70@miller-sanchez.com,49
6616,Amanda Boyd,ihayes@holland-vazquez.com,14
6617,Laura Shelton,gnguyen@ferrell.info,45
6618,Pamela Hutchinson,jennifer71@barajas.com,98
6619,Raymond Allen,ghanson@yahoo.com,87
6620,Emily Smith,rlopez@gmail.com,79
6621,Andre Miller,shortbridget@sexton.com,10
6622,Michelle Lindsey,npeterson@steele-lynch.biz,30
6623,Patricia Guerra DDS,leslie12@gmail.com,13
6624,Matthew Elliott,ihammond@dorsey.com,10
6625,Dr. Sara Lewis,justin36@yahoo.com,87
6626,Joseph Walker,timothy62@hotmail.com,72
6627,Tyler Arnold,wwebb@anderson.com,89
6628,Mary Ibarra,brownrachel@gmail.com,67
6629,Allison Murray,xmurphy@allen-burgess.biz,57
6630,Denise Thompson,idavis@coleman.com,50
6631,Shannon Rivera,porterrachel@gmail.com,18
6632,David Wood,candacedavis@sampson.info,22
6633,Jay Ruiz,crosbyxavier@kelley.com,31
6634,Jared Mayo,wrose@wheeler.biz,10
6635,Robert Moran,jonathan73@powell.net,93
6636,Carrie Martin,contrerasdonna@gross.com,87
6637,Lauren Jackson,emily03@gmail.com,50
6638,Carol Wagner,vfrank@yahoo.com,59
6639,Aaron Horn,mooreandrew@lopez.com,63
6640,Amy Morrison,stonetheresa@gmail.com,47
6641,Seth Baxter,jdodson@yahoo.com,64
6642,Cynthia Wallace,tlee@clark.biz,99
6643,James Estrada,patriciahernandez@yahoo.com,12
6644,Corey Rodriguez,ovang@gmail.com,70
6645,Justin Williams,kyle09@kane.biz,21
6646,Nicole Mccoy,aball@suarez.com,55
6647,Victor Craig,michael18@hotmail.com,19
6648,Charles Jones,john27@hotmail.com,53
6649,Diane Roberson,theresarasmussen@hotmail.com,38
6650,Timothy Davies MD,bensonjennifer@stokes.org,63
6651,Walter White,eaguilar@jackson.biz,75
6652,Michael Gallagher,emily39@kelly.info,57
6653,Adam Morgan,uwilliams@ramos.com,24
6654,Jessica Johnson,laurie77@stevenson-alexander.com,43
6655,Charlene Buck,williamjohnson@gmail.com,26
6656,Monica Adams MD,njohnson@jones.com,26
6657,Stacey Hull,vbrown@gmail.com,88
6658,Thomas Estrada,johnwilliamson@yahoo.com,61
6659,Cassandra Salazar,jking@bowen-bradley.net,20
6660,Richard White,sarah56@hughes.com,85
6661,Cindy Vaughn,ericastanley@wiley-fisher.com,90
6662,Willie Garner,fwalker@sanders-lawson.com,65
6663,Steven Wilson,ublack@ruiz.com,30
6664,Sheri Thompson,andersonryan@gmail.com,10
6665,John Delgado,sotomichael@rush.net,53
6666,Colleen Preston,christyrodriguez@yahoo.com,46
6667,Kellie Elliott,priceemily@gmail.com,67
6668,Sandra Sanchez,kelly17@gmail.com,88
6669,Suzanne Stone,weeksrebecca@gmail.com,39
6670,Christina Fernandez,thomashughes@gmail.com,78
6671,Jay Mcdonald,zmoran@hotmail.com,46
6672,Amy Martinez,vbradley@yahoo.com,91
6673,Travis Decker,mejiagregory@keith-baker.com,40
6674,Melissa Buck,kayla03@carr.com,87
6675,Phillip Adkins,ann24@yahoo.com,48
6676,Wendy Fritz,garciaxavier@hotmail.com,32
6677,William Reyes,sarahbailey@gmail.com,82
6678,Michael Morrow,michaeljones@davis-murphy.com,22
6679,Lee Ross,darren40@cruz-morgan.com,65
6680,Jessica Miller,brewerjerry@brooks-west.com,33
6681,Valerie Cortez,jamesreyes@hotmail.com,61
6682,Kathleen Sharp,patriciabooth@hotmail.com,40
6683,Paul Lucas,kristensimpson@yahoo.com,34
6684,Robert Rodriguez,robin01@gmail.com,63
6685,John Keller,fflowers@gmail.com,72
6686,John Chaney,hkelley@yahoo.com,64
6687,Troy Ward,tpetty@hughes-george.biz,48
6688,Stephen Vang,schwartzclayton@terrell-schroeder.info,84
6689,Stephanie Sutton,mannchristina@yahoo.com,16
6690,Jeffrey Hull,fclark@avery-mccarthy.com,26
6691,Craig Riley,albertmeyer@torres.org,98
6692,Matthew Swanson,dawn65@gill.info,57
6693,Rhonda Vasquez,hermankelly@yahoo.com,48
6694,Tammy Martin,david63@morris-stafford.com,46
6695,Dennis Miller,sawyersophia@hotmail.com,68
6696,Kimberly Lopez,susan18@yahoo.com,60
6697,Robert Summers,david19@hotmail.com,98
6698,Roger Martin,carriewilliams@scott-daniel.com,85
6699,Ronald Coleman,usanchez@brown.com,48
6700,Tabitha Clark,ncallahan@harrington-freeman.com,31
6701,Danielle King,jenniferswanson@trevino.info,22
6702,Chelsea Cline,brianna76@hotmail.com,33
6703,Larry Palmer,jessica79@barrett-anderson.biz,17
6704,Pamela Mitchell,mweber@yahoo.com,67
6705,Kimberly Ortega,nmartinez@gonzales-contreras.info,16
6706,Mr. James Hull,john21@hotmail.com,88
6707,Sandra Fox,gary41@gmail.com,73
6708,Robert Jones,kevin38@jones.info,32
6709,Daniel Simpson,wvillanueva@hotmail.com,84
6710,Deborah Wilkinson,gonzalezmaria@miller-adkins.org,12
6711,Kelsey Watson,ularsen@yahoo.com,24
6712,Regina King DVM,mccoykaren@hotmail.com,78
6713,Jade Adams,kimkimberly@gmail.com,81
6714,Curtis Kim,umoore@smith-aguilar.com,36
6715,Gabriel Gardner,sweeneybrian@wood.org,48
6716,Kristen Woodard DDS,williamsmary@pearson-conner.com,22
6717,Kelly Little,david44@hotmail.com,22
6718,Laura Snyder MD,virginiaduncan@owen-stanley.com,15
6719,Robert Harrison,joseph12@gmail.com,18
6720,Theresa Thomas,andrecook@bowers.net,64
6721,Jamie Hanson,qgibson@phillips.com,50
6722,Anthony Thomas,karla11@gmail.com,99
6723,Angelica Miller,shortmary@gmail.com,71
6724,Zachary Ward,vegasamantha@gmail.com,36
6725,Mark Jordan,bryantselena@rodriguez-goodman.net,17
6726,Deanna Archer,walkerangela@hotmail.com,85
6727,Tammy Carter,denise99@carter.net,51
6728,Mrs. Jacqueline Atkins,jeffreyblake@hotmail.com,98
6729,Mrs. Joy Galloway,hallteresa@long-wallace.com,60
6730,Hannah Castillo,wwilliams@mitchell-dominguez.com,84
6731,Natalie Johnson,hjones@hotmail.com,75
6732,Jason Alexander,jthompson@yahoo.com,41
6733,Julie Heath,ibrown@yahoo.com,75
6734,Xavier Flores,combsangela@yahoo.com,15
6735,Dr. Seth Carrillo,jacobmartin@hotmail.com,46
6736,Tamara Blevins,karen27@gmail.com,41
6737,Edward Morales,michelledavis@hotmail.com,35
6738,Martin Roberts,bzamora@goodman.org,53
6739,Darren Brown,robertsonkyle@hudson.com,60
6740,Alexandra Mora,unewton@hotmail.com,15
6741,Michelle Simmons,rachelrasmussen@gmail.com,12
6742,Robert Kennedy,johnny33@crane-monroe.com,56
6743,Duane Clark,michael18@gmail.com,36
6744,Dr. Wendy Hammond,troy50@figueroa-patrick.com,10
6745,Michelle Shannon,raymond42@mcfarland-murphy.com,28
6746,Taylor Cantu,brooksdeanna@peters.com,24
6747,Daniel Smith,anthony37@robertson-davenport.com,39
6748,Terri Young,carol25@porter.net,67
6749,Jeffrey Logan,mperez@gmail.com,62
6750,Justin Little,haleybutler@price.com,71
6751,Karen Ayers,pachecojohnny@yahoo.com,25
6752,Madeline Taylor,qmorse@fisher.com,71
6753,Adam Hernandez,scollins@johnson.com,97
6754,Kevin Rice,andersonjesse@shea-garner.com,64
6755,William Campbell,nunderwood@hotmail.com,92
6756,Sarah Villarreal,nathan69@yahoo.com,25
6757,Gavin Klein,derekavila@marshall.org,17
6758,David Rush,fgordon@cunningham-hendrix.com,10
6759,Rebecca Brooks,jamiebryant@rodriguez-lane.biz,12
6760,Kristen Lopez,tylerrachel@hotmail.com,71
6761,Brenda Chandler,aaroncross@campbell.com,35
6762,Brenda Becker,robert95@weaver.com,30
6763,Tyler Espinoza,eshort@scott-quinn.com,19
6764,George Reyes,camachochristopher@smith.com,12
6765,Mrs. Elizabeth Mckee,thomasveronica@davidson.com,80
6766,Nathaniel Berry,jennifer08@carter-patterson.org,26
6767,Thomas Martin,xcannon@gmail.com,61
6768,Dominique Thompson,brian09@lopez.com,56
6769,Brenda Mitchell,mmoore@hotmail.com,96
6770,Nathan Mccann,nicholas78@peterson-jones.info,63
6771,Amanda Horn,anthonygriffith@gmail.com,88
6772,Samuel Pruitt,jjones@yahoo.com,45
6773,Jasmine Moore,cedwards@hotmail.com,18
6774,David Nicholson,matthew13@gmail.com,12
6775,Sean Rangel,fernandezmichelle@banks.com,89
6776,Nicholas Collier,bradley77@rodriguez.com,38
6777,Rachel Knight,huertaangela@hotmail.com,73
6778,Debra Melendez,brendawiggins@gmail.com,12
6779,Curtis Simon,aconley@hess-ruiz.info,18
6780,Sean Carter,rmoran@hotmail.com,50
6781,Katie Huerta,jessicarios@torres.com,83
6782,Lucas Mosley,lambertjennifer@yahoo.com,45
6783,Kathryn Cochran,christopher36@howell.com,29
6784,Mrs. Jennifer Smith DDS,ellispatrick@calderon-gomez.org,31
6785,Cathy Bowen,tracy10@gray-sawyer.com,73
6786,Kenneth Hill,norrisjohn@price-burgess.com,33
6787,Suzanne Bell,pdominguez@gmail.com,43
6788,Michael Rangel,ablackwell@chavez-gutierrez.biz,94
6789,Nicholas Smith,lorettasloan@yahoo.com,63
6790,Jason Day,larry94@gmail.com,25
6791,Christopher Mccarthy,pricechristine@yahoo.com,19
6792,Kelly Bryan,samuelbeasley@hotmail.com,63
6793,Miranda Melton,yatesneil@gmail.com,34
6794,Kyle Snow,daniel98@hotmail.com,44
6795,Tamara Cohen,xclark@jones-powell.net,91
6796,Christopher Romero,john86@yahoo.com,69
6797,Eric Smith,andersonsara@hotmail.com,88
6798,Nicole Foster,matthew34@parrish-king.com,67
6799,Jeff Fisher,joseph60@myers.org,53
6800,Danielle Diaz,andre08@hotmail.com,61
6801,Ricardo Oconnor,kyoung@jackson.net,63
6802,Carl Thomas,parkjessica@jackson.com,49
6803,Robert Nelson DVM,markssuzanne@hotmail.com,59
6804,Grace Gonzalez,uhopkins@gmail.com,67
6805,Stephen Kelly,latoya50@hotmail.com,38
6806,Robert Ross,flewis@yahoo.com,33
6807,Sierra Sutton,brownanna@andrade.com,97
6808,Erica King,rebecca95@clark.com,27
6809,Angela Sampson,williamcarrillo@davis.com,13
6810,Jennifer Valdez,tylermurray@hotmail.com,59
6811,Jared White,clarkkayla@pope.net,64
6812,Crystal Nguyen,vgarcia@adkins.com,24
6813,David Salas,evega@anderson-allen.com,80
6814,Jessica Morales,leeadrian@barton.com,89
6815,William Fowler,donna15@moore-booth.biz,56
6816,Brittany Hodge,kathleen86@rice.com,18
6817,Mr. Michael Thompson,awilkinson@yahoo.com,36
6818,Autumn Schneider,acevedokenneth@smith-conway.com,24
6819,Alexandra Parker,mwebb@lara.com,13
6820,David Smith,vmcpherson@gmail.com,43
6821,Alyssa Butler,angela30@martinez-rodriguez.org,74
6822,Travis Dominguez,jerry57@yahoo.com,47
6823,Sarah Simmons,anthony73@ross-maldonado.com,89
6824,Richard Ford,nasholivia@hotmail.com,62
6825,Mitchell Roberts,josephgriffin@martinez.com,38
6826,Kenneth Snyder,craigcarrie@ramsey.com,82
6827,Dennis Davis,brandi36@spence.com,46
6828,Eric Burke,stephenvargas@gmail.com,11
6829,Michael Ruiz,carla46@yahoo.com,14
6830,Craig Prince,ronaldlong@watson.info,16
6831,Dr. Kelly Henry MD,danielklein@ochoa.com,84
6832,Casey Pennington,pmccarthy@harris-merritt.net,25
6833,Brenda Park,gdavid@watson-wells.net,17
6834,Anthony Jenkins,angelarodriguez@gmail.com,79
6835,Benjamin Larsen,brownkelly@mcdonald.net,62
6836,Jonathan Farley,deanchad@yahoo.com,96
6837,Abigail Gilbert,jamescassandra@gmail.com,34
6838,Brian Campbell,swilliams@davidson.com,14
6839,Krystal Mcmillan,maryburns@fletcher-watts.net,31
6840,Kim Jones,kevinmaxwell@hotmail.com,82
6841,Craig Camacho,jose38@hoffman.com,72
6842,Mr. Daniel Martinez,alisonatkinson@hunter-terrell.com,19
6843,George Kent,xsmith@gmail.com,76
6844,Edward Craig,tbauer@yahoo.com,48
6845,Michele Russell,klawrence@hotmail.com,61
6846,Dominique Higgins,terrieverett@gmail.com,40
6847,Rebecca Brown,hebertcathy@hotmail.com,92
6848,Lori Davis,katrinabennett@hotmail.com,79
6849,Courtney Simmons,colecarol@schneider.info,23
6850,Alexander Kennedy,samantha73@nelson-bush.com,78
6851,Amanda Hernandez,hamiltonallen@jenkins-taylor.info,42
6852,Kathy Russell,kimberly47@dougherty-campbell.net,37
6853,John Curry,wreed@yahoo.com,81
6854,Katherine Tucker,dudleytammy@bell.com,49
6855,Alexis Kennedy,gibbstiffany@hotmail.com,44
6856,Julie Duncan,shelbymack@morgan.com,57
6857,Nancy Lee,qpetersen@sanders-watson.biz,37
6858,James Lopez,karen89@luna.com,75
6859,John Morrow,michaelsmith@adams-scott.biz,42
6860,Pamela Stevens,bryanlindsey@yahoo.com,39
6861,Mary Miller,reesepatricia@smith-terrell.com,75
6862,John Wolfe,vstone@sellers.info,11
6863,Misty Ray,benjamin90@gmail.com,80
6864,Kristen Copeland,isaacnovak@hotmail.com,92
6865,Mary Rowland,jonathan51@yahoo.com,19
6866,David Clark,ystevens@blake.info,94
6867,Ashlee Williams,martinchristopher@hotmail.com,14
6868,Melinda Archer,jessica22@stanley-merritt.info,15
6869,Denise Lara,brownmatthew@gmail.com,58
6870,James Guzman,brockchristopher@hotmail.com,42
6871,Diane Burton,rayrichard@wells-rivera.com,54
6872,Noah Reyes,hguzman@knox.com,79
6873,Robert Nelson,robert01@douglas.com,44
6874,Connor Dean DDS,gregoryhoward@hernandez.com,36
6875,Benjamin Barton,danielmay@hotmail.com,69
6876,Jordan Harris,qpatton@phillips.com,31
6877,Mr. Andrew Wilson,frank04@gmail.com,19
6878,Suzanne Williams,rhodesaustin@carter-quinn.com,79
6879,Kelli Black,jamesnicole@rodriguez-sparks.com,58
6880,Cindy Peterson,ericagreene@yahoo.com,85
6881,Julie Bruce,valentineconnie@taylor-garner.com,70
6882,Maria Soto,billy53@wade-wilson.com,19
6883,Mrs. Julie Hanson MD,jamietaylor@fields-ramirez.com,14
6884,Diane Reeves,joshua12@richardson.com,54
6885,Jamie Vance,erinevans@mahoney-sanchez.com,13
6886,Melissa Robertson,kim00@yahoo.com,33
6887,James Robles,crystal73@hotmail.com,80
6888,Antonio Simpson,autumnperez@gmail.com,74
6889,Miguel Reed,rebeccaaguirre@rogers-english.biz,42
6890,Stephanie Johnson,ismith@gmail.com,53
6891,David Cantu,briannaharris@chandler.com,69
6892,Taylor Johnson,rodriguezsamantha@yahoo.com,83
6893,Charles Moss,pgarcia@gmail.com,24
6894,Angela Tucker,travis83@ramos.com,12
6895,Jennifer Martinez,kmyers@yahoo.com,29
6896,Susan Fernandez,justin77@yahoo.com,64
6897,Suzanne Brown,erika72@arnold-compton.com,33
6898,James Bishop,youngbrooke@juarez.net,71
6899,Russell Blair,kristensloan@yahoo.com,49
6900,Catherine Jones,wallacekellie@martinez.info,81
6901,Christopher Potter,melissamiller@hotmail.com,23
6902,Ronald Bryant,smithandre@velez-hatfield.org,32
6903,Crystal Hughes,ericasingh@gmail.com,62
6904,Sabrina Turner,nathaniel85@norman-campbell.com,13
6905,Kelly Moore,leedawn@yahoo.com,26
6906,Debra Cook,william75@yahoo.com,53
6907,Brian Anderson,joannarnold@mcfarland.com,26
6908,Melissa Blake,melissaosborne@hotmail.com,83
6909,Jamie Franklin,bradleyveronica@hotmail.com,17
6910,Amanda Daniel,john36@gmail.com,33
6911,Sarah Mitchell,colemanmary@wu.com,96
6912,John Navarro,pdecker@hotmail.com,28
6913,Joshua Cain,ynguyen@boone-lopez.com,54
6914,Penny Myers,emiller@hotmail.com,17
6915,Mary Fox,fmcdonald@yahoo.com,60
6916,Xavier James,whitemary@warner-smith.com,20
6917,Kristie Jones,samuel35@hotmail.com,64
6918,Kristy Rosales,zunigamichael@yahoo.com,56
6919,David Peters,derek30@yahoo.com,86
6920,Richard Holt,douglas35@dominguez.info,83
6921,Robin Schaefer,qosborne@yahoo.com,92
6922,Robert Anderson,ricardowang@potts.com,48
6923,Jason Thompson,udavis@elliott-elliott.com,34
6924,Nicole Hunt,nelsoncolleen@yahoo.com,94
6925,John Martinez,emilypeterson@hardin.com,20
6926,Christopher Miller,erin52@willis.net,74
6927,Morgan Hughes,welchkellie@gmail.com,83
6928,Eric Taylor,peterchambers@cortez.info,31
6929,Sarah Taylor,bfigueroa@gmail.com,66
6930,James Kelly,nathan82@taylor.com,42
6931,Katherine Henry,thomaskelley@hotmail.com,83
6932,Shannon Brown,mwilliams@yahoo.com,64
6933,William Martin,forbesdaniel@craig.biz,97
6934,Jamie Rodriguez,hebertmichael@wright.biz,25
6935,Teresa Whitaker,aellis@benitez.com,75
6936,Mary Mata,james86@montoya-williams.com,31
6937,Julian Bailey,david48@hall-watson.org,48
6938,Bryan Carter,matthew98@hodge-fisher.com,85
6939,Amber Vaughn,lawrencenicole@hotmail.com,57
6940,Timothy Smith,jon97@gmail.com,82
6941,Mr. Alan Hernandez II,dennis25@norton.com,30
6942,Meredith Lindsey,jenniferwhite@adams.com,98
6943,Jaime Vaughan,laurieblair@delgado.biz,43
6944,Antonio Shepard,matthewalexander@hotmail.com,37
6945,Michael Smith,sanchezoscar@scott-hill.org,70
6946,Leslie Simpson,jcarey@gmail.com,38
6947,Christine Frye,washingtoncrystal@yahoo.com,70
6948,Sean Sanchez,mary41@short.com,83
6949,Charles Hansen,mary65@yahoo.com,38
6950,Robert Butler,fritzrichard@prince.info,36
6951,Natalie Rowe,shannonsmith@watkins-berry.biz,16
6952,Pamela Schaefer,vanessa02@rowe-mckinney.com,24
6953,Patricia Bowers,elizabeth78@hays.com,66
6954,Benjamin Kerr,iwong@yahoo.com,24
6955,Edwin Levine,taylorbeth@gmail.com,11
6956,Todd Reynolds,darrylreed@cline.com,34
6957,Monica Harrell,hyoung@hotmail.com,24
6958,Catherine Gonzalez,conleynicole@yahoo.com,35
6959,Hayley Mendez,katherineweaver@villegas-villegas.org,20
6960,Charles Malone,colton85@carter.info,51
6961,Jonathan Johnson,novakedward@lawrence.com,18
6962,Zoe Gonzalez,stanley28@gmail.com,93
6963,Alexis Vargas,tina22@hotmail.com,65
6964,Christina Smith,poncemichelle@hotmail.com,83
6965,Joseph Walsh,phamshaun@hotmail.com,61
6966,Adam Ramirez MD,walkerhaley@owens.org,27
6967,Kelly Villanueva,taylor17@sanchez-anderson.com,99
6968,Mark Meyer,grosswilliam@miller.net,15
6969,Jacob Bailey,tony61@collins.com,60
6970,John Williams,hillmary@shaw.org,63
6971,Laura Sanders,sodonnell@gmail.com,36
6972,Gina Morris,danielsmith@hotmail.com,61
6973,Christopher Porter,bryan53@yahoo.com,14
6974,Roy Reynolds,todd48@rojas.info,30
6975,Carl Fischer,gonzaleschristopher@gill.com,59
6976,Sydney Welch,garciachristopher@winters.com,38
6977,John Martinez,awalls@lopez.info,97
6978,Curtis Cox II,kcastaneda@yahoo.com,67
6979,Kristina Wright,jillian35@gmail.com,97
6980,Carrie Owens,hickmanbrian@hotmail.com,42
6981,Karen Scott,mcox@gmail.com,90
6982,Adam Haynes,benjamin43@bullock-fields.com,84
6983,Christina Moreno,gscott@hunter-owens.com,60
6984,Rhonda Hensley,bnguyen@yahoo.com,52
6985,Richard May,morrismelissa@lucas-payne.net,55
6986,Alexis Ramirez,ramirezcourtney@hotmail.com,66
6987,Mary Washington,clarkchelsey@durham.com,19
6988,Eric Long,kristineallen@yahoo.com,46
6989,Joel Stewart,meganwade@le.com,90
6990,Jessica Olson,robertdiaz@hotmail.com,15
6991,Stacy Daniels,seth66@duffy.com,93
6992,Jacob Robbins,jacksonmartin@gmail.com,53
6993,Miss Brandi Kelly,kscott@hotmail.com,55
6994,Michael Martin,ibarrakathleen@forbes-hicks.com,20
6995,David Marshall,zoconnor@yahoo.com,82
6996,Christie Johnson,debbiecampbell@hill-ray.info,92
6997,Vanessa Golden,carolrosario@harris.org,88
6998,Cody Wilson,debbiebailey@gmail.com,94
6999,Gloria Knapp,keithadams@hotmail.com,11
7000,Courtney Solomon,bshelton@torres.com,93
7001,Jon Taylor,xmcgee@gmail.com,27
7002,Katrina Robles,tammy67@alvarado-gray.com,16
7003,Stephanie French DVM,hallthomas@hotmail.com,40
7004,John Chang,richardcarter@anderson.com,71
7005,Alyssa Coleman,hphillips@smith.com,10
7006,Kim Santiago,greernicole@lambert-freeman.com,61
7007,Robin Welch,jared77@gmail.com,67
7008,Colton Dixon,courtneywade@russell.info,54
7009,Danny Campbell,davidmendoza@woods.info,71
7010,Daniel Wright,jscott@gmail.com,73
7011,Julie Nunez,jwilliams@burton-moore.org,20
7012,Danielle Robertson,uchapman@morales.com,44
7013,Lisa King,williamswanson@gmail.com,37
7014,Darlene Patrick,onelson@cooper-palmer.info,76
7015,Steven Cantu,kgonzalez@reynolds.biz,56
7016,Erica Evans,paynedenise@gmail.com,93
7017,Christina Love,lgoodman@gmail.com,29
7018,Timothy Vaughn,jason01@gmail.com,44
7019,Joanne Knight,ugilbert@hotmail.com,16
7020,Benjamin Bryant,mary78@gmail.com,71
7021,Erika West,jimenezrebecca@hurley-smith.com,19
7022,Christian Hill,smithcolleen@hotmail.com,22
7023,Edward Zimmerman,mburke@gmail.com,75
7024,Tanner Simmons,williamscolin@yahoo.com,14
7025,Scott Gomez,eric90@williams.com,75
7026,Heidi Whitaker,chelsearobertson@gmail.com,94
7027,Aaron Freeman,bvaldez@fisher-marshall.com,16
7028,Steven Campos,troy@gmail.com,15
7029,John Barnett,laura35@cook.net,30
7030,Sheri Anderson,madisonthomas@hotmail.com,22
7031,Heather Burke,bakerkimberly@hotmail.com,63
7032,Roger Meyers,connorobrien@hotmail.com,42
7033,Clifford Chapman,pgilmore@hotmail.com,46
7034,Rachel Barker,uhoffman@mullen.org,63
7035,Deborah Ball,alexandravega@gmail.com,99
7036,Andrew Miller,peterschad@hotmail.com,68
7037,Randy Daniels,mary55@flores-ware.com,58
7038,Joseph Hill,jimmyneal@russell.com,53
7039,Amy Hall,romeromelinda@smith-ibarra.com,95
7040,Angel Green,collinsashley@yahoo.com,68
7041,Anthony King,michael52@hotmail.com,66
7042,Alexandria Johnson,harringtonmary@clark.com,31
7043,Jacob Petersen,roygregory@hotmail.com,90
7044,Gary Carroll,williamserica@brown.com,38
7045,Brian Haynes,jenkinsclayton@shannon-reid.org,56
7046,Carla Brooks,lopezclaire@hotmail.com,29
7047,Micheal Washington Jr.,yfrancis@hotmail.com,60
7048,Joan Freeman,brandiperry@gmail.com,64
7049,Melissa Allen,meyerssarah@lawrence.biz,57
7050,Dr. David Richards,starkkelli@yahoo.com,84
7051,Raymond Malone,carloswoodard@palmer-sanchez.info,19
7052,Leah Kerr,lnorman@gmail.com,40
7053,Devon Smith,dawn24@yahoo.com,11
7054,Lisa Palmer,rodney09@yahoo.com,65
7055,Jeffrey Hayes,andrewwise@bowers-kline.com,14
7056,Darlene Fisher,srose@gmail.com,60
7057,Melanie Price,johnscott@turner-robbins.com,55
7058,Michael Smith,hensleykevin@rodriguez.com,94
7059,Donald Brandt,medinajohn@yahoo.com,53
7060,Shawn Harris,rosariojack@yahoo.com,71
7061,Autumn Sharp,ukim@smith.info,38
7062,Gregory Hendrix,mharrison@gonzales.com,81
7063,Andrew Mckay,samuellopez@gmail.com,80
7064,Barry Parker,hudsonjennifer@yahoo.com,42
7065,Benjamin Nelson,bradleyburgess@hotmail.com,33
7066,Luis Vasquez,craig44@fox-george.biz,21
7067,Jeremy Scott,kenneth76@yahoo.com,13
7068,Donald Key,crystalsmith@smith-cox.biz,75
7069,Patrick Turner,tlowery@grimes.org,64
7070,Jacob Dean,dbartlett@gmail.com,54
7071,Jonathan Keller,santiagokim@hotmail.com,31
7072,Caitlin Scott,roger87@rivera.net,53
7073,Jasmin White,efoley@yahoo.com,81
7074,Felicia Scott,lisakelly@hotmail.com,17
7075,Aaron Ballard,bbranch@hotmail.com,65
7076,Lori Roach,kvazquez@douglas-bullock.biz,24
7077,Mark Miller,qwhite@howard-arnold.info,99
7078,Lawrence Reynolds,caitlyn00@hotmail.com,11
7079,Mark Davis,shannonboyle@strickland.com,27
7080,Brandon Duran,xmarsh@yahoo.com,74
7081,Valerie Ruiz,michaeljackson@smith-lopez.com,16
7082,Michael Moore,michael26@hotmail.com,58
7083,Susan Acosta,vmartinez@hotmail.com,29
7084,Jacqueline Gonzalez,jimmyjohnson@melendez.info,92
7085,Cynthia Williams,smithshelby@vasquez.com,10
7086,Scott Johnson,dixonmelissa@yahoo.com,58
7087,Lori Aguilar,romanshawn@hotmail.com,11
7088,Nancy Harris MD,flevy@gmail.com,70
7089,Amanda Hull,townsendjames@gmail.com,88
7090,Chad Shepard,lindaduncan@jackson.info,37
7091,Tammy Scott,theresamontes@miranda-crawford.com,74
7092,Robert Harris,joshua58@yahoo.com,52
7093,Rebecca Pierce,matthew57@yahoo.com,50
7094,Mark Lin,lindseyangelica@yahoo.com,31
7095,Miranda Moore,coxjacqueline@yahoo.com,36
7096,Paul Smith,bfinley@gmail.com,10
7097,Tina Anderson,kaylaholmes@guerrero-nguyen.biz,96
7098,Victoria Cox,zcarter@yahoo.com,93
7099,Daniel Suarez,jeffreywoods@rivera.com,70
7100,Susan Ramirez,xhall@stanley.com,92
7101,Tanya Cruz,nicholaswood@moody-dodson.com,12
7102,John Morrow,mejiacarla@hotmail.com,79
7103,David Day,barbarashort@carter-lowe.biz,54
7104,Barbara Johnson,lyonscody@gmail.com,44
7105,Matthew Martinez,johnnelson@hotmail.com,22
7106,Jennifer Gordon,codydodson@hotmail.com,83
7107,Ashley Taylor,kylewilliams@davis.org,76
7108,Jeff Mccarthy,peverett@gmail.com,10
7109,Brandon Gallagher,chelsea96@lawrence-boyd.com,53
7110,James Stuart,hgutierrez@salazar.com,17
7111,Christopher Valdez,gary34@hotmail.com,87
7112,Kenneth Rivera,jonesvictoria@dominguez.biz,14
7113,Jesse Perez,prestonjanice@johnson.com,57
7114,Megan Kerr,jonathan28@hotmail.com,81
7115,Shane Ramos,davidpatel@mathis.com,96
7116,Ronald Powell,spencerkimberly@case.net,95
7117,Karen Johnson,tferguson@yahoo.com,71
7118,Scott Clark,aharvey@gordon-tyler.biz,70
7119,Ann Nichols,clarkmaria@gmail.com,73
7120,Chelsea Roberson,vjohnson@yahoo.com,30
7121,Carol Morgan,dannykirk@gmail.com,36
7122,Robert Craig,jessica85@gmail.com,15
7123,Kaitlin Smith,dennisdavid@lopez-walsh.com,39
7124,Christina Moore,zmiller@hotmail.com,84
7125,Joel Rowe,tarascott@gmail.com,52
7126,Shannon Austin,alvaradomary@lewis.com,27
7127,William Carrillo,butlerarthur@coleman.com,54
7128,Leslie Johnson,zmorris@hotmail.com,51
7129,Joy Schmidt DDS,whudson@hotmail.com,43
7130,Ralph Ward,johnsonmatthew@yahoo.com,19
7131,Alexander Patterson,fbray@turner-spears.com,47
7132,Melody Mack,gjames@guzman-gardner.com,88
7133,James Dawson,wendyjones@gmail.com,77
7134,Thomas Valdez,bishopgregory@yahoo.com,23
7135,Jessica Glass,christy78@hotmail.com,95
7136,William Stewart,obryant@gmail.com,38
7137,Valerie Warren,mitchellward@jones-kramer.com,81
7138,Joseph Calderon,danielleallen@yahoo.com,39
7139,Richard Reed,hunteralex@ho.com,45
7140,Daniel Barber,johnny44@hotmail.com,70
7141,Isaac Russo,fboyd@lutz.net,32
7142,Erica Jacobs,felicia52@yahoo.com,46
7143,Betty Davis,shermanbrian@shields-flores.com,99
7144,Laura Diaz,derek15@hill-sanchez.com,95
7145,Connor Kim,steven68@hotmail.com,89
7146,Elizabeth Lewis,jasoncowan@gilbert.com,96
7147,David Sanchez,austinallen@yahoo.com,26
7148,Margaret Ferguson,brad29@blanchard.com,10
7149,Adam Cohen,johnhorton@hotmail.com,27
7150,Juan Armstrong,robert73@hotmail.com,79
7151,Scott Tucker,qhayes@hotmail.com,26
7152,Brittany Oneal MD,ericwebb@zamora.com,11
7153,Michael Reynolds,fhenderson@valdez.com,78
7154,Wesley Robinson,williambarker@hotmail.com,37
7155,Carolyn Fisher,stephendaniels@young.info,92
7156,Amanda Stewart,danieltorres@hill.com,21
7157,Shaun Krueger,kobrien@terrell-white.com,20
7158,Melissa Morgan,scott62@rojas.info,22
7159,Matthew Hopkins,sandersbrooke@hotmail.com,84
7160,Barbara Terry,thomasnorton@hotmail.com,48
7161,Brian Elliott,trevinoamy@gmail.com,48
7162,Carlos Clark,nicholas69@hotmail.com,44
7163,Alison Gray,amberramirez@hartman.net,22
7164,Shawn Green,drogers@gmail.com,35
7165,Lisa Vega,angela32@yahoo.com,62
7166,Jay Phillips,christina01@weaver.com,26
7167,Phillip Carey,patriciablevins@conley.com,12
7168,Stephen Barber,ybeltran@yahoo.com,56
7169,Jessica Espinoza,markbrown@yahoo.com,86
7170,Barbara Schwartz,jonathan71@gmail.com,32
7171,Kenneth Smith,xavier88@yahoo.com,98
7172,Anthony Estrada,jonesronald@gonzales-werner.com,15
7173,Matthew Ayers,elizabethbartlett@hotmail.com,46
7174,Scott Pacheco,amanda96@quinn.com,87
7175,Claudia Singleton,hfuller@miller.org,74
7176,Sierra Osborne,david01@cochran.biz,31
7177,Dominique Harris,uwalker@yahoo.com,16
7178,Theresa Allen,deannahawkins@heath.com,13
7179,Robin Steele,thomasdaniel@owen.com,92
7180,Mario Kelly,samanthaferguson@yahoo.com,22
7181,David Mendoza,williamstravis@gmail.com,18
7182,Samantha Page,dmartin@dillon-yang.com,86
7183,Robert Reed,ashleyharris@hotmail.com,49
7184,Daniel Davis,utaylor@jennings.info,93
7185,Richard Hicks,john65@gomez-barron.com,46
7186,Barbara Wilson,josephwatkins@richardson-campbell.com,92
7187,Karen Johnson,brandi44@yahoo.com,91
7188,Laura Smith,mcgrathkaylee@hotmail.com,18
7189,Harold Spears,wandacervantes@gmail.com,85
7190,Charles Lopez,zrose@hotmail.com,27
7191,Ian Roberts,sydney92@yahoo.com,59
7192,Teresa Bass,barronkristin@yahoo.com,17
7193,Ruth Miller,ecrawford@hotmail.com,90
7194,John Moran,tiffanystrickland@campbell.com,23
7195,Joseph Ward,ujackson@yahoo.com,91
7196,Cassie White,caseyallison@hotmail.com,55
7197,Matthew Harrell,richardsdavid@rice.com,51
7198,Charles Holmes,kellykatherine@mills-ellis.com,42
7199,Gina Contreras,danielharrison@gmail.com,76
7200,Caitlin Patterson,jennifer28@hines-bennett.com,35
7201,Ann Adkins,pachecojuan@scott-jackson.biz,21
7202,Jacob Eaton,hallmichael@hotmail.com,98
7203,Jerry Cooper,rebecca20@hatfield.org,82
7204,Deborah Mendoza,ndavis@hotmail.com,13
7205,Jerry Martinez,mary08@hotmail.com,94
7206,Maria Hill,robertkent@david.com,43
7207,Stephanie Murphy,roberthayes@yahoo.com,23
7208,Dr. Melissa Rose,buchanannicholas@yahoo.com,69
7209,Amy Bell,tami58@lopez.info,55
7210,Renee Rodriguez,michelle38@conley.org,28
7211,Jill Campos,michaelwalton@ferguson.com,60
7212,Michael Ramirez,mitchelllogan@gmail.com,96
7213,Benjamin Rivers,alexandriaholt@jones.biz,85
7214,Joseph Hines,timothy80@mcdowell.com,47
7215,Lisa Morales,kaitlyn66@lang.info,29
7216,Vanessa Huff,harristhomas@hotmail.com,81
7217,Mike Weiss,wwilliams@daniels.com,43
7218,Scott Wright,jonesandrew@castillo.com,98
7219,Kathleen Powell,douglas76@yahoo.com,63
7220,Briana Lopez,harrissandra@mcconnell.com,62
7221,Gregory Nash,fpeterson@gmail.com,11
7222,Christopher Moreno,kelsey92@yahoo.com,97
7223,Dustin Kelly,phillipanderson@gmail.com,85
7224,Nicholas Burns,joan40@yahoo.com,70
7225,Dr. Alice Thomas,moniquegray@mullins.com,23
7226,Michael Hernandez,franklinmeredith@yahoo.com,26
7227,Samuel Park,cgardner@chang.com,76
7228,Donna Frye,stephanieleonard@fernandez-giles.com,76
7229,Christina Santiago,dianaevans@black.com,99
7230,David Hughes,fosterjustin@hotmail.com,10
7231,Kevin Hamilton,patriciawhite@johnson-knight.com,88
7232,Frank Jones,kathy54@gmail.com,47
7233,Joshua Schaefer,jenna46@clarke-smith.com,57
7234,Angela Day,deanna12@matthews.org,85
7235,Jennifer Arnold,earcher@jones-townsend.com,55
7236,Courtney Brown,charles54@powell.org,35
7237,Michele Glover,markthompson@chapman.com,79
7238,Chelsey Garcia,erica39@barry.com,41
7239,Martha Norton,melissa19@gmail.com,66
7240,Jasmine Rivers,mlamb@gmail.com,25
7241,Joann Orr,zhenson@robinson-chen.com,11
7242,Anna Costa,mcdonaldjeffrey@harding-larson.com,38
7243,David Wong,wdougherty@johnson-mclaughlin.com,62
7244,Luis Gentry,sotoelizabeth@mills.com,14
7245,Sarah Walker,juarezkelly@yahoo.com,95
7246,Kevin Bailey,christopherwilliams@matthews-davis.com,59
7247,Melissa Mills,stefanierivera@gmail.com,72
7248,Karen Taylor,rfloyd@ware-shepherd.com,55
7249,Carrie Brooks,johnsonjoseph@hotmail.com,77
7250,David Turner,mcfarlandcrystal@johnson-beard.net,27
7251,David Short,douglasryan@hotmail.com,52
7252,Drew Estrada,laurahaley@yahoo.com,78
7253,Kevin Lee,rosechristopher@moses.net,96
7254,Michael Bennett,brian67@harrison-roberts.info,42
7255,Chris White,jacob03@gmail.com,15
7256,Ronald Moore,lorettawilliams@hernandez.net,10
7257,Alex King MD,cindy15@miller.com,42
7258,Emily Bowers,dkelly@yahoo.com,82
7259,Micheal Rowe MD,twalker@johnson-macias.biz,15
7260,Shannon Dennis,olsonmark@mills.com,73
7261,Matthew Wilson,cjones@blackwell.net,70
7262,Casey Ortiz,tina99@adams.biz,83
7263,Christopher Jefferson,patriciawatson@hotmail.com,80
7264,David Taylor,fthomas@gmail.com,49
7265,Laura Blackburn,christophercohen@gutierrez.com,80
7266,Eric Bell,brooke50@hoover.com,53
7267,Kimberly Hale,millerkristy@sullivan-wang.org,81
7268,Dylan Barr,collinsrachel@hotmail.com,36
7269,Mrs. Jennifer Lin,parsonsmichelle@rose-bautista.com,50
7270,Pamela Graves,jeffreywalls@howard-torres.com,48
7271,Jerry Wells,ramirezchristopher@baker.com,39
7272,Stephanie Wright,joanna75@zavala.com,81
7273,Wanda Matthews,rallen@yahoo.com,91
7274,Katherine Peterson,jesse49@martin.com,27
7275,Sharon Cook,hwilliams@davis.com,92
7276,Christopher Wright,buchanancatherine@harris-hendricks.com,61
7277,Dr. Mercedes Hancock,mkelley@watkins.com,98
7278,Mrs. Carla Powell,jamie34@cox.biz,26
7279,Lisa Sanchez,ogibson@hotmail.com,81
7280,Dominic Johnson,jane55@jefferson-brady.com,54
7281,Teresa Rodriguez,millerteresa@lang.com,54
7282,Susan Robinson,hahnlauren@gmail.com,17
7283,Megan Oconnor,mmata@murray.com,38
7284,Michael Summers,stevensdarryl@briggs-flores.biz,83
7285,Megan Sheppard,lorrainemiranda@schmidt.biz,54
7286,Jane Smith,jwright@gutierrez-schneider.com,68
7287,David Marsh,shannonjenkins@gmail.com,31
7288,Edward Miller,shannon07@thompson-stokes.com,35
7289,Leslie Hampton,ymoore@hotmail.com,33
7290,Melvin Dean,wilsonkristina@yahoo.com,86
7291,Stephen Matthews,josephcollins@gmail.com,41
7292,Juan Perry,lramos@haas.com,64
7293,Gary Clark,alexanderjessica@smith.com,33
7294,Thomas Davis,shawnlloyd@lopez.com,19
7295,Ashley Vasquez,kevin47@macias.com,38
7296,Karina Turner,barnesdiana@miller-schroeder.org,13
7297,William Walker,williamwagner@hotmail.com,93
7298,Randy Kerr,antonio76@hotmail.com,40
7299,Judy Church,nicole66@hotmail.com,22
7300,John Foster,mary02@hernandez.info,77
7301,Pamela Harris,williamslarry@gmail.com,16
7302,Erika Sanders,thompsonchristopher@tate-warren.info,88
7303,Christine Shaw,johnsonjoseph@fields-powell.info,79
7304,Christopher Rodriguez,michael99@espinoza-weaver.org,30
7305,Carmen Adams,thomasjustin@baker.info,34
7306,Nathaniel Oliver,dianagriffin@young.info,72
7307,Benjamin Bates,megan67@yahoo.com,38
7308,Steven Alvarez,cherylrhodes@davis.biz,32
7309,Peter Reeves,troyhardin@hotmail.com,88
7310,Lisa Ford,scarter@gmail.com,73
7311,John Garcia,laura28@anthony.org,23
7312,Scott Harrison,bradfordlaura@hernandez-armstrong.com,49
7313,Cody Martin,williamschris@hotmail.com,81
7314,Mary Beard,brobinson@reyes.com,91
7315,Adrienne King,phillipsrobert@koch.com,11
7316,Christy Wallace,kellynguyen@yahoo.com,62
7317,Jennifer Johnson,bblair@mcguire-osborne.com,64
7318,Stephanie Santiago,keith64@collins-smith.com,29
7319,Joseph Riddle,dunncristina@phillips.info,81
7320,Jenna Newman,uharding@dean.com,47
7321,Carlos Chan,megan03@petersen.com,88
7322,Robert Chan,perrykirsten@white.com,51
7323,Curtis James,sarah45@foley.info,87
7324,Joshua Williams,bradfordtraci@hotmail.com,56
7325,Sarah Martinez,mary59@spencer.org,60
7326,Kathryn Williams,amybrooks@gmail.com,92
7327,Alicia Peterson,theresarojas@hotmail.com,80
7328,Mary Robinson,sheltonchristopher@gmail.com,18
7329,Mark Arroyo,carterjoseph@flores.com,55
7330,Zachary Carrillo,qmiller@gmail.com,11
7331,Ryan Shields,nguyenjacob@wade.com,71
7332,Michelle Hughes,cynthia65@yahoo.com,82
7333,Brenda Nguyen,jeffreystevens@weaver-phillips.biz,63
7334,Ashley Huerta,ashley32@watson.info,23
7335,Anthony Powell,carlaanderson@ramirez.org,40
7336,Michael Munoz,rmcdonald@burch.info,60
7337,Victoria Pena,audreyhuber@hotmail.com,32
7338,Sandra Miller,kenneth22@hotmail.com,18
7339,Christopher Bell,toni21@strickland.com,62
7340,Scott Martin,guzmanmichelle@hatfield-davis.com,92
7341,Sandra Kennedy,prussell@cannon.com,82
7342,Joshua Thomas,tina44@brennan.net,82
7343,Tanya Strickland,willie62@yahoo.com,60
7344,Carrie Graham,jessicadavidson@yahoo.com,70
7345,Allen Burgess,elizabeth70@donovan.biz,53
7346,Barry Larson,christopherscott@carter.com,85
7347,Donna Liu,vzamora@gmail.com,73
7348,Andres Thomas,eric89@yahoo.com,90
7349,Aaron Hoffman,danielcameron@hotmail.com,57
7350,Dr. Bryan Smith,brooke33@gmail.com,66
7351,Natalie Jarvis,sdavies@hotmail.com,39
7352,Linda Hudson,allisonlambert@white.org,15
7353,Tommy Williams,clarkeabigail@stewart-short.com,25
7354,Christopher Frazier,fjacobs@gmail.com,41
7355,Gary Patterson,kstrong@howard-pierce.info,68
7356,Oscar Flowers,melissa08@howell.com,44
7357,Tanner Shelton,bcolon@yahoo.com,78
7358,Jonathan Santos,elizabethlindsey@hotmail.com,48
7359,Richard Hickman,katie05@brown-rivera.com,28
7360,John Woods,leslie68@gmail.com,50
7361,Kevin Wood,sarahmiranda@yahoo.com,90
7362,Jose Mahoney,kellyparker@short.biz,57
7363,Craig Lawrence,mmarshall@yahoo.com,59
7364,Stephanie Lewis,lawrence80@hotmail.com,22
7365,Ashley Baker,tjohnson@costa-herrera.com,64
7366,Brandon Cohen,rodriguezgregory@hotmail.com,95
7367,Michael Martin,awalsh@harris.org,11
7368,Gregory Shannon,bryan54@gmail.com,49
7369,Stacey Cook,idiaz@hotmail.com,72
7370,Megan Larsen,kayla64@butler.com,45
7371,Sharon Santos,peggywagner@ray.com,80
7372,Benjamin Coleman,evanmedina@hotmail.com,33
7373,Erika Hanson,youngmargaret@gmail.com,46
7374,Carolyn Lee,ashleyprice@johns-watkins.info,34
7375,Brad Cantu,noahperkins@browning.com,52
7376,Michael Smith,taylorjill@yahoo.com,10
7377,James Hernandez,michael20@yahoo.com,62
7378,Carolyn Miller,halljames@lee-kennedy.com,69
7379,Daniel Roach,sarah44@hotmail.com,10
7380,Joseph Mitchell,watsongail@gmail.com,90
7381,Brittany Henson,robert05@york.com,69
7382,Robert Ramos,victoria32@pierce-rojas.com,39
7383,Christina Carlson,megansullivan@johnson-thomas.com,23
7384,Richard Lang,joshuamartinez@yahoo.com,56
7385,Jessica Martin,carlossimon@kidd-blevins.com,91
7386,David Webb,martin84@johnson.com,35
7387,Natalie Gray,jerrycox@wang.com,41
7388,Elizabeth Mclaughlin,kelseyhenderson@snyder.com,76
7389,Kaitlin Aguilar,hollyfrederick@yahoo.com,12
7390,Melanie Ward,eric57@yahoo.com,99
7391,David Decker PhD,brad21@hernandez-schneider.com,37
7392,Thomas Miller,belindasmith@gmail.com,28
7393,Gary Stanley,juarezrobert@osborn.info,53
7394,Jacob Taylor,ericrodgers@jefferson.com,33
7395,Leslie Smith,beasleyjared@yahoo.com,46
7396,Eric Lopez,riverabob@hotmail.com,80
7397,Patrick Flowers Jr.,lisavance@mann.com,16
7398,Brad Underwood,brandonlopez@yahoo.com,48
7399,Robin Hernandez,peter52@hotmail.com,76
7400,Amy Duran,emartinez@martin.com,98
7401,Manuel Flowers,oconnellmargaret@moran-robinson.com,97
7402,Eric Davenport,weaverrichard@weeks-price.com,67
7403,Melissa Robinson,janet06@gmail.com,33
7404,Chloe Turner,mary25@yahoo.com,29
7405,Nathan Lewis,juanhancock@rodriguez-graves.com,30
7406,Ryan Andrews,amandatyler@hotmail.com,79
7407,William Padilla,anitakramer@lane.com,25
7408,Cameron Graham,brookedrake@gmail.com,23
7409,Ronald Ibarra,kristinphelps@taylor.net,64
7410,Adam Mcclure,melaniemaynard@gmail.com,88
7411,Katie Martin,skelley@obrien.info,49
7412,Stephen Brooks,vmack@yahoo.com,10
7413,Joseph Collins,ingramjillian@yahoo.com,46
7414,Angela Ward,luiscox@moore.org,91
7415,Crystal Alvarez,jennifer08@taylor.com,51
7416,Stephanie Gay,thomas70@hotmail.com,26
7417,Sarah Phillips,xpaul@klein.biz,92
7418,Amy Williams,regina52@johnson.com,27
7419,Michael Edwards,jeffrey62@lopez.com,13
7420,Megan Proctor,hannahvega@hotmail.com,21
7421,Marco Miller,tiffanysolis@phillips.biz,86
7422,Mary Conway,carterjulie@hamilton-hull.org,87
7423,Julia Williams MD,davissusan@yahoo.com,76
7424,Michael Wilkinson,joseph74@benson.com,63
7425,Meagan Murray,qscott@long.net,17
7426,Carrie Drake,lauriepotter@gmail.com,62
7427,Cynthia Rose,elizabethshields@parker.com,63
7428,Zachary Church,perezterri@gmail.com,78
7429,Mark Mullins,senglish@gmail.com,57
7430,James Rios,ajohnson@dean-evans.biz,92
7431,Dylan Stafford,contrerasbrent@hughes.com,45
7432,Pamela Stewart,kimberly09@mitchell.info,97
7433,Anne Reynolds,robertpage@yahoo.com,80
7434,Thomas Werner,ppennington@hotmail.com,24
7435,Richard Perez,shirley53@gmail.com,26
7436,Sandra Norman MD,michelle89@yahoo.com,45
7437,Shawn Smith,maldonadosarah@hotmail.com,72
7438,Ashley Mueller,annahall@ramirez.info,47
7439,Daniel Hernandez,uwilliams@yahoo.com,96
7440,Robert Rodriguez,mcgeemelinda@garcia-morales.com,70
7441,Kelsey Li,alejandrorodriguez@orr-mcdonald.com,31
7442,Julie Rios,castanedataylor@gonzalez.com,11
7443,Michelle Moreno MD,patricia44@gmail.com,93
7444,Leah Kennedy,beverly96@gardner-giles.biz,45
7445,Dustin Camacho,floydgabriel@yahoo.com,19
7446,Colleen Avila MD,meganbarker@acosta.com,18
7447,Charles Finley,barnesmelissa@lewis.com,91
7448,Michael Foster,renee50@king.org,60
7449,Tammy Collins,gregory31@moore.com,32
7450,Sara Kirk,gregoryscott@hotmail.com,14
7451,Jacob Singh,megan67@garcia.org,46
7452,Julia Coleman,umiller@anderson.com,42
7453,Mark Stevenson,linda42@perry-richards.com,26
7454,Whitney Mann,paul78@rogers.com,48
7455,Taylor Phillips,suemartin@herrera.com,28
7456,Sabrina Brown,jsantiago@garrison.com,16
7457,Julie Moody,tlawson@yahoo.com,31
7458,Nathan Rivera,jblackburn@yahoo.com,32
7459,Mary Cummings,iwilliams@raymond.net,25
7460,Mrs. Lindsey Cooper MD,yblankenship@yahoo.com,50
7461,Dustin Lindsey,qpeters@gmail.com,90
7462,Justin Spencer,efernandez@yahoo.com,51
7463,Joann Henderson,andrew32@vasquez-shepard.net,32
7464,Michael Sims,gutierrezcharles@levine.org,73
7465,Caroline Torres,timothywest@smith.com,92
7466,Cynthia Bray,jennapage@gmail.com,14
7467,Jonathan Chavez,brittanyaguirre@bush-kelly.net,63
7468,Bruce Davis,mwashington@gmail.com,44
7469,Marissa Miles,michaelroberson@cardenas-hendrix.com,58
7470,Jason Erickson,mackjoy@hotmail.com,67
7471,Kelly Reynolds,xwest@brown.net,33
7472,Emily Howard,weavercarolyn@kirk-martin.net,32
7473,Jamie Klein,upayne@gmail.com,30
7474,Kayla Contreras,barbara08@gmail.com,70
7475,Tammy Reeves,noconnell@gmail.com,65
7476,Adriana Allen,uhayes@gay-knight.com,61
7477,Dawn Anderson,holmesbrian@yahoo.com,16
7478,Lindsay Pearson,theresabates@phillips.info,85
7479,Ryan Sullivan,josemora@gmail.com,15
7480,Daniel Dawson,omyers@velasquez-scott.net,59
7481,Helen White,krichards@tyler.net,10
7482,Cassie Watkins,michelle92@gmail.com,35
7483,Jerry Klein,michellemendez@duncan.info,52
7484,Terri Mullins,sarahmartinez@stewart.com,72
7485,Amber Castaneda,michaelrodriguez@nixon.com,58
7486,Jennifer Parker,beltrancindy@yahoo.com,78
7487,Danielle Smith,diana78@yahoo.com,57
7488,John Harris,yvalentine@carlson-stanley.com,60
7489,Julia Gill,danielsmith@reed.com,52
7490,Anthony Robinson,whudson@gmail.com,19
7491,Deborah Brooks,ksanchez@rowe-huang.info,63
7492,Adam Nelson,caldwellpeter@yahoo.com,35
7493,Robin Burns,jenniferbruce@gmail.com,34
7494,Mr. Joseph Pena MD,wernerjeremy@stevenson-summers.com,59
7495,Julie Smith,nathanmonroe@oneill.info,49
7496,Brendan Patterson,davispatricia@hamilton.com,28
7497,Jose James,katherine54@campbell-munoz.com,41
7498,Steven Flowers,shafferemily@long.org,67
7499,Valerie Martinez,matthewlane@gmail.com,40
7500,Mr. Mark Howell DVM,hawkinsrobert@gmail.com,30
7501,Brianna Romero,gonzalezbrendan@gmail.com,52
7502,Gregory Moran II,markbrennan@yahoo.com,84
7503,Erin Warren,khowe@singh.info,40
7504,Ashley Moore,fergusonjames@christian.org,85
7505,Jeremy Smith,umiller@kelly.com,62
7506,Allen Pacheco,johnsnyder@peters.com,26
7507,Marcus Vasquez,felicia85@evans-hall.com,50
7508,Daniel Henson,charles11@yahoo.com,94
7509,Justin Montgomery,nicholassmith@yahoo.com,87
7510,Ronnie Hudson,blairkeith@hotmail.com,22
7511,Patty Powell,joshuascott@hotmail.com,57
7512,Susan Parker,byrdjustin@morales.com,71
7513,Robert Miranda,bailey82@brady-wilson.biz,63
7514,Mary Larsen,madisonjones@yahoo.com,31
7515,Jeffery Payne,uolson@escobar.com,30
7516,Wayne White,mackenzie30@yahoo.com,92
7517,Mrs. Wanda West,lisa08@cline-foster.com,72
7518,Karen Davis,nicoleramos@gmail.com,24
7519,Charles Cruz,christopher96@gmail.com,65
7520,Matthew Pierce,swansondanielle@hotmail.com,16
7521,Nancy Anderson,jcarter@collins-hicks.com,42
7522,Amanda Zimmerman,ihughes@ryan-smith.com,93
7523,Danielle Watson,xharrison@yahoo.com,21
7524,Jeffrey Greene,sararussell@lawson-peck.net,21
7525,Darius Richard,wrichardson@rodriguez.info,47
7526,Angela Morgan,volson@fuller.org,19
7527,Kathleen Brown,vanessa88@richardson-anderson.com,70
7528,Melissa Howard,jmercado@miller.com,83
7529,David Perez,brianna21@bailey.biz,33
7530,William Foster,wlucas@ward-phelps.com,31
7531,Norma Joseph,mary07@gmail.com,24
7532,Jamie Deleon,tammy05@wolfe-anderson.com,18
7533,Nancy Austin,dawn38@cohen.com,60
7534,Jason Johnson,olsonrachael@randall-powell.com,10
7535,Linda Warner,zmitchell@mills-owen.biz,52
7536,Timothy Yates,ralphdelgado@yahoo.com,92
7537,Gina Barker,jeanjohnson@joyce.com,20
7538,Amy Bailey,jeffery10@bishop-curry.com,76
7539,Brandon Clark,xlewis@clark.com,64
7540,Aaron White,amber10@hotmail.com,21
7541,Sydney Murray,yvasquez@richards.com,42
7542,Jessica Thomas,ulopez@thompson-stanley.biz,41
7543,Matthew Strong,phoward@robinson-anderson.info,18
7544,Michael Knight,maria68@gmail.com,96
7545,Gabriel Hernandez,daniellejohnson@yahoo.com,55
7546,James Freeman,michael03@gmail.com,71
7547,Vanessa Mooney,melinda37@ponce.com,56
7548,Anthony Brown,gomezmichael@hotmail.com,13
7549,Joseph Johnson,mpugh@hotmail.com,27
7550,Patrick Simpson,steven53@ayala.com,84
7551,Edward Baker,pmcgrath@yahoo.com,74
7552,Barbara Fitzgerald,marcbishop@cameron-villanueva.biz,75
7553,Taylor Parks,dianegallagher@yahoo.com,56
7554,Ashley Henderson,kimberlynewman@hotmail.com,99
7555,Joseph Jones,jorge31@hotmail.com,11
7556,Joshua Greene,kennethhuff@kent.org,11
7557,Bradley Mitchell,annabryant@barrera.com,37
7558,Devin Lewis,kim17@thomas-martinez.com,75
7559,James Mclean,mendozamelissa@yahoo.com,18
7560,Mr. Jay James Jr.,john99@hotmail.com,68
7561,Anne Neal MD,davissteven@wall-shelton.org,38
7562,Melissa Holt,kellygray@long-howard.com,36
7563,Megan Hughes,christinawilliams@gmail.com,47
7564,Valerie Chandler,fernandezbenjamin@harris.com,21
7565,Andrea Horton MD,bondwilliam@sharp.info,46
7566,Michael Brown,cgreene@hill.org,87
7567,Clayton Campbell,rblanchard@walker-stone.biz,99
7568,Henry Lee,william20@yahoo.com,25
7569,Connie Newman,rachael23@rodriguez.biz,75
7570,Crystal Perry MD,medinaerik@clark.org,29
7571,Stephen Wade,katrina76@kennedy-miller.biz,33
7572,Christopher Kim,jonathankelley@malone.com,53
7573,Deborah Moran,john62@hotmail.com,27
7574,Matthew Ramos,hammonddavid@daniels-hart.info,23
7575,David Rodriguez,christine64@gmail.com,18
7576,Joy Gordon,susan55@parker.com,34
7577,Barbara Johnson,colsen@vaughn.com,27
7578,Debra Lowery,kennethluna@sims-marshall.com,14
7579,Jeffrey Villa,alvarezcatherine@hotmail.com,39
7580,Shane Chang,donna39@villa.com,31
7581,Alejandro Roy,johnmason@hill-grant.com,47
7582,Cynthia Bartlett,jamesstewart@gmail.com,80
7583,Jerry Hall,freemanrobert@vargas.com,32
7584,Meagan Herrera,jessevelasquez@larsen-juarez.net,42
7585,Denise Rivera,meredithcantu@yahoo.com,70
7586,James Reese,lturner@gmail.com,61
7587,Bethany Rangel,serranocharles@gmail.com,35
7588,Megan Hansen,rhonda22@hotmail.com,77
7589,Patrick Chapman,david66@gmail.com,30
7590,Adam Mendez,lopezkrystal@gmail.com,11
7591,Anthony Cochran,jacksonrhonda@hotmail.com,88
7592,Jose Mercado,ronald27@brown.net,82
7593,Paige Robinson,amanda66@sanchez.net,16
7594,Wendy Walker,webbjennifer@gonzalez.com,67
7595,Valerie Welch,nicole48@parker-davis.biz,61
7596,Lisa Bell,parkertammy@gmail.com,55
7597,Tammy Gonzales,mdavis@lucas-bennett.biz,50
7598,Jamie Wood,russojeffrey@fry-mccoy.com,99
7599,Glenn Norris,rita81@edwards.biz,67
7600,John Kim,larrygarcia@payne-white.com,21
7601,Cheyenne Fuentes,hodgemark@gmail.com,33
7602,Susan Gonzalez,wwyatt@yahoo.com,79
7603,Robert Mccann,yangregina@murphy-carlson.biz,31
7604,Timothy Manning,thompsonkimberly@yahoo.com,23
7605,Nicholas Williams,kevinwagner@yahoo.com,97
7606,Anne Wells,betty59@schwartz.org,85
7607,Derek Potter,ayersbarbara@yahoo.com,13
7608,Heather Wells,barnespatrick@gmail.com,51
7609,Chelsea Ramos,thomas14@yahoo.com,21
7610,Michael Hill,david67@archer.net,24
7611,Bobby Padilla,kenneth09@lindsey.com,90
7612,Timothy Craig,laneamy@hotmail.com,40
7613,Jacob Stewart,cdouglas@smith.com,33
7614,Charles Dixon DDS,pmiller@edwards.biz,50
7615,Victoria Schmidt,williamhopkins@hotmail.com,84
7616,Belinda Allen,carriele@nelson.com,35
7617,Jeffery Dean,tiffany72@cook-harris.org,37
7618,Jennifer Moore,brownderek@wagner-greene.com,15
7619,Danielle Patel,goodmanlisa@yahoo.com,19
7620,Angela Yang,mmartin@hotmail.com,97
7621,Lori Richard,robert85@miller-hall.com,78
7622,Christine Fisher,wilkinsonjacob@walker-lopez.com,78
7623,Michael Harris,howelljody@brown-bennett.com,67
7624,Manuel Smith,stevenmiller@hotmail.com,23
7625,Emily Herman,david55@watson.com,36
7626,Melissa Mcneil,steve43@gmail.com,88
7627,Laura Shelton,francis03@bass.com,60
7628,Jennifer Garcia,smithaaron@smith.com,46
7629,Todd Edwards,stephaniehernandez@yahoo.com,55
7630,Laura Bradley,rachelware@yahoo.com,18
7631,Randy Adams,cmatthews@carr.com,38
7632,Kelly Kelley DVM,david26@evans-adams.com,68
7633,Dana Banks,gomezjeffrey@yahoo.com,91
7634,Meredith Henderson,whitejennifer@hotmail.com,51
7635,Susan Fischer,zhangwendy@gmail.com,73
7636,Patricia Gomez,dennismcguire@freeman.com,15
7637,Kevin Ayala,westpatricia@reed.com,43
7638,Brian Daugherty,ashleybutler@gray.com,96
7639,Melissa Chan,valerie65@yahoo.com,50
7640,Rebecca Johnson,dowens@yahoo.com,92
7641,Daniel Erickson,conniewebb@james.biz,74
7642,Brenda Walsh,alan83@gmail.com,99
7643,Alice Rodgers,brooke54@yahoo.com,17
7644,Dawn Craig,adam21@ryan.org,91
7645,Jared Marks,guerrerorobert@yahoo.com,57
7646,Cynthia Sandoval,betty47@nielsen.com,43
7647,Linda Roberts,crystal51@yahoo.com,60
7648,Walter Esparza,william40@foster.com,29
7649,Alexander George,aaron86@gmail.com,72
7650,Joshua Rogers,paulhowe@smith-savage.com,81
7651,James Crawford,smithjim@mcgrath.com,20
7652,William Miles,tammywalls@bradley.biz,40
7653,Claudia Rush,mary29@richards.com,60
7654,Brandon Hunt,hamiltonjason@hotmail.com,48
7655,Lauren Barnett,nicole52@powell-carroll.biz,66
7656,Sherri Bailey,joshua57@yahoo.com,91
7657,Leslie Sanders,sandradouglas@yahoo.com,20
7658,Cody Clark,qdawson@moore-garcia.com,33
7659,Andrea Henderson,jrobinson@hopkins-brown.com,61
7660,Jim Williams,dillonpayne@hooper-henderson.com,82
7661,James Berg,robertdavis@yahoo.com,87
7662,Catherine Gilmore,jacob78@yahoo.com,61
7663,Joseph Williams,jasonleon@green.com,69
7664,Melissa Bishop,loridavila@morris.com,36
7665,Robin Mcdonald,gary05@johnson.com,59
7666,Misty Taylor,justin25@burke-patrick.com,58
7667,Justin Peters,christopher22@schmidt.com,53
7668,Kim Collins,donnareynolds@silva.biz,21
7669,Maria Marsh,jose40@wallace.biz,68
7670,Daniel Li,omendez@hotmail.com,94
7671,Ethan Black,kathryn80@gmail.com,79
7672,Nicholas Odonnell,lynchjames@gmail.com,45
7673,Derrick Ho,ashleymartinez@hotmail.com,44
7674,James Dominguez,gordondenise@hotmail.com,37
7675,Anne Robinson,kathleen08@foster.com,62
7676,William Davenport,allison77@baker.info,84
7677,Julie Martin,twest@snyder-wall.biz,96
7678,Kimberly Lyons,johnsonjuan@jones.org,76
7679,Matthew Diaz,youngsally@hotmail.com,79
7680,Maria Fleming,christopherjohnson@hotmail.com,44
7681,Heidi Lane,pvazquez@gmail.com,51
7682,Julian Munoz,xrivera@anderson.com,51
7683,Matthew Hamilton,anthonyhumphrey@perez-taylor.biz,73
7684,Kevin Young,mackralph@hotmail.com,29
7685,Joe Taylor,victoriaayala@gmail.com,80
7686,Robert Fisher,andrea41@ortiz-ryan.com,25
7687,Amanda Simon PhD,shannonroman@ferrell-bowman.com,54
7688,Sarah Wright,pgreen@gmail.com,27
7689,Luke Smith,slyons@gmail.com,25
7690,Rebecca Barrett,emily19@yahoo.com,71
7691,David Snyder,dana70@taylor.com,96
7692,James Acevedo,arivera@gmail.com,11
7693,Joshua Gomez,pricesarah@hotmail.com,15
7694,Thomas Moreno,kimberly58@buchanan.net,90
7695,Linda Norris,mooretami@yahoo.com,48
7696,Bruce Vega,justin66@davis-wilson.com,59
7697,Matthew Gonzalez,breannajackson@gmail.com,37
7698,Ashley Church,lcortez@lambert.biz,91
7699,Shawna Martinez,valeriebarber@hotmail.com,70
7700,Samuel Morgan,stewartamy@hotmail.com,91
7701,Rhonda Oneal,cindy59@levy-moore.net,31
7702,Tamara Downs,daniel76@hotmail.com,72
7703,Susan Hardin,hopkinsanthony@yahoo.com,38
7704,Taylor Stephens,wangjoseph@yahoo.com,62
7705,Eileen Washington,petersonmatthew@gmail.com,42
7706,Mrs. Rhonda Guzman,sanchezbrittany@huber.com,87
7707,Vincent Simpson,anthonyjohnson@yahoo.com,80
7708,Jeremy Watson,dwhite@davis-mills.com,43
7709,Samantha Smith,igomez@hotmail.com,89
7710,Brandon Campos,randall65@taylor-lee.com,49
7711,Pamela Gregory,michaelpotter@torres.info,54
7712,Katherine Strickland,katherinemccormick@cox.com,78
7713,Donald Lewis,anapatel@gonzalez.org,87
7714,Steve Thomas,cherylrowland@ward.com,35
7715,Erica Gregory,hcontreras@sanchez.com,51
7716,Amanda Estrada,melvin11@rodriguez.org,18
7717,Donald Lane,caseymary@grimes.com,58
7718,Anthony Hood,andrewsmith@hotmail.com,99
7719,Melissa Little,leah36@gmail.com,57
7720,Kenneth Howell,freemansarah@yahoo.com,23
7721,Carol Smith,eburton@roberts.com,98
7722,Tara Barker,lwhite@hotmail.com,97
7723,Kyle Madden,kliu@hotmail.com,25
7724,Mrs. Anita Bond DDS,cisnerosamber@morris.com,34
7725,Greg Morgan,mariaromero@yahoo.com,30
7726,Gary Chambers,christopher10@hotmail.com,19
7727,Steven Jones,lewisanne@white-taylor.com,34
7728,James Barker,christopher64@moore.info,11
7729,Sarah Watson,andrewmunoz@oneill-lopez.com,38
7730,Jamie Blair,timothymason@hotmail.com,61
7731,Kelly Roberts,martinezangela@smith.com,15
7732,Erika Moore,kristencontreras@yahoo.com,21
7733,Earl Yoder,gabriela87@wright-duncan.org,56
7734,Justin Evans,fernandezdavid@yahoo.com,95
7735,Timothy Howard,davidharrell@rogers.com,50
7736,Kimberly Fisher,kmills@wilson-smith.org,45
7737,Troy Sanchez,michael28@hotmail.com,64
7738,Melissa Shannon,kristin26@hotmail.com,51
7739,Frank Le,rhenderson@chang.org,41
7740,Kimberly Horton,melissaevans@walsh-brooks.info,98
7741,John Jones,josephlane@lewis.com,52
7742,Kevin Hicks,wellsmichael@gonzales-cole.net,10
7743,Julia Smith,rodriguezedwin@adams.com,50
7744,Rick Powell,kristy85@hickman.com,53
7745,Mr. Brian Roberts,thorntondavid@gmail.com,94
7746,Angela Allen,richard03@yahoo.com,46
7747,Sherri Kerr PhD,mcuevas@hotmail.com,28
7748,Scott Moore,jenniferwheeler@hotmail.com,20
7749,Sara Johnson,evillanueva@gmail.com,71
7750,Kimberly Morales,scole@hotmail.com,95
7751,April Manning,hwhite@sanders.info,96
7752,Cindy Snyder,luis60@mason.com,67
7753,Kathryn Ramsey,christopher05@yahoo.com,80
7754,James Gilbert,gregorygoodwin@anderson.com,89
7755,Amanda Morrison,jennifer76@lawson-farmer.com,65
7756,Janet Edwards,louislee@hotmail.com,34
7757,Lance Mann,luisthomas@waters.com,91
7758,Crystal Collins,deborahjoseph@bell.com,27
7759,Zachary Estrada,keyjennifer@fletcher-ramos.biz,90
7760,Nancy Baxter,crosskatelyn@yahoo.com,92
7761,Morgan Scott,greeneteresa@yahoo.com,40
7762,Richard Miller,hayesdenise@yahoo.com,37
7763,David Murphy,christopher50@gmail.com,21
7764,Kayla Ramos,teresa63@stephens.biz,45
7765,Daniel Oliver,cbarnes@wilson-kelly.com,83
7766,Garrett Pierce,jenkinsjared@hotmail.com,44
7767,Kimberly Ellis,isaaccollins@yahoo.com,75
7768,Emily Simmons,acostaangela@hotmail.com,44
7769,Kimberly Jenkins,eugene67@henson.com,69
7770,Rebecca Foster,aschultz@yahoo.com,49
7771,Jamie Mcguire,xhunter@yahoo.com,36
7772,Amber Lara,denisewilliams@schmidt.net,15
7773,Mark Price,zberg@mcfarland.net,23
7774,Gabriel Rodriguez,cooperthomas@mccoy.com,73
7775,Alexandra Rodriguez,deancompton@wheeler-harvey.net,82
7776,Amanda Murphy,markcollins@yahoo.com,53
7777,Joshua Kline,harrisandrew@hotmail.com,26
7778,Madeline Gonzales,smithjonathan@gmail.com,10
7779,Julie Knox,wrich@wilson-garza.com,53
7780,Cindy Craig,edwardparker@hotmail.com,10
7781,Jonathan Garcia,marcus95@yahoo.com,30
7782,Tristan Boyd,rebeccagomez@gibson-carson.com,87
7783,Cassandra Black,mccarthyjanet@stephens.info,45
7784,Kimberly Pope,spencerashley@yahoo.com,54
7785,Donna Williams,phogan@gmail.com,81
7786,Paul Kelly,richardhill@rivera-johnson.com,63
7787,Mark Watson,fieldspaula@crawford.com,46
7788,Michelle Smith,susan95@jimenez.info,44
7789,Jonathan Conley,khernandez@gmail.com,53
7790,Stacey Taylor,novakcarol@gmail.com,17
7791,Charles Saunders,kylemccormick@gmail.com,31
7792,Jonathan Webb,jzuniga@parker.info,15
7793,Andrew Leon,matthew77@brown-gould.com,46
7794,Jacqueline Carr,carrlinda@white.org,14
7795,Lawrence Payne,samantha44@davis-green.com,37
7796,Jacob White,harveydanielle@hotmail.com,99
7797,Eric Le,yolanda96@ryan.com,33
7798,Richard Moss,mollyramos@hotmail.com,73
7799,George Miller,vasquezabigail@yahoo.com,54
7800,Evelyn Lee,megan05@herrera.com,17
7801,Shawn Hensley,laurasmith@gmail.com,86
7802,Brittany Mcmahon,nancyorozco@gmail.com,25
7803,Jonathan Duncan,grahamheidi@yahoo.com,87
7804,Seth Davis,robertroy@park-wagner.com,69
7805,Linda Rodriguez,potterwilliam@coleman-reyes.info,47
7806,Matthew Beck,tsmith@harrington.com,65
7807,Thomas Chapman,fitzpatricktiffany@scott.org,11
7808,Jill Long,mercerdaniel@ramos.com,98
7809,Tammy Trujillo,christy13@bray.info,30
7810,Ian Young,williamlee@keller.net,97
7811,Natalie Robertson,jenniferyoung@gmail.com,26
7812,John Juarez,allenlara@yahoo.com,55
7813,Stacy Ruiz,alexandrachavez@yahoo.com,92
7814,John Romero,njohnson@gmail.com,59
7815,Tammy Nolan,peckkristina@walker-mccullough.com,12
7816,Vanessa Watson,andrewortiz@hotmail.com,11
7817,Shelby Blankenship,anthonywall@yahoo.com,25
7818,Hector Leblanc,holdenmatthew@yahoo.com,79
7819,Thomas Rivera,yjefferson@hawkins.net,40
7820,Bryan Torres,johnsonsabrina@calderon-torres.biz,87
7821,Emily Lang,sergiojones@cuevas-pierce.org,21
7822,Angelica Johnson,valerie58@hotmail.com,68
7823,Justin Matthews MD,georgemichael@king.com,55
7824,Donna Scott,lauramorgan@yahoo.com,51
7825,Monica Perez,samantharodriguez@gmail.com,16
7826,Marcus Poole,isims@gmail.com,26
7827,Susan Booth,cmorrison@sanders.com,87
7828,Brandon Murray,manuelsolomon@powell-collins.biz,96
7829,Audrey Adams,laurenreyes@hotmail.com,60
7830,Zachary Duncan,hillnicole@hicks.org,25
7831,Laura Becker,dcarroll@cook.com,79
7832,William Edwards,lopezheather@oconnor.org,54
7833,Kristy Owens,sally74@hotmail.com,10
7834,Ethan Craig,gmiddleton@shelton.com,25
7835,Bobby Lane,wilsonjustin@yahoo.com,18
7836,Karen Hudson,tpotter@hotmail.com,10
7837,David Williams,careylindsey@hotmail.com,40
7838,Mr. Chad Logan DDS,weaverwilliam@rodriguez.com,89
7839,Jennifer Williams,johnsonbrian@powell-fry.com,94
7840,Melinda Stone,meadowscrystal@mullins-gomez.com,25
7841,Linda Johnson,joshuamedina@moon.biz,14
7842,Megan Knapp,ppage@davis.info,73
7843,Shane Fields,ujones@franklin-freeman.biz,97
7844,Julie Smith,lsanchez@hotmail.com,40
7845,Bridget Howard,gonzalezdiana@gmail.com,97
7846,Timothy Moore,curryjean@hotmail.com,59
7847,Collin Salazar,ruthtrujillo@phelps.com,15
7848,Benjamin Jones,kevin25@mueller.org,40
7849,Savannah Bennett,zhangcassandra@yahoo.com,56
7850,Philip Matthews,nthomas@beck-parks.com,91
7851,Sandra Soto,paulgates@hotmail.com,53
7852,Cheryl Cain,drussell@alvarez-morris.net,38
7853,Nathan Kelley,rhondamoore@hotmail.com,55
7854,Cassidy Sanchez,amandacohen@young.com,82
7855,Alan Joyce,andrew79@gmail.com,12
7856,Roberto Carpenter,vincent99@hotmail.com,99
7857,Karen Avery,joyjohnson@hotmail.com,78
7858,John Flores,rebecca95@yahoo.com,25
7859,Frank Barnes,makaylawalker@gmail.com,14
7860,Joel Wilson,mevans@wilson-lewis.org,27
7861,Troy Williams,kyliebaldwin@hotmail.com,68
7862,Cory Villarreal,katrinawarner@stokes-drake.com,56
7863,Virginia Finley,sandradawson@gmail.com,51
7864,Robert Burns,robert84@mcmahon.org,40
7865,Joe Chan,tinakirk@gmail.com,81
7866,Theresa Stone,mallorylamb@hotmail.com,33
7867,Lindsey Kim,erica59@roberts.com,71
7868,Timothy Schneider,brettlarson@mcguire.org,72
7869,Megan Miller,halldarlene@gmail.com,58
7870,Johnny Johnson,patrick26@boyd-chan.com,81
7871,Alexander Patterson,john87@hansen-mills.com,73
7872,Andrea Johnson,grace46@yahoo.com,61
7873,Matthew Wilson,qlawrence@yahoo.com,67
7874,Ariana Leblanc,kristin34@gmail.com,67
7875,Paul Phelps,jenniferfox@gmail.com,57
7876,Lisa Patel,matthew03@hotmail.com,34
7877,Dawn Jones,warrenlisa@brown.info,46
7878,Juan Rodgers,ojames@gmail.com,91
7879,Patrick Hill,wmaldonado@gmail.com,81
7880,Jose Johnson,lisa96@wright-hicks.com,70
7881,Janice Dennis,careyjonathan@butler.com,80
7882,Kelly Simpson,samantha20@garcia-wood.com,20
7883,Erik Weaver,rebeccagonzalez@hotmail.com,48
7884,Sonia Harris,robertgarza@nguyen.com,14
7885,Aaron Downs,ryanmarshall@hotmail.com,91
7886,Jonathan Parsons,sanchezjenna@gmail.com,54
7887,Jenny Lee,rcoleman@hotmail.com,37
7888,Kelly Delgado,shannon89@gmail.com,82
7889,Julie Moore,justinmanning@gmail.com,96
7890,Christopher Wright,paynepaul@gallagher-noble.com,12
7891,Eric Ray,timothy32@austin.net,84
7892,Rachel Lynch,jill64@freeman.com,83
7893,Craig Rivera,joseph23@ramsey.com,35
7894,Travis Smith,randy38@robertson.com,47
7895,Kathy Ware,heatheribarra@yahoo.com,68
7896,Randy Lopez,matthewcarlson@fitzpatrick.com,19
7897,Cory Taylor,robert69@yahoo.com,92
7898,Russell Fox,woodjordan@anderson.com,52
7899,Robert Hart,adamgregory@yahoo.com,70
7900,Amber Livingston DVM,diazmegan@sloan-clark.com,90
7901,Shannon Gibson,hornmichael@hotmail.com,92
7902,Loretta Thompson,emily17@hotmail.com,14
7903,Catherine Obrien,christinetodd@mack-rowe.com,36
7904,Charles Carter,angelmadden@hotmail.com,72
7905,Christina Hawkins,emilywhite@hotmail.com,61
7906,Tonya Mcdowell,kjohnson@hotmail.com,88
7907,Timothy Mccann,joshua57@hotmail.com,78
7908,Veronica Beard,patriciataylor@hotmail.com,30
7909,Cheryl Hicks,ejohnson@gmail.com,50
7910,Laura Proctor,amy94@martinez.biz,35
7911,Travis Harrison,cwhite@gmail.com,93
7912,Michelle Rosales,shannonryan@wright.org,91
7913,Sandra Jackson,dominiquebell@schmidt.com,51
7914,Larry Davis,oroberson@taylor.com,89
7915,Michele Myers,bwalker@yahoo.com,57
7916,Kaylee Chavez,meganjacobson@hotmail.com,23
7917,Benjamin Collins,david18@gmail.com,94
7918,Matthew Tucker,bryankeller@yahoo.com,15
7919,Jessica Soto,boydlinda@gmail.com,58
7920,Anita Thomas,justinmontgomery@hotmail.com,41
7921,Kathleen Anderson,donald32@alvarado-miller.com,98
7922,Michele Cain,qcastillo@gmail.com,22
7923,Gina Burke,tracymcbride@wyatt.org,91
7924,James Stevens,jessica57@arias.org,57
7925,Cody Wood,jimeneznicole@gmail.com,56
7926,Monique Elliott,micheal01@hodges.net,46
7927,Sean Walker,fpace@yahoo.com,11
7928,Lindsey Hoffman,beckjennifer@yahoo.com,46
7929,David Maldonado,william79@bailey.com,78
7930,Joseph Turner,melissa94@yahoo.com,18
7931,Travis Lewis,barbaraklein@miller.com,63
7932,Dennis Johnston,emcfarland@hotmail.com,86
7933,Robin Ware,burgessjoseph@schwartz.com,64
7934,Autumn Dennis,andrea65@yahoo.com,66
7935,Kelsey Lawrence,ylong@smith-west.biz,79
7936,Stephanie Rios,ricky88@hotmail.com,68
7937,Samantha Garcia,shelleyluna@yahoo.com,70
7938,Autumn Olson,shaneobrien@gmail.com,85
7939,Samuel Barrett,carolinebryan@parker-rodriguez.com,30
7940,Victoria Wells,ohawkins@hotmail.com,55
7941,Kristin Haynes,lturner@powers-rhodes.com,24
7942,Cynthia Robles,austinhill@martinez.com,59
7943,Anthony Thompson,benjaminmann@andrews-castillo.com,95
7944,Jason Powell,jamiedixon@anderson.com,73
7945,Steven Mckee DDS,jamesedwards@hotmail.com,18
7946,Kenneth Harrington,kchambers@garza.net,86
7947,Regina Olson,warrengarrison@hotmail.com,38
7948,Bethany Vasquez,tdavis@yahoo.com,30
7949,Justin Wells,osnyder@perkins.org,96
7950,Cameron Grant,snyderdavid@cruz.biz,68
7951,Leslie Webb,piercebrenda@yahoo.com,67
7952,Jeremy Thomas,markgilmore@hotmail.com,35
7953,Elizabeth Jones,jacoblucas@miller-horton.com,52
7954,Sarah Wilson,ukeller@yahoo.com,90
7955,Stacy Houston,xdavis@chapman.com,83
7956,Michael Delacruz,ffrost@yahoo.com,58
7957,Patricia Skinner,gramsey@williams-alexander.com,45
7958,Elijah Oneill,troy27@campbell.net,11
7959,David Pruitt,clarkaaron@gonzalez.com,26
7960,Charles French,peterharrington@hotmail.com,80
7961,Tina Webster,jeffrey74@newman.info,75
7962,Jennifer Cruz,gmurphy@hotmail.com,20
7963,Justin Thomas,kbenson@yahoo.com,74
7964,Daniel Valencia,ronald63@hotmail.com,32
7965,Corey Harmon,john19@cox-phillips.com,71
7966,Taylor Marshall,taylorchristopher@hotmail.com,70
7967,Brian Kennedy,brandon16@lawrence.biz,41
7968,James Lucero,msanchez@stone.com,48
7969,Kimberly Kennedy,ypierce@hotmail.com,85
7970,Krista Rodriguez,larsonmatthew@robbins.com,39
7971,Angela Ramirez,michelewilliams@walker-acevedo.com,74
7972,Eric Sullivan,velasquezsarah@gmail.com,56
7973,Carl Arias,jeffrey51@steele.com,71
7974,Michael Valdez,khahn@yahoo.com,46
7975,Mary Robinson,glovermichael@hotmail.com,57
7976,Matthew Hernandez,cisnerosjohn@hotmail.com,75
7977,Jesse Conley,gonzalezstephanie@sanchez.biz,40
7978,Kevin Mitchell,zsantiago@gmail.com,53
7979,Brian Lester,bwelch@yahoo.com,46
7980,Troy Jones,melissa45@hotmail.com,42
7981,Alyssa Williamson,rachelbarnes@hotmail.com,79
7982,Diane Soto,tiffany68@yahoo.com,67
7983,Timothy Wilkinson,mhinton@hotmail.com,30
7984,Tracy Fuller,johnsonleslie@lang.org,30
7985,Taylor Pollard,pcoleman@gmail.com,19
7986,Jennifer Weaver,lisa39@yahoo.com,88
7987,Ronald Harris,breannaconner@fleming.com,44
7988,Crystal Walker,spatrick@gmail.com,44
7989,Gregory Duke,michaelnicholson@yahoo.com,71
7990,Natasha Perez,smithcrystal@gilbert.com,70
7991,Jennifer Peterson,chanson@yahoo.com,32
7992,Elizabeth Fernandez,mooremarcus@oliver.org,60
7993,Greg Christensen,fergusondavid@gmail.com,41
7994,Julian Johnson,thodge@price.biz,86
7995,Raymond Phillips,hollybryant@smith.com,31
7996,Richard Jackson,byrdhaley@gonzalez-smith.com,83
7997,Timothy Smith,pnash@alvarez.com,60
7998,Andrew Reyes,reedelizabeth@gmail.com,17
7999,Amber Ward,elizabethowen@gmail.com,80
8000,Melissa Newman,sarahramirez@yahoo.com,82
8001,April Contreras,freybrian@yahoo.com,41
8002,Mary Carter,kmiller@williams.com,52
8003,Laura Cooper,jessicaburgess@yahoo.com,92
8004,William Coffey,ehudson@gmail.com,16
8005,Rebecca Thomas,christine40@gmail.com,63
8006,Jessica Smith,dabbott@garcia.com,18
8007,Michael Valencia,natasha63@gmail.com,26
8008,Michael Allen,fjohnson@gray.org,42
8009,Robert Bryant,hillalexander@weiss-ewing.org,77
8010,Randy James,kirbyjeffrey@cooper.com,53
8011,Christopher Leonard,lisahughes@huang.com,55
8012,Brian Mccarthy,alexkim@white.com,20
8013,James Lawson,alexandra11@martinez-rodriguez.com,91
8014,Dr. James Huang,karen48@gmail.com,41
8015,Christina Garcia,davidsonryan@gmail.com,68
8016,Brian Nelson,davidmiller@johnson.com,41
8017,Anna Hoffman,wesley13@hotmail.com,87
8018,Elizabeth Santos,sjones@dawson.biz,46
8019,Bryan Johnson,jamescolleen@hotmail.com,61
8020,Joshua Alvarado,amanda48@gmail.com,82
8021,Melissa Bauer,butlerbruce@bell.com,92
8022,Amanda Brown,ericahays@orr.org,16
8023,Charles Ferguson,alarson@yahoo.com,98
8024,Lisa Patrick,stephen12@tran.info,78
8025,Angela Buckley,williamwatkins@hotmail.com,48
8026,Phillip Williams,michaela43@gmail.com,24
8027,Sarah Moore,nstone@anthony.com,90
8028,Patricia Villegas,haleanthony@yahoo.com,94
8029,Haley Thomas,christopherferguson@davis.com,73
8030,Daniel Stuart,youngcameron@hotmail.com,37
8031,Mr. Jeremy Cain,krista01@yahoo.com,55
8032,Amber Hunt,fernandezcheryl@golden-davis.com,53
8033,Brenda Davis,gibsonjesse@sharp.biz,53
8034,Matthew Pope,sean63@gmail.com,45
8035,Claire Davis,erica26@yahoo.com,83
8036,Daniel Schaefer,xwilson@gordon.com,89
8037,Jennifer Watkins,normansteven@hotmail.com,62
8038,Marilyn Potter,greed@gmail.com,47
8039,Adrian Patel,hsanchez@yahoo.com,43
8040,Joseph Anderson,edwardscolleen@gmail.com,11
8041,Richard Washington,jeremiah16@gmail.com,74
8042,Lisa Vasquez,abbottpatrick@lamb-wyatt.com,13
8043,Megan Carter,chavezdiana@yahoo.com,18
8044,Daniel Cruz,omorales@moore.com,59
8045,Wendy Sharp,mark98@jones.com,75
8046,Kenneth Herman,deborahjones@carter.org,86
8047,Sherri Jackson,vgonzales@evans.com,79
8048,Autumn Leon,geraldsweeney@hotmail.com,61
8049,Amber Nelson,perryanthony@yahoo.com,58
8050,Robert Moore,steven27@sellers.org,90
8051,Kimberly Mcdonald,evansjohn@yahoo.com,66
8052,Michelle Hickman,cynthia53@parks-ryan.com,31
8053,Austin Clark,dwilliams@hotmail.com,70
8054,Bethany Webb,adamgarcia@yahoo.com,37
8055,Bonnie Jones,jack34@yahoo.com,25
8056,Nicholas Stewart,tjohnson@lee-brennan.biz,44
8057,Dennis Levine,audreywolf@gmail.com,51
8058,Kaitlin Bernard DDS,deborah98@dennis.info,48
8059,Mrs. Joy Hill,nbrewer@trujillo.net,33
8060,Jacqueline Brown,deborahreese@faulkner.com,91
8061,Pamela Ramos,amandavargas@parsons.com,91
8062,Laura Anderson,kayleenelson@bradley.com,30
8063,Meagan Chapman,christophermcmahon@williamson.com,42
8064,Matthew Pollard,qthomas@huber.com,31
8065,Deanna Lee,tonyasosa@yahoo.com,99
8066,Charles Obrien,kharris@holt.org,53
8067,Kyle Grant,joshuawatson@perry-martin.com,54
8068,Diane Wilkinson,grahammanuel@gmail.com,90
8069,Connie Lawrence,kimberlyphillips@hotmail.com,29
8070,Joanna Green,allenmark@oneill-martinez.com,15
8071,Jerry Williams,jessica06@smith.net,82
8072,John Snyder,john99@white.com,46
8073,William Davis,landerson@smith-reynolds.com,56
8074,Kayla Coleman,russelljohnson@yahoo.com,22
8075,Rita Humphrey,bishoplaura@white.biz,62
8076,Gregory White,dawnbrown@stevenson-elliott.com,75
8077,Denise Turner,dwaynestone@yahoo.com,22
8078,Jasmine Roth,rachael67@yang.com,78
8079,Charles Malone,sean73@yahoo.com,86
8080,Eileen Allen,larsenbrett@yahoo.com,66
8081,Valerie Collins,dyerjoshua@gmail.com,78
8082,Neil Payne,yperez@yahoo.com,89
8083,James Robinson,matthewsmark@yahoo.com,58
8084,Cheryl Chen,salaswilliam@montgomery-martinez.info,36
8085,George White,jsantiago@gmail.com,79
8086,Christopher White,pmontgomery@thomas-mcclure.biz,99
8087,John Moore,fgarcia@harris.com,13
8088,Hector Cunningham,nfrost@palmer-hall.com,11
8089,Glenda Thompson,davismaurice@hotmail.com,15
8090,Jeffery Best,camposdavid@gmail.com,56
8091,Alexander Hoffman,ggraves@yahoo.com,42
8092,Shannon Ross,morenochelsey@hotmail.com,37
8093,Matthew Foster,sextoncharles@yahoo.com,37
8094,Eric Wheeler,jonathanboyer@hotmail.com,40
8095,Nancy Johnson,georgecraig@hotmail.com,81
8096,Elizabeth Jones,zacharystewart@ramsey-sanders.org,39
8097,Hannah Gomez,juanbrady@gmail.com,39
8098,Melissa Stone,ryan12@yahoo.com,90
8099,Lauren Stark,olsenscott@santos-roberts.com,54
8100,Margaret Hill,pjohnson@ramsey-robertson.com,62
8101,Corey Lester,caseerika@cole.com,85
8102,James Collier,qjennings@yahoo.com,57
8103,Benjamin Martin,michael80@yahoo.com,14
8104,Jeremy Ramirez,debra44@walls-wright.com,86
8105,Felicia Williams,matakrista@scott-bonilla.com,21
8106,Victoria Mercer,seantorres@gmail.com,33
8107,Kevin Brown,meganwilliams@gmail.com,14
8108,Dr. Wanda Williams,nhall@yahoo.com,10
8109,Sarah Stewart,jose15@hotmail.com,44
8110,Nathan Miller,kayla78@gmail.com,75
8111,Paul Baker,morrisdenise@gmail.com,16
8112,Daniel West,lori73@evans.biz,13
8113,Jeffrey Frey,jeremy71@hotmail.com,68
8114,Steven Long,jonesjeffrey@hotmail.com,43
8115,Mr. Richard Woodward,danielchristine@thompson.net,40
8116,Leslie Harris,jeffreyhuff@yahoo.com,14
8117,Jason Edwards,jo19@hotmail.com,31
8118,Megan Bruce,pottersusan@richards.com,20
8119,Billy Gates,luke37@hotmail.com,31
8120,Derek Miller,powersamanda@hotmail.com,68
8121,Christian Nelson,harrisonjason@nunez.com,82
8122,Leon Mccoy,wendy99@barnes-walker.com,78
8123,Michelle Weber,lwilliams@harris.com,62
8124,Melinda Moran,kbrewer@gmail.com,15
8125,Phillip Lee,nsmith@yahoo.com,50
8126,Nicole Patton,yhunter@gmail.com,25
8127,Mary Taylor,zshepard@gmail.com,41
8128,Kelly Jones,aadkins@gross.biz,55
8129,Sarah Miller,ikey@brooks-hampton.com,22
8130,Julie Chambers,ashley92@lee.com,16
8131,Cindy Wilson,pbrown@hotmail.com,45
8132,Jessica Clarke,dianeshaffer@stafford.biz,15
8133,Jose Weber MD,markmunoz@hotmail.com,85
8134,Kimberly Wallace,sandersderrick@hotmail.com,40
8135,Sergio Burns,jeffrey33@gmail.com,41
8136,Robert Howell MD,jason18@hotmail.com,75
8137,Scott Morrison,oallen@yahoo.com,27
8138,Michael Blevins,murraylori@rivera.com,10
8139,Tyler Browning,edwardsjane@moore-colon.net,52
8140,Brenda Hutchinson,crystalshepard@jordan.com,20
8141,Lori Jenkins,pecktina@hotmail.com,52
8142,Charles Brock,wyatt52@howard.org,33
8143,Mark Campbell,blackjennifer@soto.org,35
8144,Jessica Reed,kelleycarlos@avila.com,82
8145,Patrick Nguyen,david88@bowman.com,80
8146,Cynthia Rodriguez,jessicaarmstrong@lindsey-patel.org,32
8147,Albert Wade,arichard@juarez-martinez.org,58
8148,Mr. Edward Jackson,thomas98@yahoo.com,29
8149,Ms. Cindy Wilson,aclark@yahoo.com,36
8150,Matthew Brooks,knoxdaniel@pope.com,35
8151,Michael Roth,flynnjames@hotmail.com,61
8152,Jennifer Green,michaelirwin@nelson-lozano.biz,25
8153,Megan Phillips,bridget20@bradford.com,41
8154,Paul Wells,carrlogan@yahoo.com,79
8155,Carol Henson,stephenkim@haney-gonzalez.com,48
8156,Donald Adkins,allison51@davis-gonzalez.com,87
8157,Marcus White,singhsusan@mcdaniel.info,59
8158,Theresa Peck,diazjesse@gmail.com,26
8159,Megan Thomas DDS,millershawn@gmail.com,96
8160,David Knox MD,vdunn@yahoo.com,83
8161,Elizabeth Bailey,istephenson@gmail.com,69
8162,Cynthia Yoder,amywoodard@yahoo.com,21
8163,Casey Coffey,juanjames@williams-bruce.com,92
8164,Kelly Allison,xdaniels@gmail.com,68
8165,Helen Adkins,richard63@hernandez.com,27
8166,Amber Brown,santiagotammy@gmail.com,92
8167,Cynthia Peters,denisemaldonado@johnson-robertson.info,44
8168,Wesley Harmon,tamara04@gmail.com,77
8169,Vanessa Martinez,charlesweber@hotmail.com,98
8170,Megan Dudley,whood@evans-kramer.com,17
8171,Zachary Roberts,williamspedro@ramirez-mccarthy.com,80
8172,Mary Townsend,zlevy@yahoo.com,25
8173,Christine Williams,amber18@yahoo.com,90
8174,Justin Lewis,amanda52@ellis.com,37
8175,Eric Garza,kimberlygibbs@brooks-gomez.biz,84
8176,Christy Ford,nrobinson@murphy.org,74
8177,Joshua Hale,hoffmansheena@jones.biz,45
8178,James Avery,kevincrosby@gmail.com,66
8179,Mr. Benjamin Smith,chriswerner@gmail.com,16
8180,Lucas Jones,pwilcox@gmail.com,31
8181,Mrs. Julie Hall,gtorres@price.com,69
8182,Michael Smith,tinawilliams@campbell.biz,77
8183,Taylor Silva,oneillalexandria@riggs.com,72
8184,Ashley Lopez,sellersbrian@nelson.net,28
8185,Justin Marshall,zzavala@gmail.com,61
8186,Larry Johnston,katiethomas@yahoo.com,28
8187,Thomas Rodriguez,smallandrew@yahoo.com,57
8188,Christopher Watson,whitakereric@houston.info,62
8189,Adam Davis,mariahawkins@hotmail.com,81
8190,Dr. Joan Hernandez,lopeztravis@murphy.com,20
8191,Michael Larson,stephen99@gmail.com,71
8192,Hailey Green,fgates@price.com,50
8193,Jamie Santos,gonzalezlatasha@hotmail.com,95
8194,Heather Duffy,bmiller@mckenzie.com,55
8195,Heather Williams,zprice@lopez.com,96
8196,Miranda Mathews,sandralittle@tucker-perry.org,81
8197,Michael Hernandez,walkergregory@gmail.com,78
8198,James Hayes,jasonrobles@gmail.com,45
8199,Jeremy Irwin,briankey@hotmail.com,38
8200,Wendy Bray,fisheralexandra@yahoo.com,82
8201,Travis Torres,tiffanycook@lynn.com,17
8202,Jacqueline Woods,vwhite@yahoo.com,55
8203,Crystal Taylor,sgross@hotmail.com,38
8204,Ethan Hubbard,gilberthoward@hotmail.com,33
8205,Jessica Lambert,james80@gmail.com,10
8206,Jodi Pham PhD,vmcfarland@hotmail.com,15
8207,Bryan Reyes,yduke@prince-torres.com,34
8208,Mary Gonzalez,johnpruitt@gmail.com,27
8209,Corey Petersen,ccarter@hotmail.com,98
8210,Lauren Lee,nicolekhan@jackson.com,74
8211,Aimee Scott,jessica19@berry.com,57
8212,Julia Gray,silvajamie@gmail.com,12
8213,Matthew Baldwin,ctran@gmail.com,78
8214,Melanie Odonnell,cevans@carr-curtis.com,16
8215,Nicolas Jimenez,matthewjohnson@hotmail.com,11
8216,Heather Burke,ithomas@gmail.com,90
8217,Linda Miller,iglass@griffin-rojas.com,92
8218,Kathryn Hill,robertsonamy@bass.com,37
8219,Joel Bird,maloneemily@hotmail.com,78
8220,Brenda Smith,blackburnsean@leon.org,73
8221,Michael Marsh,katherine07@hotmail.com,80
8222,Edward Krueger,kristopherlong@hotmail.com,65
8223,Toni Acosta,snyderjodi@hotmail.com,76
8224,George Flores,ruizpatricia@moore.net,93
8225,Jesse Savage,sabrinawalker@yahoo.com,48
8226,Eric Bishop,stephanieedwards@davenport.com,43
8227,Nicole Carrillo,suzannerowland@yahoo.com,74
8228,Claudia Hart,kirkdiaz@hotmail.com,26
8229,William Smith,jamesjose@edwards.biz,11
8230,Michael Burton,mcknightanna@hotmail.com,66
8231,Diana Kelley,sarahraymond@hotmail.com,29
8232,Chad Mason,uhenderson@torres.biz,10
8233,Jean Parker,osims@rivera-wise.org,35
8234,Steve Mckee,zachary90@finley.com,31
8235,Oscar Morris,andrewmiller@yahoo.com,47
8236,Paul Farmer,kaylahenderson@brown.biz,68
8237,Bruce Richard,arthur54@gmail.com,40
8238,Jared Holt,christopher96@hotmail.com,74
8239,Gregory Wright,ymitchell@frey.com,89
8240,Colleen Anderson,raymondbrown@ray.com,76
8241,Erica Stevenson,sanchezmichael@hotmail.com,54
8242,Elizabeth Brennan,edwardbrown@yahoo.com,65
8243,Robert Dennis,oconnorterri@hotmail.com,86
8244,Kathy Richardson,amandalynch@yahoo.com,16
8245,Steven Green,mariacastillo@yahoo.com,22
8246,Juan Manning,kyle98@yahoo.com,99
8247,Jessica West,jessicatownsend@hotmail.com,47
8248,Donald Johnson,randy85@morgan.com,79
8249,Beth Smith,lauraalvarez@hotmail.com,61
8250,Daniel Smith,michael30@hotmail.com,84
8251,Justin Parker,aallison@lin.com,53
8252,Margaret Vargas,mkramer@bradley-wright.com,54
8253,Jason Roberts,julian09@simmons-cook.info,75
8254,Robert Mitchell,mccallmichelle@villegas.com,50
8255,Gary Trevino,raychristian@gmail.com,85
8256,William Barnes,markreed@schwartz.org,46
8257,Rebecca Diaz,amanda23@braun.com,67
8258,Lance Orozco,sararoberts@gmail.com,96
8259,Kenneth Shea,nathanjohnson@jones.com,26
8260,Steve Pearson,henrysergio@lopez.com,50
8261,Donna Williams,kevinrobertson@robertson.net,38
8262,Elizabeth Yang,plopez@yahoo.com,29
8263,Jerry Patterson,maria79@yahoo.com,22
8264,Abigail Gonzalez,christinamiller@mcdonald.com,58
8265,Amanda Snow,crystalterry@yahoo.com,23
8266,Randy Avila,xpeterson@gmail.com,61
8267,Christian Greene,james00@yahoo.com,99
8268,Joshua Oneill,tammy37@wiggins.org,80
8269,Jeffrey Cobb,oscar09@yahoo.com,62
8270,Dominique Allen,tbyrd@hughes-sellers.biz,28
8271,Belinda Taylor,djohnson@young.biz,94
8272,Ryan Perry,simsphilip@gmail.com,71
8273,Beth Campbell,marcosanchez@gmail.com,52
8274,Jennifer Leon,lynnalicia@hardin.info,42
8275,Paul Martinez,davidreid@duffy.com,35
8276,Jennifer Smith,xcarpenter@gmail.com,89
8277,Elizabeth Stevens,iwarner@acosta.info,51
8278,Eric Rodriguez,patrick45@marsh.com,50
8279,Travis Gibson,james97@hotmail.com,56
8280,Jennifer Perez,richard83@hotmail.com,98
8281,Natalie Buck,timothymontoya@gmail.com,26
8282,David Allen,kerrytran@park-flowers.com,46
8283,Rebecca Nichols,christineherrera@hotmail.com,77
8284,Richard Barnes,idavidson@marsh-schmidt.com,59
8285,Melissa Flores,bishopmelissa@green.com,25
8286,Dorothy Lynch,jessica94@hamilton.com,65
8287,Carrie Rodriguez,bakerrobert@gmail.com,16
8288,Jesse Allen,kwilliams@smith.net,73
8289,Eric Johnston,davidroach@washington.org,53
8290,Beverly Baker,andersonjustin@yahoo.com,57
8291,Joel Quinn,wintersrobert@hotmail.com,61
8292,Patricia Murray,alexander98@stevens-smith.com,48
8293,Caroline Lyons,matthew69@rogers.com,79
8294,Tiffany Green,baileyangela@hotmail.com,19
8295,Diana Acevedo,rarmstrong@chase.com,21
8296,Calvin Perez,aaron68@gmail.com,14
8297,Brandon Davis,hortoncory@yahoo.com,67
8298,Todd Hubbard,robert46@gmail.com,15
8299,Jasmine Taylor,thompsonsusan@parks.com,92
8300,Walter Carrillo,jenniferhardy@hotmail.com,81
8301,April Kelley,karilarsen@knight-craig.net,57
8302,Benjamin Price,garzadustin@downs.info,96
8303,Sylvia Morrison,janet79@hotmail.com,43
8304,Dylan Brewer,deborah63@davis.com,38
8305,Charles Carroll,connorobrien@klein.com,83
8306,Melanie Harris,brandimoss@yahoo.com,50
8307,Danielle Mcbride,savagecraig@guzman.com,70
8308,Rebecca Richardson,fowlerfrank@jones.biz,81
8309,Rachel Cortez,murrayjason@horne.com,51
8310,Scott Turner,steinann@gomez.com,18
8311,Thomas Campbell,donna68@yahoo.com,47
8312,Zachary Gutierrez,juandavis@mejia-blackwell.biz,52
8313,Marco Baker,brittanytaylor@hotmail.com,57
8314,Meagan Lopez,kreed@fox.com,74
8315,Daniel Wilson,ngreene@gmail.com,42
8316,Victor Perez,kimberlyberry@braun.info,31
8317,Matthew Baker,barbarabrandt@gmail.com,28
8318,Mallory Martin,sarah26@bennett.net,82
8319,Connie Garcia,robyn58@simmons-mcdaniel.com,42
8320,Katherine Bartlett,wgiles@sparks.com,34
8321,Veronica Cruz,tracy20@stone.org,94
8322,Christopher Barton,kelsey60@wagner-dixon.org,11
8323,Judith Rose,robert44@gmail.com,12
8324,Kelli Alvarado,williamselizabeth@hotmail.com,87
8325,Francisco Ray,crystal22@nelson-lee.com,59
8326,Lisa Phillips,beth19@hotmail.com,78
8327,Samuel Crawford,andrew86@gmail.com,80
8328,Shannon Mitchell,imontgomery@yahoo.com,42
8329,Erica Williams,barrettvanessa@gmail.com,31
8330,Rose Terry,mary52@hotmail.com,18
8331,Eric Zuniga,dawnross@gmail.com,18
8332,Kayla King,kelleybrian@flores.info,73
8333,Amber Obrien,brian79@yahoo.com,38
8334,Richard Pratt,lauren11@yahoo.com,43
8335,Willie Rich,udiaz@yahoo.com,12
8336,Stephen James,melissa31@yahoo.com,65
8337,Eric Barr,jbrooks@gmail.com,82
8338,Joshua Padilla,wfernandez@charles.com,91
8339,Michael Palmer,robert96@smith.com,87
8340,Jason Flores,elizabeth36@fischer-nguyen.com,87
8341,Angela Grant,simmonsdavid@hubbard.com,12
8342,William Fisher,lauralopez@conway-ramos.org,89
8343,Gina Mercer,michelle21@gmail.com,74
8344,Jason Lynch,psmith@hotmail.com,53
8345,Oscar Hill,ambergilmore@hotmail.com,75
8346,Ronald Martin,rachel77@hotmail.com,72
8347,Jennifer Doyle,wrightjillian@hotmail.com,73
8348,Allison Lopez,gspears@yahoo.com,92
8349,Stephen Lowe,williamsjennifer@hotmail.com,61
8350,David Craig,cheryl62@hotmail.com,63
8351,Ashley Molina,wdavis@mccall.info,81
8352,Kristi Dixon,fallen@gmail.com,85
8353,Travis Santana,frank41@abbott.com,27
8354,Kimberly Becker,brookstammy@yahoo.com,96
8355,Deanna Sharp,icohen@yahoo.com,80
8356,Bradley Craig,michellecox@yahoo.com,58
8357,Ronald Parrish,michaelschultz@gmail.com,73
8358,Troy Anderson,omendoza@ramirez.biz,20
8359,Joel Christensen,mcmillanjames@gmail.com,20
8360,Carol Long,sarapruitt@hotmail.com,34
8361,Tom Hernandez,henry12@gmail.com,78
8362,Matthew Collier,lisaweiss@wood-bradley.com,53
8363,Jessica Bell,brennanmichael@yahoo.com,11
8364,Sherry Kennedy,pettycole@boyd.biz,30
8365,Stephanie Orr,wilkinsjames@yahoo.com,34
8366,Kathy Shaw,johnsonmary@fleming-vargas.biz,94
8367,Mary Price,vbarnes@jordan.com,17
8368,Lauren Burke,mhutchinson@gmail.com,30
8369,Mr. Jordan Patton,bphelps@gmail.com,87
8370,Devon Zavala,baxterdenise@levine.com,44
8371,William Wilson,alexandriarusso@hotmail.com,91
8372,Mark Richardson,ricardomays@hernandez.com,22
8373,Angelica Goodman,dale63@johnson.com,67
8374,Nicholas Jimenez,tony94@yahoo.com,37
8375,Francisco Mitchell,clayton24@hotmail.com,12
8376,Angie Harris,huffmankatie@gmail.com,30
8377,Katherine Foster,aberry@hotmail.com,64
8378,Eric Becker,martinalexis@stewart.org,94
8379,Matthew Tate,nicholsmarie@gmail.com,89
8380,Stephen Cole,michael15@johnson-jackson.com,34
8381,Miguel Shaffer,sheaalex@morgan.org,57
8382,Alexis Flynn,kevin47@yahoo.com,93
8383,Melissa Long,xhernandez@yahoo.com,82
8384,Wesley Ramirez,nmcmillan@gmail.com,69
8385,Darryl Lloyd,qtorres@turner-boyle.com,73
8386,Karen Taylor,morenodanielle@yahoo.com,12
8387,Brenda Wells,christophermitchell@gmail.com,57
8388,Angelica Butler,malonericky@gmail.com,66
8389,Michael Williams,jensenconnie@allen.com,92
8390,Shannon Terrell,caitlin60@yahoo.com,50
8391,Michael Jones,woodsmichael@torres.biz,12
8392,William Giles,michael42@hotmail.com,21
8393,Anthony Gonzalez,townsendmelissa@gmail.com,17
8394,Tiffany Harris,reginaldsmith@hawkins.com,85
8395,Stephen Dunn,samueltaylor@gmail.com,92
8396,Johnny Ross,chrishill@dominguez.com,64
8397,Angela Adams,cartercarlos@jensen-brown.biz,18
8398,John Scott,uphillips@ramos-mccormick.com,86
8399,John Clark,eduardostewart@berry.org,59
8400,Amanda Mejia,lindsey47@hotmail.com,90
8401,Kelly Miller,dennisbowers@bradford.com,19
8402,Victor Miller,landerson@abbott.com,65
8403,Sharon Anderson,lindsayperez@rivera.com,73
8404,Bruce Stone,wesleypark@kaiser-hansen.com,53
8405,Michael Chambers,jgarcia@parks.com,83
8406,Jamie Lyons,heathermarks@hotmail.com,52
8407,Jimmy Fox,diana29@hotmail.com,23
8408,Jessica Martin,ryanmartin@chen-parker.net,41
8409,Yolanda Hickman,mpeterson@gmail.com,74
8410,Anthony Colon,alvinli@gmail.com,52
8411,Mr. Aaron Wallace DVM,zlewis@miles.com,63
8412,Meredith Brooks,sophiawood@gmail.com,75
8413,Kimberly Erickson,matthew97@gmail.com,83
8414,William Young,rebeccahill@cantrell-humphrey.com,19
8415,Brittany Kirby,oallen@decker.net,22
8416,Amber Flores,navarromelissa@yahoo.com,49
8417,Danielle Austin,carlyramirez@baxter.biz,98
8418,Jeff Carter,edurham@delacruz.com,39
8419,Nathan Reed,campbelljacqueline@brown.biz,41
8420,Michael Campbell,collieralicia@lopez.biz,54
8421,Jessica Gallegos,wpatel@clark.com,63
8422,Albert Thompson,brandon44@doyle.com,28
8423,Emily Morris,ohenry@alvarez.com,89
8424,Steven Riley,ochurch@gmail.com,80
8425,Angela Conley,campbellelizabeth@ayers.org,10
8426,Angela Edwards,zanderson@cordova.com,75
8427,Michael Collins,rrowe@hernandez.com,48
8428,Kevin Reynolds,nicholas82@gmail.com,14
8429,Andrew Nguyen,aaronbutler@yahoo.com,23
8430,Russell Griffin,cortezjoy@yahoo.com,17
8431,Rachel Sampson,nelsonelizabeth@patrick.org,41
8432,Jason Sanchez,eric13@yahoo.com,22
8433,Edward Martin,wernerchristian@dunn.org,64
8434,Jeffery Campbell,nathanwilliams@gmail.com,75
8435,Melissa Young,mjordan@yahoo.com,76
8436,Crystal Becker,zachary11@stanley-lopez.org,10
8437,David Blair,khardy@yahoo.com,53
8438,Tiffany Brown,uharper@hotmail.com,49
8439,Angela Beltran,corteztimothy@gmail.com,39
8440,Samantha Lloyd,jaimebaker@fowler.biz,16
8441,Deborah Pham,hudsonrobert@gmail.com,70
8442,Evan Smith,brian86@yahoo.com,22
8443,Sandra Knight,david23@gmail.com,59
8444,Shannon Roberson,maryflores@hotmail.com,18
8445,Raymond Smith,johnsonlaurie@hotmail.com,37
8446,Lindsay Smith,sstewart@hotmail.com,92
8447,Christine Jones,alexandralopez@barrett-alexander.com,32
8448,Roberta David,gutierrezlisa@oconnell.info,58
8449,Olivia Sanders,cortezsonia@yahoo.com,28
8450,Jason Shields,zhicks@nichols.info,30
8451,Mary Jones,jasongreen@gmail.com,86
8452,David Dixon,adonaldson@navarro.com,95
8453,Christine Davis,wanglisa@gmail.com,89
8454,Christina Shelton,mhines@stone.com,19
8455,Lisa Mcdowell,sandovallisa@gmail.com,95
8456,Anita White,aparrish@hotmail.com,26
8457,Suzanne Byrd,pkelley@acosta.com,38
8458,Angie Simpson,gardnerkyle@medina.com,60
8459,Jessica Lowery,steelescott@gmail.com,48
8460,Jessica Clark,sbrown@walton.com,67
8461,William Chapman,jeffrey27@donovan-williams.com,30
8462,John Perez,mathew83@hotmail.com,40
8463,Robyn Neal,jennifer29@graham.com,90
8464,Kathleen Dickson,natalie62@nicholson.com,90
8465,Michelle Rice MD,andersonjimmy@carter.org,85
8466,Stephen Hensley,kaylaparker@brown.com,90
8467,Richard Hooper,jean86@yahoo.com,28
8468,Dr. Ryan Potter,hernandezdustin@yahoo.com,85
8469,Ashley Carter,hudsonstephanie@cortez.com,19
8470,Andrea Williamson MD,warddon@villegas.biz,16
8471,Timothy Johnson,uanthony@gmail.com,44
8472,Angela Kirk,joshuavelazquez@collins.com,44
8473,Stephanie Jackson,scottrodriguez@hotmail.com,98
8474,Edward Rogers,qclarke@smith.com,63
8475,Pamela Ramsey,ayalajesus@gmail.com,99
8476,Amanda Gray,wooddestiny@king-wu.com,81
8477,Kevin Huffman,brownangela@weiss.com,60
8478,Theresa Bryant,cardenascameron@miller-shepard.com,46
8479,Scott Elliott,heidiross@mathis.com,21
8480,Joan Orozco,iwilson@yahoo.com,22
8481,Samantha Lopez,smithleonard@gmail.com,28
8482,Austin Powers,stevendickson@bell-brown.com,23
8483,Lisa Wilcox,ecook@gmail.com,34
8484,Kimberly English,amberfields@cherry.org,31
8485,Steven Mcdaniel,wgonzalez@gmail.com,43
8486,Angela Randolph,taylorlawrence@butler.net,57
8487,Amber James MD,marybrown@richardson-avery.com,32
8488,Jim Miller,bryantkelli@gmail.com,13
8489,Nathan Alvarado,crystal40@gmail.com,71
8490,Kara Fischer,walterfuller@yahoo.com,33
8491,Eric Cameron,michaelharris@melendez-padilla.com,49
8492,Jacqueline Moore,jglenn@sanders.org,73
8493,Laura Jones,bmurphy@french.com,73
8494,Jordan Sanders,orodriguez@larsen.com,67
8495,David Payne,clarkkevin@myers.info,84
8496,Zachary Mays,hinesjulie@kaufman.info,54
8497,Melissa Adams,thompsonbradley@gmail.com,70
8498,Susan Fletcher,lauren33@villa-gutierrez.info,53
8499,Maurice Shaw,hansenxavier@fitzgerald.info,18
8500,Christopher Smith,lgarcia@hotmail.com,34
8501,Stephen Clements,jack04@hotmail.com,35
8502,Tina Vaughn,rebeccabrown@bush.com,65
8503,Richard Williams,mooreshannon@anderson.com,43
8504,Anna Hill,ryanmolina@massey-hall.com,29
8505,Kelly Watson,osbornemaureen@yahoo.com,90
8506,Sandra Davis,rsmith@yahoo.com,93
8507,Shannon Ortega,mtaylor@gmail.com,78
8508,Gabriela Thompson,stephaniecamacho@hotmail.com,10
8509,Patrick Jones,michael57@potter.biz,49
8510,Lindsay Nguyen,wmay@krueger.net,68
8511,Tara Taylor,osmith@johnson.com,84
8512,Stacey Castaneda,katherinekennedy@hotmail.com,49
8513,Rebecca Deleon,rileyjennifer@gmail.com,77
8514,Shawn Rush,nguyenbradley@gmail.com,53
8515,Steven Lambert,ingramjanet@yahoo.com,25
8516,Paul Jensen,heather52@hotmail.com,51
8517,Andrew Shepherd,wmiranda@jackson.info,19
8518,Melissa Rodgers,oabbott@gmail.com,37
8519,Fred Freeman,chad66@hess.com,78
8520,Erin Knight,elizabeth09@davila.biz,84
8521,Lisa Wright,pattersonmichael@hayes.net,47
8522,Alexander Diaz,brucejohnston@blair.com,65
8523,Christine Burgess,vanessareyes@gmail.com,57
8524,Emily Obrien,lambertgerald@yahoo.com,27
8525,Jose Allen,jessica87@ballard-underwood.com,11
8526,Wayne Page,ronaldlee@powers.info,67
8527,Michael Carter,michelle63@hays-garcia.net,39
8528,Andrea Smith,martinezlynn@hotmail.com,26
8529,James Vega,coleperez@hotmail.com,85
8530,Jacqueline Richardson,amccarthy@yahoo.com,39
8531,Rachel Goodman,diana94@mccarthy-martin.com,82
8532,Andrea Trujillo,fcolon@thompson.org,34
8533,Larry Barker,wgarcia@yahoo.com,85
8534,Sheila Lee,matthewho@mclaughlin.net,93
8535,Catherine Baker,robertwalker@gmail.com,24
8536,Christopher Vaughn,smithtravis@rubio.com,40
8537,Morgan Yates,mariah02@gmail.com,52
8538,Barbara Medina,gonzalezamy@yahoo.com,12
8539,Erica Carter MD,patriciasmith@fletcher.net,18
8540,Joshua Novak,randy05@hotmail.com,84
8541,James Lewis,emily80@sparks-johnson.com,37
8542,Charles Martin,jacqueline80@gmail.com,66
8543,Brian Wilson,ravensnyder@maldonado-pennington.com,47
8544,Melissa Zimmerman,kristen28@yahoo.com,15
8545,Timothy Davis,nelsonsean@baker-tanner.com,10
8546,Timothy Ramos,award@hotmail.com,60
8547,Ms. Jennifer Mcdonald,ihughes@hotmail.com,38
8548,Jacqueline Fisher,tuckeralicia@hotmail.com,69
8549,Patricia Hudson,alidavid@romero.info,69
8550,Nicole Ryan,benderregina@hoffman.com,76
8551,Charles Wheeler,bradfordbrandy@gmail.com,87
8552,James Prince,yroth@kirk-wallace.com,68
8553,Patrick Merritt,harperkathryn@yahoo.com,12
8554,James Williams,cthompson@miller-lindsey.com,22
8555,Joe Morales,vperry@yahoo.com,49
8556,Karina Owens,rebeccamendoza@yahoo.com,79
8557,Howard Blevins,alisonryan@hotmail.com,73
8558,James Cook,christopher14@hotmail.com,11
8559,Mr. Gary Marshall MD,murrayzachary@hotmail.com,94
8560,Cassidy Martin,jamesferguson@becker.com,64
8561,Jose Joseph,alvaradofernando@murray-jones.com,33
8562,Christian Shepard,loretta19@jones.net,15
8563,Carrie Carr,dstewart@hotmail.com,96
8564,Robert Lee,devinpeterson@wilson-taylor.net,96
8565,Samuel Harper,kreyes@yahoo.com,66
8566,Karen Stone,jennifer25@castillo.com,38
8567,George Johnston,jeremymcdaniel@gmail.com,49
8568,James Contreras,alirebecca@schultz-murphy.com,68
8569,James Howard MD,williamsdavid@yahoo.com,45
8570,Dr. Craig Mitchell,ilee@johnson.com,29
8571,April Barron,sullivanchristian@gmail.com,45
8572,Christopher Robinson,jamie17@thompson-tanner.info,36
8573,Ricky Smith,ogentry@gmail.com,84
8574,Michael Strickland,emily74@castro.biz,52
8575,Amy Miller,mary92@hotmail.com,46
8576,Janet Franklin,kevin71@oliver-martinez.info,46
8577,Michael Wright,erosario@taylor.com,21
8578,David Hayes,urandall@franklin-duke.com,14
8579,Jacqueline Hansen,thompsonanna@yahoo.com,86
8580,Zachary Bryan,jonathan51@clark.org,38
8581,Jessica Villanueva,dianesimpson@calhoun-kane.com,63
8582,Dylan Peterson,ybeck@friedman-rogers.com,83
8583,Joshua Martinez,hroberts@jackson.info,39
8584,Luke Brown,bryan81@cook.com,56
8585,Kristen Underwood,clifford04@reid.info,68
8586,Jill Davis,ramirezdaniel@hall.com,66
8587,Mark Young,laurenarnold@armstrong.com,15
8588,Scott Wagner,sdavis@gmail.com,46
8589,Kevin Brown,huffmanlisa@arias.com,42
8590,Brandy Oneal,jonesjennifer@hall.biz,58
8591,Rebecca Macdonald,gabriel23@hotmail.com,55
8592,Tyler Mckay,wilsonrobert@hotmail.com,38
8593,Joseph Gilbert,chadpruitt@andrews.info,98
8594,Rebecca Watkins,youngkaitlyn@pierce-andrews.com,86
8595,John Garrett,murphycaroline@mcclain.com,92
8596,Sheri Fuller,wheelertroy@leach-martinez.com,22
8597,Juan Dixon,tiffany27@richmond.com,52
8598,Anthony Ibarra,hillwayne@french-jones.com,76
8599,Ashley Knight,wheelerbrenda@jackson.biz,21
8600,Mrs. Tonya Fuentes DDS,kimberly85@yahoo.com,60
8601,Felicia Adams,lfleming@hotmail.com,51
8602,Tyler Owens,samantha48@petty.com,42
8603,Luis Moore,charlesmiller@caldwell.com,23
8604,Brett Mata DVM,wsingleton@barton-garcia.net,14
8605,Sandy Gutierrez,meganknight@yahoo.com,32
8606,Thomas Meyer,steven42@moore.com,26
8607,Zachary Singh,zpierce@smith.com,97
8608,Douglas Norman,jeffreyshields@hotmail.com,81
8609,Megan Smith,michelle36@wade-rodriguez.com,64
8610,Margaret Thomas,evelyn39@gmail.com,27
8611,Elijah Carpenter,zachary84@gmail.com,34
8612,Eric Livingston,haynessteven@moon.com,93
8613,James Macias,fcameron@gmail.com,29
8614,Amy Payne,mariah72@weber-wright.com,66
8615,Anthony Rhodes,jacobcampbell@yahoo.com,86
8616,Yesenia Sweeney,crobinson@yahoo.com,54
8617,Michael Gallagher,jlopez@gmail.com,25
8618,Ryan Warren,johnscott@donaldson.org,32
8619,Nicholas Turner,loritorres@gmail.com,53
8620,Christopher Collier,justin08@gmail.com,19
8621,James Goodman,ypatel@gmail.com,16
8622,Michael Bailey,mary73@beard.biz,19
8623,Michael Silva,jackgarcia@yahoo.com,27
8624,Lisa Noble,cervantessteven@edwards-black.com,67
8625,Glenda Taylor,maxwelltimothy@campbell.biz,87
8626,Alan Skinner,rodriguezmatthew@gmail.com,35
8627,Megan Martin,kgrant@hotmail.com,21
8628,Kayla Decker,adamsgregory@hotmail.com,87
8629,Joshua Johnson,daniellelynch@schmidt.com,82
8630,Gail Parker,pwood@hotmail.com,43
8631,Mary Decker,allisonmartin@gibson.com,41
8632,Tiffany Fleming,nicholas45@yahoo.com,36
8633,Danielle Pham,molsen@perez.com,61
8634,Michele Griffin,stevendelgado@goodwin.com,77
8635,Joshua Smith,rachel12@hotmail.com,10
8636,David Stanley,brianibarra@yahoo.com,24
8637,Robin Lee,larsonpriscilla@gmail.com,18
8638,David Salas,barbaramassey@yahoo.com,71
8639,Keith Harvey,iwilliams@hendrix-gray.biz,58
8640,Nicholas Clark,kevin05@hall.info,76
8641,Michelle Wolfe,michael59@hotmail.com,74
8642,Suzanne Caldwell,brandyjenkins@yahoo.com,92
8643,Sandra Bush,twebb@gmail.com,35
8644,Chad White,tanyathornton@yahoo.com,88
8645,Jennifer Riley,kevin40@yahoo.com,53
8646,Bryan Phillips,bfarley@gmail.com,21
8647,Michelle Ramirez,keithlauren@johnson.com,16
8648,Elizabeth Schneider,estewart@gmail.com,27
8649,Tommy Brown,josephyoung@rogers.com,67
8650,Zachary Strong,ramirezstephen@yahoo.com,76
8651,James Trevino,vhensley@smith.com,49
8652,Christopher Cervantes,charlesmiller@hotmail.com,23
8653,Dorothy Kim,gina80@bowers.org,93
8654,Judith Kaiser,michaelmorgan@hotmail.com,11
8655,Leslie Williams,sotoelizabeth@scott-chang.com,76
8656,Angela Cisneros,tara95@gmail.com,54
8657,Megan Ray,amy90@stevens-mills.com,13
8658,Daniel Boyer,kenneth28@gmail.com,74
8659,Melissa Simpson,bgeorge@cuevas.info,97
8660,David White,todd34@zhang-trujillo.biz,65
8661,Lindsay Mora,gardneralexander@snyder.net,28
8662,Susan Wheeler,rhonda87@yahoo.com,78
8663,Angela Harris,haleysmith@yahoo.com,55
8664,Andrew Young,dennis59@riley.com,52
8665,Jared Wise,prichardson@stone.com,63
8666,Amber Juarez,walkerlisa@miller-hubbard.com,39
8667,Matthew Gaines,matthew22@todd-dudley.com,80
8668,Casey Barrett,baileysophia@yahoo.com,50
8669,Ruth Warren,jamesweber@gmail.com,17
8670,Casey Hill,tonymartinez@gmail.com,41
8671,Bobby Bailey,suzannewalter@gmail.com,35
8672,Lynn Oneal,janetmaxwell@gmail.com,23
8673,Michelle Williams,juliewilliams@gmail.com,31
8674,Zachary Rodriguez,jason93@king.com,77
8675,Eric Webb,gregory06@yahoo.com,53
8676,Brian Marshall,browndevin@bartlett.net,19
8677,Melanie Rogers,ngreer@payne.com,95
8678,Diana Myers,yberry@gmail.com,96
8679,Matthew Campbell,jamie69@turner-galvan.com,84
8680,Juan Miller,villanuevakevin@pierce.info,91
8681,Patrick Cochran,pauljohnson@hotmail.com,36
8682,Mr. John Harrison DDS,zcastro@gmail.com,16
8683,Shannon Nguyen,pwhite@turner.com,84
8684,John Patterson,mchase@yahoo.com,93
8685,Stephen Davis,lholt@nguyen.com,95
8686,Dominic Sutton,mark00@hotmail.com,79
8687,Laura Crawford,james68@hotmail.com,89
8688,Dana Graham,badkins@gmail.com,54
8689,Kimberly Newton,angela88@gmail.com,54
8690,Christopher Gillespie,dvasquez@love.com,24
8691,Patrick Williams,craigyoung@hotmail.com,65
8692,Brian Conley,harrisrobert@arnold.biz,85
8693,James Edwards,lauren85@yahoo.com,85
8694,Michael Brewer,markrush@gmail.com,22
8695,William Wilkinson,mannlinda@gomez.com,88
8696,Christina Richardson DDS,bmorrow@hotmail.com,63
8697,Richard Wolf,shawndouglas@gmail.com,15
8698,Robert Robles,glee@hotmail.com,81
8699,Kenneth Fernandez,osbornechris@morgan-beltran.com,57
8700,Desiree Dennis,kennedyjesse@hotmail.com,43
8701,Gregory Brown,kellyvickie@spencer.org,63
8702,Pamela Good DVM,sierra24@daugherty.biz,92
8703,Terrence Compton,lauramartin@hotmail.com,90
8704,Charles Collins,anthony94@hotmail.com,29
8705,Wayne Townsend,robert59@hotmail.com,88
8706,Michaela Jackson,oaustin@yahoo.com,50
8707,Tina Weaver,brownnancy@hotmail.com,85
8708,Nicole Patterson,hcook@rivera.com,56
8709,Stuart Smith,cwilliams@yahoo.com,59
8710,Kenneth Atkinson,derrick27@blackwell.info,34
8711,Frances Nichols,andrea57@brown.com,81
8712,Michelle Smith,jeremy24@hotmail.com,78
8713,Rebecca Hubbard,rachel25@gmail.com,50
8714,Caroline Cole,yangmatthew@cummings.info,31
8715,Robert Estrada,mmills@gmail.com,22
8716,Melanie Velasquez,lwilson@smith-fry.com,70
8717,Charlotte Gregory,youngkaren@yahoo.com,37
8718,Todd Morrow,amanda08@yahoo.com,88
8719,Tonya Hawkins,ypena@diaz.com,15
8720,Carrie Ramirez,camachoaaron@mills.info,93
8721,Julie Roberts,anthonyjohns@garner.com,53
8722,Peter Dodson,ashleewoods@hayes.com,66
8723,Carl Cummings,nathan83@lucero.com,61
8724,Mary Jacobs,ldavidson@lopez.org,87
8725,Sharon Vincent,paulreyes@gmail.com,21
8726,Laura Black,michaelwells@reed.net,92
8727,Luis Campbell MD,nfrench@reed.info,42
8728,Jennifer Davidson,anthony83@taylor.com,81
8729,Dr. Lauren Patterson DDS,kennethorozco@reyes.com,42
8730,Carrie Patterson,sydneybrewer@castaneda-medina.biz,44
8731,Justin Gonzalez,huynhchristian@mccoy.org,76
8732,Brenda Cox,mclark@gmail.com,51
8733,Amanda Vincent,karen03@mills-brown.com,10
8734,James Johnston,irose@yahoo.com,60
8735,Elizabeth Mata,christinewaters@yahoo.com,15
8736,Scott Maynard,tbeasley@hotmail.com,20
8737,Hannah Parsons,mollyhamilton@hotmail.com,19
8738,Andres Porter,colonjessica@williams-jones.com,18
8739,Elizabeth Perez,hebertalison@gordon-black.com,75
8740,Mallory Cobb,youngjames@howard.com,91
8741,Charles Smith,edward20@garcia.info,39
8742,Diane Kaufman,keith19@hotmail.com,96
8743,William Pearson,waltermark@cochran.info,39
8744,Timothy Reyes,kenneth58@jefferson-king.com,93
8745,Lindsey Pierce,scottluis@bennett.com,43
8746,Christopher Boyd,ttorres@yahoo.com,20
8747,Mariah Johnston,jocelyn73@williams.info,52
8748,Donald Jones,mackenziemedina@yahoo.com,26
8749,Timothy Harvey,jonathanbutler@rodriguez.com,15
8750,Joseph Hoover,bcordova@watson.com,87
8751,Amber Griffin,sgray@yates-willis.com,54
8752,Ronald Baker,joshuabradley@miller.org,82
8753,Kristin Ross,zprice@hotmail.com,72
8754,Joel Lee MD,gonzalezbenjamin@fischer-bowman.com,93
8755,Patrick Butler,walkerjessica@hotmail.com,66
8756,Michele Thomas,hilldana@turner-lee.net,14
8757,Rachel Trevino,uford@morris-hill.net,99
8758,Thomas Gibson,fergusonsara@hamilton.net,80
8759,Renee Barnes,taylorkenneth@strickland-ray.com,79
8760,David Arnold,jacksoncarl@johnson.com,16
8761,Nicholas Hall,hopkinslauren@hernandez.com,22
8762,Stephanie Chambers,rebecca65@hotmail.com,74
8763,Lisa Jefferson,katieknapp@hotmail.com,49
8764,Allison Howard,robert63@perkins.com,47
8765,Dawn Williams,david77@hotmail.com,66
8766,Elizabeth Nelson,mitchellthomas@gmail.com,51
8767,Lisa Salazar,ricky01@gmail.com,95
8768,Crystal Rodriguez,jhess@yahoo.com,77
8769,Brittany Gonzales,phelpsabigail@hunt.com,66
8770,Heather Gross,stephanie56@hotmail.com,75
8771,William Johnson,cruzbenjamin@collins-mckinney.com,98
8772,Olivia Walton,rachelmay@wells-martin.info,74
8773,Daniel Booth,carrdaniel@kidd.info,48
8774,Kelsey Perry,kelliesmith@miller-adams.info,67
8775,Brian Duarte,reesesharon@hotmail.com,84
8776,Elizabeth Stuart,ruizbrian@gmail.com,78
8777,Justin Watson,freyryan@gould-peterson.com,58
8778,Carol Coleman,mariasoto@yahoo.com,46
8779,Katie Gallegos,hcooper@ford.net,77
8780,Katrina Barnett,smithgary@hotmail.com,55
8781,Dakota Nguyen,stacey08@yahoo.com,49
8782,Anthony Williams,pricejoseph@tanner-wilson.biz,70
8783,Charles Williams,mark17@powers.com,67
8784,Rodney Kline,donald03@hotmail.com,64
8785,Johnny Ortega,katiegrimes@harper.com,36
8786,Audrey Herman,thomasjoshua@gmail.com,27
8787,Miguel Anderson,hodgescynthia@delgado.com,36
8788,Katelyn Hays,skeller@knox.org,33
8789,Kristen Mcdonald,ysandoval@gmail.com,32
8790,Sandra Mcdonald,scottsara@yahoo.com,44
8791,David Nicholson,victoriaking@brown.com,79
8792,Barbara Gonzalez,meghanwatson@brennan.com,81
8793,Michelle Andrews,carpenterbrian@hotmail.com,92
8794,Mark Reed,jeffreyvelez@gmail.com,60
8795,Shannon Mason,godonnell@yahoo.com,56
8796,Samuel Hayes,angela04@jones-hernandez.org,66
8797,Christy Morgan,cindyrobertson@gmail.com,42
8798,Samuel Campbell,loganjones@hoover-middleton.net,44
8799,Mrs. Madeline Harrison,anthony49@hotmail.com,26
8800,Matthew Rodriguez,astewart@gmail.com,68
8801,Christopher Irwin,pachecoemily@gmail.com,17
8802,Matthew Miller,weberderrick@gmail.com,48
8803,Belinda Barrera,beth25@yahoo.com,21
8804,Karla Nguyen,angelasims@gmail.com,23
8805,Kristen Lopez,elizabethdennis@gmail.com,20
8806,Lori Patton,rickmiller@yahoo.com,38
8807,Chris Moore,mendozaamber@walters-pruitt.com,14
8808,Lee White,pschaefer@gmail.com,41
8809,Jorge Nelson,cynthiajohnson@hotmail.com,43
8810,Tammie Warren,marissa81@gmail.com,46
8811,Shane Fitzpatrick,russell60@hotmail.com,64
8812,Valerie Arnold,charles08@hotmail.com,59
8813,Amanda Stone,madelinehutchinson@cunningham-taylor.com,88
8814,Elizabeth Franklin,jamesgibson@hotmail.com,26
8815,Michael Ayers,ulopez@yahoo.com,63
8816,Julie Lara,velliott@hotmail.com,27
8817,Amy Wolfe MD,reidcollin@gmail.com,83
8818,Vanessa Jones,calvin88@yahoo.com,21
8819,Michael Adams,susanbell@gmail.com,95
8820,Kayla Rojas,hthompson@hotmail.com,99
8821,Roger Hall,ricedaniel@hotmail.com,14
8822,David Daniels,tanya95@hotmail.com,90
8823,Tiffany Cook,sarah66@hotmail.com,83
8824,Tyler Davies,shelbybanks@gmail.com,51
8825,Glenda Payne,jessica35@james.com,38
8826,Kimberly Hernandez,holly59@decker.com,72
8827,Joseph Hampton,bmurphy@gonzalez-gross.com,24
8828,Crystal Jordan,kimberly14@price.com,67
8829,Victoria Anderson,parkmelvin@chapman-moran.net,10
8830,Candice Decker,schultzmichael@howard.com,93
8831,Jennifer Smith,iwilson@hotmail.com,62
8832,Charles Taylor,lburnett@graham.com,92
8833,Rachel Owens,bwright@gmail.com,30
8834,Erik Bray,davidtran@brown-bartlett.com,19
8835,Anthony Ramirez DDS,smithsarah@hawkins-zimmerman.com,99
8836,Gabrielle Myers,qcook@russo.info,91
8837,Jordan Phillips,jason48@harris.org,41
8838,Michael Day,qmorris@gmail.com,37
8839,Jon Berry,nelsonedward@gmail.com,92
8840,Ernest Martinez,dianegeorge@hotmail.com,69
8841,Barbara Mcintosh,jcastillo@hotmail.com,56
8842,Erika Johnson,gharding@clarke.com,18
8843,Paige White,laurieboone@ballard-henderson.com,50
8844,Kimberly Huang,otaylor@carroll.info,62
8845,Catherine Hill,hensleyjacob@gmail.com,88
8846,Erin Ball,lgutierrez@rodgers.info,12
8847,Vanessa Garcia,kimberly07@smith.info,38
8848,Brett Barron,sharon06@hotmail.com,13
8849,Victoria Murray,zjohnson@douglas.org,43
8850,Brandon Melton,jason57@peterson.biz,77
8851,Amy Crane,james60@vega-smith.com,99
8852,James Miller,bmarks@cline.com,45
8853,Cheryl Smith,qrogers@cunningham.com,34
8854,Roger Terry,wendy26@hotmail.com,97
8855,Rose Maxwell,janicenovak@hotmail.com,37
8856,Jeffrey Campbell,colleendavis@wilson-cole.com,85
8857,David Delgado,parkertravis@hotmail.com,80
8858,Sean Cabrera,ihunter@thompson-johnson.com,42
8859,Robert Torres,amybrown@hotmail.com,20
8860,Loretta Jackson,anitamendoza@gmail.com,18
8861,Jacob Summers,larry18@noble.net,52
8862,Margaret Carroll,ariel78@gmail.com,30
8863,Danielle Reed,brooke90@gmail.com,21
8864,Jamie Lewis,scott91@sullivan-gonzalez.com,13
8865,Eric Morales,dcolon@hotmail.com,61
8866,James Wilson,javiermercado@walls-carter.biz,94
8867,Russell Morrison,nichole79@arroyo.com,13
8868,Devin Miller,laura92@gmail.com,62
8869,Mr. Eric Holt,garzajohn@yahoo.com,45
8870,Jennifer Smith,angelawilliams@arellano-adams.com,82
8871,Scott Miller,grobinson@ellis.net,97
8872,Jesse Jones,simpsonmisty@gmail.com,16
8873,Christopher Clark,butlerdonna@scott.com,63
8874,Heather Curtis,justinhorton@kelly.com,33
8875,Willie Leonard,kelly87@wagner.com,72
8876,Jonathan Lee,xewing@simmons.com,36
8877,Debra Hall,powens@miller.info,71
8878,Aaron Ford,qpope@gmail.com,60
8879,Lisa Riddle,johnsonfernando@williams.com,54
8880,Ralph Scott,jason64@hotmail.com,77
8881,Anthony Morgan,david96@pittman.com,88
8882,Cassandra Villarreal,jennahale@parks.com,46
8883,Haley Martin,robertcox@cabrera.com,88
8884,Monica Sutton,stokesjessica@gmail.com,33
8885,Paul Wilson,hunterjeremy@jackson-dunlap.com,23
8886,Tim Ellis,sanchezmichael@gmail.com,68
8887,Steven Roy,chelsey79@hansen.com,21
8888,Heather Sandoval,hcooper@roberson-coleman.net,69
8889,Michael Reynolds,johnsonapril@yahoo.com,92
8890,Troy Jacobson,courtney34@hotmail.com,65
8891,Bernard Farmer,rvelez@hotmail.com,96
8892,Derrick Hinton,jason50@chavez.org,24
8893,Audrey Lee MD,emilykaufman@madden-wagner.com,82
8894,Kathryn Farmer,holly82@hotmail.com,35
8895,John Harrell,wsimmons@yahoo.com,61
8896,Nancy Brewer,jacqueline66@yahoo.com,85
8897,Robert Kennedy,julia87@roberts-burnett.com,99
8898,Taylor Owens,richalejandra@gmail.com,97
8899,Joel Moreno,charlessims@gmail.com,70
8900,Angelica Wells,alicia57@gmail.com,65
8901,Lindsay Guzman,samanthajones@yahoo.com,73
8902,Tamara Wolf,stephenssarah@gmail.com,48
8903,Peter Martin,daniel10@walter.net,46
8904,Cheryl White,gregcoleman@walters.com,62
8905,Michael King,ecarter@mathis-nelson.com,70
8906,Anita Hill,djohnson@hotmail.com,95
8907,Juan Martin,megan63@hotmail.com,57
8908,Jessica Brown,santhony@gmail.com,17
8909,Crystal Wilson,fholmes@gmail.com,42
8910,Alejandro Cooper,robert39@yahoo.com,35
8911,Joshua Smith,jamie99@gmail.com,24
8912,Jacob Fowler,jamesbennett@gmail.com,22
8913,Raven Adams,greensandy@ballard.info,65
8914,Michele Johnson,millercody@vasquez-jenkins.com,52
8915,Lydia Gomez,dlam@morris-whitaker.net,11
8916,Molly Carroll,icombs@payne-robles.net,37
8917,Jeffrey Watkins,rachel46@rosales.net,51
8918,Jonathan Young,victor85@hotmail.com,24
8919,Yolanda Villegas,jason50@yahoo.com,21
8920,Nicholas Parker,adrian81@walker-hernandez.com,56
8921,Thomas Rice,sjenkins@yahoo.com,64
8922,Sara Ferrell,brownvictor@hotmail.com,16
8923,Thomas Williams,qgonzalez@morgan.com,12
8924,Tiffany Ramos,bholmes@horton.com,11
8925,Laura Rollins,parsonselizabeth@jones.com,89
8926,Benjamin Flores,leah29@yahoo.com,26
8927,Andrew Richards,heidi35@hotmail.com,53
8928,Sandra Cohen,michael30@hotmail.com,52
8929,Daniel Navarro,branchchristine@hotmail.com,10
8930,John Underwood,ysmith@collins.com,10
8931,Latoya Anderson,smithcraig@yahoo.com,54
8932,Eric Anderson,jennifer44@gmail.com,41
8933,Cheryl Tucker,upeterson@yahoo.com,18
8934,Jose Anderson,bradleycox@johnson-gross.com,22
8935,John Leon,kyle92@hotmail.com,52
8936,Lisa Gaines,xburton@fisher-bruce.com,91
8937,Susan Kim,freynolds@rodriguez-rush.com,13
8938,Luis Drake,johnsonjames@walker-jones.com,96
8939,David Meyers,sandra81@soto.com,74
8940,Tanya Howard,smithchristie@roy-martinez.info,52
8941,Rebekah Rangel,alexmcmahon@cruz-walker.com,56
8942,Scott Cooper,davidrogers@yahoo.com,48
8943,Ronald Brennan,fletcherjohn@hicks.com,68
8944,Joel Floyd,rebeccaalvarez@gmail.com,22
8945,Alan Wilson,nmccoy@yahoo.com,63
8946,Sarah Sampson,james84@gmail.com,65
8947,Carla Robertson,cookmark@livingston.com,49
8948,Mathew Hines,clintonsellers@peterson-garcia.com,62
8949,Grant Vasquez,coleapril@simmons.com,94
8950,Jason Morgan,mccarthydenise@cochran.com,59
8951,Dustin Spencer,johnrodriguez@yahoo.com,28
8952,William Wood,benjamin08@davidson.com,43
8953,Kimberly Morse,jeffreymaxwell@reyes.net,64
8954,Mindy Mcknight,jacquelinebryan@gmail.com,60
8955,Vanessa Vargas,adkinssteven@wolfe.com,47
8956,Whitney Spence,justinking@mason-martinez.biz,40
8957,David Miller,justin89@hotmail.com,63
8958,Joshua Gutierrez,danielallen@hotmail.com,43
8959,Brittany Allen,slevy@gmail.com,33
8960,Julia Hill,reedscott@yahoo.com,82
8961,Jennifer Lane,espinozarhonda@hotmail.com,36
8962,Michelle Vazquez,coxmelanie@gmail.com,36
8963,Amanda Massey,mariakaufman@berger.com,10
8964,Autumn Delacruz,elizabethbarber@grant-rodriguez.com,74
8965,Michelle Brown,donnagarcia@hotmail.com,63
8966,Alicia Gates,scottmccormick@montoya.net,99
8967,Christopher Rice,moralesderek@fritz-delgado.com,23
8968,Jacob Smith,james14@simmons.com,39
8969,Bethany Fowler,kevinphillips@johnson.info,85
8970,Samantha Brown,qparker@yahoo.com,69
8971,Joseph Glover,joelponce@yahoo.com,68
8972,Kyle Moore,woodjeffrey@singleton-ferguson.com,49
8973,Victoria Wright,jose16@diaz.com,51
8974,Aaron Crawford,patricia07@rodriguez.biz,34
8975,Lori Hernandez,gomezdiane@cox.com,23
8976,Rebekah Nguyen,okeith@smith.net,78
8977,Diana Robinson,sancheztheresa@hotmail.com,68
8978,Jordan Hale,autumnsullivan@gmail.com,83
8979,Stacey Jackson,davisnicole@hotmail.com,95
8980,Lisa Lloyd,laurenmonroe@gmail.com,81
8981,Maria Ramos,heather13@hotmail.com,20
8982,Ronald Freeman,julie14@yahoo.com,86
8983,Lucas Jackson,brettwilson@hotmail.com,18
8984,William Gallagher,jeffreymalone@hotmail.com,70
8985,Nicholas Smith,sloanluke@gardner-jenkins.com,40
8986,Amber Howe,melissa46@hotmail.com,11
8987,Howard Beck,collierwilliam@williams.com,27
8988,James Berg,brownjennifer@yahoo.com,11
8989,Jenny Williams,jamesmoore@gmail.com,42
8990,Ian Morris,latasha37@lawson.biz,97
8991,Erin Lewis,richard39@yahoo.com,28
8992,Anthony Hawkins,chelseasims@gmail.com,77
8993,Caleb Barrett,hnguyen@brandt.com,90
8994,Julie Kelley,thomasnathan@hernandez.org,63
8995,William Wright DVM,marcus74@sparks-harris.net,11
8996,Chase Montes,yramos@yahoo.com,57
8997,Chase Marsh,owright@hotmail.com,14
8998,Jacqueline Lloyd,shellyyoder@chan.com,51
8999,Mary Russell,vyoung@lynch-harper.org,13
9000,Dr. April Taylor,jenningsrobert@sanders.biz,91
9001,Sergio Ramos,martinedward@hammond.info,21
9002,Thomas Morales,harperjose@yahoo.com,52
9003,Monica Oneal,melissa45@hotmail.com,90
9004,Sierra Joseph,crawfordoscar@williams-wright.com,11
9005,Daniel Stanley,mirandasean@yahoo.com,67
9006,Terry Roberts,gomezkenneth@rogers-ochoa.net,95
9007,Thomas Schmidt,zpeterson@hotmail.com,73
9008,Joseph Castro,gina43@owens-moore.com,76
9009,Amanda Harris,websterbilly@larson.com,29
9010,Andrew Smith,paul17@hotmail.com,82
9011,Nicholas Potter,sheilareynolds@davis-griffin.info,63
9012,Amber Jimenez,lgill@wright.com,69
9013,Kimberly Henson,angelagay@hotmail.com,76
9014,Edwin Smith,charlessanford@franco.biz,98
9015,Justin Duncan,emilybrown@rivers.biz,87
9016,Nicole Ochoa,feliciajohnson@gmail.com,56
9017,Lisa Hansen,gstevenson@yahoo.com,52
9018,Kathryn Williams,jessicamartinez@yahoo.com,70
9019,Michael Price,adriangarcia@cooper.com,23
9020,Todd Torres,fwilliams@meyer.com,31
9021,Thomas Smith,johnbuchanan@cooper-gregory.biz,58
9022,Justin Peters,mooredan@hotmail.com,72
9023,Travis Gonzalez,eric45@wood.info,37
9024,John Harris,martinezkenneth@keith.info,23
9025,Courtney Smith,michael17@yahoo.com,62
9026,Lauren Young,laurengray@gmail.com,71
9027,Leslie Pierce,friedmanhayley@yahoo.com,48
9028,Matthew Owens,james59@rivera.org,83
9029,Scott Rodriguez,stephenvega@braun.com,11
9030,Jessica Reeves,kmorrison@reed.info,90
9031,Mr. Michael Johnson,oruiz@gmail.com,29
9032,Tyler Bonilla,yhamilton@gmail.com,15
9033,Justin Anderson,browntommy@valentine-becker.info,84
9034,Larry Fisher,dustinstewart@gmail.com,93
9035,Thomas Lewis,kruegerchristopher@huber-andrade.com,31
9036,Elizabeth Smith,amypeters@ayers.info,12
9037,Joseph Hill,plambert@porter-arellano.com,86
9038,Christina Santiago,butlerzachary@herrera.biz,37
9039,Kenneth Villegas,pgarcia@hotmail.com,32
9040,Sheila Holt,walkerashley@hotmail.com,76
9041,Kelly Guzman,acostasarah@yahoo.com,74
9042,Paul Turner,zacharybutler@yahoo.com,11
9043,James King,jenny44@gmail.com,24
9044,David Wilkins,hendersonhannah@harper-valdez.com,95
9045,Heather Mayer,kmartinez@ortiz.com,44
9046,Jeffrey Salazar,derricksims@cox.com,25
9047,Betty Zamora,montoyarachel@johnson-patton.com,74
9048,Jeanette Norton,cynthiarichards@randall.org,10
9049,Tammy Davis,deannasanders@hotmail.com,23
9050,Jennifer Roberson,maryirwin@chavez.com,54
9051,Chad Parsons,ubird@bishop.com,24
9052,James Andrews,mark24@gomez.com,90
9053,David Bell,julietrujillo@moore.com,78
9054,Amanda Williams,william82@rivera-ramsey.com,41
9055,Todd Brown,robert91@gmail.com,59
9056,Ryan Daniels,robert04@fitzgerald.net,62
9057,Aaron Abbott,justin68@hogan-sanders.com,39
9058,John Edwards,matthew48@gmail.com,94
9059,Derek Burton,kimberlycortez@yahoo.com,87
9060,Angela Wilson,denisejohnston@gmail.com,93
9061,Jason Kennedy,ashley38@leonard-gutierrez.com,20
9062,Joseph Henderson,haleynewman@miranda.com,88
9063,Kent Smith,epennington@estrada-tapia.net,91
9064,Mrs. Donna Lewis,justin81@gmail.com,32
9065,Alyssa Lewis,navarropatricia@gmail.com,85
9066,Brittany Fuller,wgaines@dawson-thompson.com,94
9067,Deanna Montoya,jenniferholden@simmons.com,37
9068,Andrew Brock,walkervalerie@morales.biz,13
9069,Andrew Simon,millsrichard@reyes.com,47
9070,Jessica Mora,walter28@gmail.com,61
9071,Terry Doyle,anthonynewman@andrews.com,88
9072,Carlos Thompson,conwaybrittany@gmail.com,54
9073,Anne Stevens,taylorjeremy@munoz-bailey.biz,99
9074,Melissa Coleman,morganjohnson@hale-meyers.net,93
9075,Ashley Williams,jordankenneth@hotmail.com,53
9076,Monica Avila,waltersanthony@silva.com,33
9077,Daniel Gardner,zacharywilson@yahoo.com,44
9078,Wendy Peterson,heathermiller@howard-watson.org,95
9079,Terri Wood,neil77@lawson-palmer.net,84
9080,Allison Vaughn,xhernandez@yahoo.com,16
9081,Sara Ray,foxnoah@yahoo.com,96
9082,Christopher Gomez,vcrane@duke.com,63
9083,Nancy Coleman,lauramcgee@hamilton.info,24
9084,Kayla Pierce,bryanramsey@hotmail.com,91
9085,Rachel Bennett,michael51@gmail.com,64
9086,Tamara Washington,smithanita@chan.com,40
9087,Ashley Brown,nconway@hotmail.com,65
9088,Madison Brown,jamesdenise@gmail.com,50
9089,Molly Hoover,joelramirez@wiley.net,26
9090,Amy Brooks,stanley24@smith-williams.net,24
9091,Christine West,skinnergeorge@gmail.com,91
9092,Christopher Haley,rodriguezteresa@yahoo.com,60
9093,Cynthia Ayala,kevin47@conrad.biz,32
9094,Hector Hughes,breannaespinoza@gmail.com,80
9095,Emma Taylor,glovercalvin@yahoo.com,11
9096,Kelly Garcia,kaylaboyle@hotmail.com,59
9097,Adam Tate,cory21@schwartz-peterson.com,24
9098,Kayla Frey,brian59@haynes.com,94
9099,James Brown,jimmy77@yahoo.com,21
9100,Jennifer Casey,bakerjason@frey-bryant.info,89
9101,Megan Wang,matthew73@yahoo.com,57
9102,Tammy Stevenson,cross@goodwin.org,58
9103,Megan Smith,riveradaniel@garcia.com,80
9104,Ian Summers,pchung@gmail.com,84
9105,Christopher Schmidt,ryanwilkinson@flores.com,80
9106,Bryan Griffin,ashleymiller@sanders.biz,59
9107,Bobby Anderson,john13@nixon-wright.biz,93
9108,Robert Bush,jacquelinesanders@hernandez-jacobs.com,89
9109,Zachary Gomez,suzanneramirez@bishop.com,69
9110,Jessica Gonzalez,romerobreanna@byrd.com,27
9111,Tonya Morgan,jonathanellis@yates.com,18
9112,Heather Reyes,matthew32@hotmail.com,26
9113,Douglas Arnold,lisaespinoza@martinez-chen.com,51
9114,Kerry Pope,aallison@gmail.com,72
9115,Craig Browning,bentleyryan@miller.com,28
9116,David Rodriguez,jasmine83@yahoo.com,78
9117,Michael Bass,rford@yahoo.com,24
9118,Lauren Alvarez,kaylawalter@rodgers.com,70
9119,Jennifer West,williamfoster@hotmail.com,41
9120,Thomas Castillo,kmorris@hotmail.com,19
9121,April Lynch,amalone@gmail.com,21
9122,Kayla Ortiz,griffithmary@gmail.com,70
9123,James Smith,brandonduncan@yahoo.com,80
9124,Alexandra Brooks,koneill@gmail.com,20
9125,Joseph Mullen Jr.,fwatson@barnes.org,63
9126,Chad Velazquez,seth70@perry.org,75
9127,Rhonda Ayala,nathanielbolton@gmail.com,43
9128,Rebecca Contreras,lrich@garcia-huynh.net,93
9129,Matthew Bradley,qproctor@hotmail.com,42
9130,Jason Montoya,halltommy@gmail.com,79
9131,Laura Brown,ichapman@gmail.com,22
9132,Kristie Michael,kayladixon@hotmail.com,48
9133,Robert Juarez,johnsonjacqueline@yahoo.com,83
9134,Christopher Swanson,cody60@hotmail.com,73
9135,Alan Tucker,hcarlson@stevens-elliott.com,44
9136,Vanessa Baker,weaverpatrick@gmail.com,35
9137,Danny Mason,zacharyparker@miller.com,12
9138,Jessica Martinez,whitneyhernandez@brown.org,80
9139,Heather Pitts,nicholsonmeghan@rodriguez-michael.biz,10
9140,Laura Russell,juliaarnold@yahoo.com,22
9141,Lawrence Davis,nrussell@hotmail.com,95
9142,Kristy Schultz,patricklee@gmail.com,12
9143,Anna Underwood,rrodriguez@oliver.com,56
9144,Rebecca Strong,andrew11@wiggins.biz,77
9145,Mrs. Shannon White,rachel61@fischer.com,45
9146,Tina Brown,paulbanks@yahoo.com,44
9147,Steven Hancock,christophernguyen@yahoo.com,54
9148,Daniel Warren,igibson@yahoo.com,60
9149,Justin Wilson,castanedachad@hotmail.com,39
9150,Pamela Gutierrez,michelle62@owens-green.org,88
9151,Roger Diaz,agray@gmail.com,68
9152,Maria Mccall,andrewbarnes@gmail.com,12
9153,Lindsey Johnson,lrussell@yahoo.com,92
9154,Jacob Morton,jeffrey56@gmail.com,39
9155,Kyle Silva,jimenezshawn@yahoo.com,22
9156,Jeremy Cervantes,amy49@yahoo.com,96
9157,John Salinas,jasonbrown@hotmail.com,29
9158,Jeremy Cardenas,edward53@gmail.com,55
9159,Jordan Morales,brentgaines@campbell.com,78
9160,Sherry Ramirez,nicole16@hardy.com,49
9161,Karen Mcgee,jimenezfred@carpenter.org,28
9162,Susan Hartman,robertray@fowler-snow.info,95
9163,Natasha Alvarado,michael71@powell-molina.com,20
9164,Melissa Rodriguez,stephaniewolfe@daniels.com,80
9165,Sheena Clarke,diana56@hotmail.com,76
9166,Julie Jenkins,vnguyen@hotmail.com,71
9167,Amanda Gardner,bthomas@brown.com,24
9168,Jessica Cortez,nmurphy@gmail.com,37
9169,Margaret Phillips,walkerkeith@allen.info,59
9170,James York,asanders@church-bryan.info,22
9171,Lisa Johnson,sonya76@yahoo.com,84
9172,Ashley Davis,terrence21@yahoo.com,76
9173,Dawn Randall,qbenton@gmail.com,98
9174,Paul Anderson,amymercado@munoz-spencer.info,53
9175,Christopher Donaldson,sjohnson@hotmail.com,63
9176,Sara Green,melissa12@johnson-yu.info,54
9177,Dennis Jones,jallen@hotmail.com,35
9178,Hannah Contreras,kerri60@mills.org,28
9179,Eric Rivera,curtisdawson@robertson.net,57
9180,Loretta Monroe,schroederaaron@gmail.com,74
9181,Jordan Parker,rrobertson@yahoo.com,70
9182,Christopher Walton,glindsey@russell-perkins.com,45
9183,Billy Olson,sschmidt@hotmail.com,58
9184,Jerry Cross,erika34@neal.biz,90
9185,Sharon Baker,pamela26@gomez.com,66
9186,Teresa Perez,uschwartz@gmail.com,81
9187,Kevin Mitchell,nataliemarks@hotmail.com,49
9188,Cassandra Lopez,wward@weaver-wise.biz,77
9189,Johnny Weiss,carolyn52@gmail.com,81
9190,Nathan Jenkins,kimberlybaker@yahoo.com,55
9191,Wendy Rose,david28@hotmail.com,60
9192,Rachel Hogan,william92@johnson-garcia.com,38
9193,Jim Hernandez,wendyramsey@hotmail.com,73
9194,Sherry Nelson,shane69@parrish-chung.com,94
9195,Jeffrey Cabrera,hhill@hotmail.com,23
9196,Jessica Martin,brianna66@hotmail.com,54
9197,Nancy Perez,myersandrea@hotmail.com,74
9198,Chad Howe,jwells@munoz.biz,98
9199,Bruce Spence,torresmatthew@mills.biz,90
9200,Lindsey Little,nicholas26@scott.com,69
9201,Brad Terry,bakerjennifer@yahoo.com,39
9202,Jennifer Moore,bridgeshannah@chang.com,68
9203,Alyssa Newton,villanuevakevin@hotmail.com,86
9204,Geoffrey Pope,ortegamatthew@brown.com,75
9205,Amber Mendez,mconrad@yahoo.com,18
9206,Rebecca Garcia,erin29@smith-diaz.com,56
9207,Robert Kelly,wweiss@gmail.com,67
9208,Laura Bonilla,anthonyscott@parker-webb.com,12
9209,Jennifer Washington,kevin55@yahoo.com,80
9210,Colleen Gray,williamsarthur@hotmail.com,39
9211,Kimberly Hamilton,jasoncarrillo@hotmail.com,14
9212,Lucas Norton,whoward@hotmail.com,61
9213,Laura Williams,noah58@hotmail.com,60
9214,Erin Delgado,ycollins@hardy.org,53
9215,Jeremy Kelley,sheena19@hotmail.com,82
9216,Sydney Baker,clarknicole@livingston.com,93
9217,Russell Garcia,stephen53@vazquez.com,34
9218,Jeffrey Armstrong,harmongregory@gmail.com,89
9219,John Ferguson,uhebert@guzman.net,28
9220,Timothy Scott,susankane@gmail.com,27
9221,Larry Horton,matthewcantrell@garcia.com,45
9222,Amanda Munoz,mrodriguez@hotmail.com,16
9223,Richard Myers,joseph68@yahoo.com,71
9224,Erin Mullen,jordanibarra@gomez.com,87
9225,Robert Brown,hickmanronald@white.com,61
9226,Emily Conner,qcarey@pearson.com,80
9227,Devon Watson,traci60@gmail.com,37
9228,Jennifer Gray,zyoung@johnson-carey.info,30
9229,Mary Lee,jamesmurphy@hubbard-lee.net,18
9230,Joseph Figueroa,bonnie50@thompson.org,23
9231,Terri Lewis,martharivera@lopez-dean.com,17
9232,Jill Patel,turnersarah@gmail.com,79
9233,George Douglas,chapmanmackenzie@brown-moore.info,96
9234,Stacy Miller,jamesstewart@gmail.com,58
9235,Donna Nelson,hendersonjustin@gmail.com,11
9236,Christopher Fuentes,khughes@gmail.com,30
9237,Tammy Smith,donnaeaton@hotmail.com,80
9238,Steven Park,brownscott@gmail.com,84
9239,Julie Watts,fmendoza@hotmail.com,67
9240,Robert Howard,lisacabrera@best.com,60
9241,Sheila Collier,brianbarnett@yahoo.com,96
9242,Omar Zimmerman,charles16@gmail.com,43
9243,Keith Barrett,pparker@gmail.com,89
9244,David Ward,mark24@mcgee-sharp.com,21
9245,Zachary Blair,sanchezsamantha@dodson.net,75
9246,Jesus Dunn,laurenhall@wang.net,47
9247,Robin Reed,hallcarl@gmail.com,75
9248,David Hall,gvargas@hotmail.com,25
9249,Robert Schneider,debbiesalinas@gmail.com,92
9250,Nicholas Martinez,andrew40@lopez-maxwell.com,63
9251,Darren Moore,margaretwhite@hotmail.com,43
9252,Jerry Bryant,carolyn52@hotmail.com,25
9253,Kathleen Drake,imcdonald@pena.com,72
9254,Jamie Hodges,jasmineschmidt@hotmail.com,85
9255,Jesse Dalton,xtorres@silva.com,49
9256,Cheryl Leonard,danny16@morris.org,51
9257,Aaron Young,gregoryvalenzuela@hutchinson.com,91
9258,Emily Brown,marcushowell@perkins.net,39
9259,Kristen Hall,petersonsteven@gmail.com,36
9260,Ryan Ferguson,ijohnson@hotmail.com,54
9261,Jared Martinez,navarrocurtis@hotmail.com,81
9262,Kathleen Thompson,veronica74@hotmail.com,23
9263,Anthony Olson,marynunez@smith-scott.net,86
9264,Jennifer Chapman,karenmoss@rodriguez.biz,17
9265,Steven Brown,jeremydavis@haynes.com,77
9266,Timothy Scott,robinsonvanessa@garrett-wilson.com,13
9267,Jonathan Medina,howardsabrina@yahoo.com,86
9268,Felicia Pena,melissa86@patel.org,30
9269,Amy West,kathymendez@hotmail.com,41
9270,John Giles,jbrown@gmail.com,20
9271,Haley Miller,cscott@gmail.com,89
9272,Jeffery Moreno,lewischarles@castillo-booth.info,73
9273,Alan Wells,qsmith@oliver-ross.biz,26
9274,Victoria Moore,bwillis@gmail.com,20
9275,Lisa Merritt,brooke41@gmail.com,33
9276,William Bailey,kjones@benton-brewer.org,18
9277,Rachel Williams,emily74@jenkins.com,99
9278,Joseph Morales,margaret03@hotmail.com,18
9279,Sean Miller,denise15@gmail.com,20
9280,Mark Taylor,csosa@morris.net,68
9281,Danielle Martinez,teresa32@garcia.org,56
9282,Anne Johnson MD,hcook@smith.biz,22
9283,Thomas Fowler,brooksmelinda@gmail.com,60
9284,Joseph Bartlett,kimjones@moore.com,52
9285,Amy Ibarra,villajanet@gmail.com,84
9286,Robin Cuevas,andretapia@gmail.com,51
9287,John Yang,grace23@yahoo.com,28
9288,Sandra Walker,hurleypatrick@hotmail.com,76
9289,Michelle Torres,barbaracurtis@yahoo.com,12
9290,Timothy Mckenzie,ramirezjared@hotmail.com,90
9291,David Parsons,harrisonnicole@jones-forbes.com,52
9292,Amanda Nguyen,dawnbean@gmail.com,93
9293,Lauren Mcgee,ihess@yahoo.com,23
9294,Reginald Parker,royfox@owen.com,97
9295,Carlos Jackson,rbennett@cline.info,85
9296,Matthew Wiggins,silvaronald@gmail.com,68
9297,Adrienne Porter,george10@gmail.com,42
9298,Megan Rodriguez,ballleslie@hughes.com,88
9299,Michael Torres,danielfitzgerald@gmail.com,10
9300,Cynthia Stewart,wareanne@washington.com,15
9301,Anna Martin,nelsonruben@yahoo.com,48
9302,Shannon Young,berryjamie@scott.com,19
9303,Michelle Carson,tyoung@yahoo.com,39
9304,Beth Larsen,jmclaughlin@gmail.com,42
9305,Sandra Cook,melanie92@collins.com,82
9306,Michael Love,wnichols@yahoo.com,69
9307,Timothy Wade,veronicawilliams@gmail.com,83
9308,Margaret Hall,julia93@lawrence.com,89
9309,Meghan Fisher,alyssajohnson@gmail.com,60
9310,Stephen Estes,upatterson@delgado-mills.net,64
9311,Hannah Shaw,qmorrison@hotmail.com,70
9312,Roger Foster,mharris@hotmail.com,59
9313,Luis Webb,jasonwaters@salinas.net,95
9314,Christina Norris,xmartinez@gmail.com,98
9315,Allen Carter,adamsjoshua@gmail.com,22
9316,Tara Flores,brennaneric@powers-barnett.com,42
9317,Nicole Gray,geraldmacias@vazquez.net,56
9318,Vincent James,robinallen@hotmail.com,56
9319,Angela Wagner,kellyfrederick@wallace-mitchell.biz,40
9320,Brendan Russell,jennifer99@hotmail.com,50
9321,Dave Nguyen,christian90@yahoo.com,69
9322,Allison Cortez,thompsontimothy@gmail.com,10
9323,Erica Perez,cvargas@solomon.info,80
9324,Courtney Parks,fjohnson@hotmail.com,37
9325,Allison Newman,elizabeth59@yahoo.com,84
9326,Michael Williams,rwong@williams.com,79
9327,Dr. John Simmons,ywalker@yahoo.com,64
9328,Diane Nelson,michelepowers@king-payne.biz,13
9329,Carlos Nguyen,duanegaines@hotmail.com,85
9330,Christopher Ferguson,stephanie45@hotmail.com,97
9331,Manuel Smith,middletonshelby@chandler.com,45
9332,Mary Campos,carolmanning@hotmail.com,67
9333,Justin Green,macevedo@yahoo.com,56
9334,Kelsey Barnes,brettsilva@peterson-barnes.com,35
9335,Christopher Lewis,iknight@yahoo.com,10
9336,Kathy Gordon,qmoon@yahoo.com,13
9337,Shane Allison,monicafrederick@lynch.biz,86
9338,Justin Fuller,ksellers@hotmail.com,23
9339,William Stone,richard59@gmail.com,91
9340,Nicholas Franklin,mitchelldawn@odom-baker.biz,85
9341,Joshua Bowen,marissa21@hotmail.com,76
9342,Scott Rosario,lisaharris@flores.net,57
9343,Stephanie Gilbert,zhangjohn@gmail.com,49
9344,Christopher Price,iramirez@myers-west.info,89
9345,Rachel Adkins,kdelgado@gmail.com,11
9346,Eric Wells,smithashley@hotmail.com,93
9347,Robert Shah,garciabrandon@hotmail.com,70
9348,Marcia Mitchell,uwilliams@webb.net,44
9349,Calvin Tran,ulucas@bailey-gray.biz,12
9350,Jennifer Santana,donnareynolds@tate-owens.com,40
9351,Michael Villarreal,patriciaalexander@lee.org,75
9352,Carl Williamson,steinshannon@yahoo.com,96
9353,Joshua Hughes,ann75@montes-drake.com,49
9354,Gregory Flowers,bhood@yahoo.com,46
9355,Corey Garcia,onealjohn@gmail.com,75
9356,Paige Allen,teresa43@hotmail.com,23
9357,Angela Massey,joshuajackson@baker.com,38
9358,Vanessa Martinez,lhansen@thompson.biz,84
9359,Jeffery Martinez,carriesmith@evans-wiley.biz,93
9360,Cynthia Bray,michelereid@hotmail.com,73
9361,George Lam,curtisdanny@gmail.com,80
9362,Bryan Cooper,xromero@gibson.com,38
9363,Thomas Mitchell,tanya21@compton.com,15
9364,Bernard Jones,imorgan@dominguez-shelton.com,79
9365,Douglas Mathis,loweemily@hotmail.com,95
9366,John Mcmahon,brandyschroeder@hotmail.com,48
9367,Scott Powers,rebeccaschneider@patterson.net,68
9368,Karen Mccoy,adamseddie@phillips.com,76
9369,Linda Page,solson@love.biz,81
9370,Kevin Freeman,qnorton@gmail.com,90
9371,Krista Jones,kristinmurray@gmail.com,76
9372,Daniel Barber,lhardy@gmail.com,23
9373,Ashley Horton,stevensonjames@gmail.com,14
9374,Jeremy Jackson,michaelwright@hotmail.com,39
9375,Jennifer Garcia,tricia87@yahoo.com,33
9376,Calvin Green,stoutmichael@hotmail.com,11
9377,Dr. Jennifer Leblanc,john12@larson.org,27
9378,James Price,vnelson@carroll.com,86
9379,Mathew Ryan,evansjonathan@robinson.biz,99
9380,Corey Rodriguez,villarrealcatherine@baxter.com,94
9381,Robert Miller,jacob36@bailey-king.com,75
9382,Nathan Sawyer,lawrencesarah@freeman-smith.biz,79
9383,Curtis Hartman,melissa93@gmail.com,31
9384,Joshua Zhang,jason94@gmail.com,80
9385,Nichole Alexander,amber29@ortiz.com,40
9386,Victoria Avila,tnunez@webb-alexander.org,75
9387,Amber Glass,donald54@gmail.com,52
9388,Julie Medina MD,juanfox@nelson.com,19
9389,Lauren Stephenson,joseph81@moore.com,97
9390,Erin Sanchez,hernandezjesse@kramer-burnett.org,25
9391,Jeffrey Solomon,manntimothy@yahoo.com,15
9392,Michael Obrien III,collinsbrian@hotmail.com,47
9393,Bobby Coleman,michellemoore@yahoo.com,81
9394,Joshua Dennis,julieshah@fisher.com,70
9395,Katie Banks,jenkinsveronica@gmail.com,52
9396,Dr. Crystal Wallace DVM,umartin@yahoo.com,64
9397,Martha Williams,wardmichael@moore.info,76
9398,Joanna Collins,barrycarol@gmail.com,28
9399,Richard Aguilar,timothy10@gmail.com,97
9400,Katelyn Martin,donnamiles@hotmail.com,76
9401,Jennifer Turner,atkinsian@gmail.com,55
9402,Melinda Watkins,williamfuller@banks-cox.com,28
9403,Jonathan Cortez,martinpayne@ortiz.biz,46
9404,Jennifer Walls,chamilton@gmail.com,63
9405,Robert Porter,helengeorge@hotmail.com,14
9406,Lisa Munoz,stephaniewolf@gmail.com,52
9407,Shelly Fisher,jhall@bennett.info,83
9408,Stephanie Bowen,urussell@gmail.com,92
9409,Christopher Butler,philipcooper@hotmail.com,97
9410,Jonathan Gonzalez,xhernandez@berg.com,45
9411,Lisa Miller,williamsdeborah@yahoo.com,66
9412,Patricia Patterson,bshaw@gmail.com,82
9413,Jocelyn Norris,hnorris@hall.com,24
9414,Frank Bennett,jasonpope@yahoo.com,40
9415,Elizabeth Ford,chamberssamantha@gmail.com,82
9416,Emma Wood,longangela@dougherty.com,55
9417,Lisa Castillo,lovekayla@villarreal.info,93
9418,David Curtis,vanessa90@yahoo.com,40
9419,Helen Valencia,kevin73@butler.com,81
9420,Gregory Baker,ibates@gmail.com,66
9421,Rebekah Rodriguez,toddkelly@hotmail.com,24
9422,Christopher Parks,hoffmanmatthew@pruitt.biz,79
9423,Angel Fry,samantha07@yahoo.com,73
9424,Richard Wolfe,randy79@brown.com,89
9425,Morgan Johnson,cgonzalez@gomez.biz,72
9426,Nancy Thomas,ylee@gmail.com,89
9427,Charles Cole,htucker@gmail.com,26
9428,Zachary Brown,umckay@johnson-kelly.com,38
9429,Stacy Beard,johnarias@yahoo.com,12
9430,Kathy Morrison,dawnyoung@evans.net,72
9431,Andre Pearson,benitezstephanie@gmail.com,40
9432,Lori Clarke,bmiles@ford.com,68
9433,Keith Page MD,rewing@hotmail.com,83
9434,Anthony King,graymaurice@griffin-mathis.biz,98
9435,Kimberly Edwards,christopheraguirre@beard-potter.com,96
9436,Heidi Freeman,millercarrie@yahoo.com,58
9437,Patricia Jordan,rickey80@hotmail.com,64
9438,Anthony Gilmore,bpowell@miller-brady.com,80
9439,Dr. Michael Hunter,robert68@sanders-mitchell.com,49
9440,Nicole Atkinson,christopheratkinson@martin.net,94
9441,Kari Jones,aayala@hotmail.com,43
9442,Brad Nelson,lisa48@yahoo.com,59
9443,Donna Mayer,dianacallahan@davis-bennett.com,36
9444,Catherine Joyce,paul80@miller.net,52
9445,Erica Pittman,carsonalyssa@yahoo.com,43
9446,Darlene Gentry,burnsgabrielle@gmail.com,57
9447,Carrie Sanders,mortonbradley@yahoo.com,89
9448,Robert Mayer,vcox@smith-cook.biz,29
9449,Erica Jackson,amandahall@moore.info,67
9450,Karen Wade,kimberlyclark@rodriguez.com,85
9451,Karl Moore,melanie10@gmail.com,36
9452,Jacqueline Walker,markbartlett@jackson-allen.com,97
9453,Christina Mcdonald,shannonchoi@hotmail.com,84
9454,Timothy Lewis,davidperez@morris.com,50
9455,James Lowery,ebrandt@scott-levine.com,59
9456,Roger Coleman,justinmathis@rodriguez.com,55
9457,Kelsey Marquez,blevinseddie@hotmail.com,44
9458,Leah Scott,mariahparker@rodriguez-chan.com,65
9459,Alex King,ginaparker@ellis.com,99
9460,Michelle Scott,glennmcgee@figueroa.com,38
9461,John Johnson,kyle41@gmail.com,48
9462,Jesse Stafford,lucasdavid@wood.com,64
9463,Jesse Harding,ifarley@gmail.com,89
9464,Duane Hansen,mooneyjohnny@yahoo.com,32
9465,Whitney Medina,tgomez@yahoo.com,41
9466,Mary Wilson,stevenhenderson@campbell.com,54
9467,Connie Mcclain,christianhardin@yahoo.com,44
9468,John Evans,lopezmathew@garza-gonzalez.com,51
9469,Alexandra Jones,robertsonchristopher@yahoo.com,42
9470,Martin Hall,njones@gray.com,81
9471,Sarah Martinez,xnoble@pineda-griffith.com,57
9472,Angela Cook,sgill@yahoo.com,15
9473,Desiree Campbell,richardbuck@gmail.com,18
9474,John Garcia,matthew67@yahoo.com,88
9475,Christopher Shannon,bretttaylor@yahoo.com,18
9476,Christopher Mccullough,jcooper@sweeney.org,10
9477,Barbara Santos DVM,barbara52@martinez-cox.com,60
9478,Lisa Macdonald,frankluna@hall.com,29
9479,Bethany Diaz,cardenasallison@morrison.com,91
9480,Cassandra Campbell,connor07@hotmail.com,69
9481,Samantha Little,millerhenry@yahoo.com,10
9482,Tony Williams,nelsonallen@evans.com,68
9483,Dr. Daniel Thornton DDS,ashley53@white.org,85
9484,David Villanueva,kelleyjerry@yahoo.com,24
9485,Frank Bradley,stewartjames@acosta.com,41
9486,Todd Hancock,curtisjordan@hotmail.com,31
9487,Michelle Norris,grantperez@hotmail.com,34
9488,Angela Ruiz,andrewspencer@yahoo.com,77
9489,Beverly Sims,tracymurphy@caldwell.info,61
9490,Kathy Williams,emily16@hotmail.com,69
9491,Vincent Le,davidsontyler@yahoo.com,38
9492,James Chapman,alleneric@yahoo.com,88
9493,Michelle Gibson,holtbrian@gmail.com,55
9494,Erin Garner,michelle36@gmail.com,85
9495,Kelly Escobar,stephanie58@gmail.com,80
9496,David Perez,pdrake@yahoo.com,70
9497,Susan Barrera,dustinvillanueva@gmail.com,18
9498,Kristin Mullen,ulawrence@yahoo.com,14
9499,John Snow,carriearcher@townsend-russell.com,84
9500,Tim Williams,janice93@hotmail.com,50
9501,Stephen Alvarez,abond@carrillo-castillo.com,28
9502,Jenna Benitez,xdavis@gmail.com,90
9503,Elizabeth Kennedy,hallshawn@casey.com,32
9504,Wendy Gilmore,jessica79@buchanan.biz,16
9505,Cindy Allen,jamesmalone@hotmail.com,36
9506,Heather Cox,abaker@brown.com,41
9507,Curtis Coleman,salazarsandra@yahoo.com,60
9508,Roberta Johnson,lewissabrina@santiago.biz,56
9509,Richard Collins,latasha16@gmail.com,40
9510,Shawn Guzman,mhernandez@santiago-powell.net,29
9511,Joshua Burgess,rodneywilliams@nguyen.com,27
9512,Susan Thompson,greenkayla@yahoo.com,75
9513,Grace Morton,xroberts@myers-franklin.com,67
9514,Tammy Reed,hutchinsontodd@yahoo.com,40
9515,Dawn Bush,michael67@hotmail.com,54
9516,Jessica Wagner,ferrellandrew@thompson-blake.com,85
9517,Philip Lee,qsmith@gmail.com,55
9518,Stephen Jones,basskathy@simpson-davis.info,87
9519,John Duran,cjohnson@rodriguez.org,98
9520,Carol Mason,sierra10@gmail.com,20
9521,Kendra Jacobs,chanpamela@thompson.com,28
9522,John Brooks,andrewgarcia@woods.org,82
9523,Keith Hawkins,fmartin@aguilar.com,52
9524,Justin Perez,eringray@kline-lee.com,53
9525,Ashley Garcia,tracy31@hotmail.com,59
9526,Mary Evans,rickyortiz@yahoo.com,87
9527,William Hernandez,marymills@gmail.com,63
9528,Stacey Gordon,sethvillanueva@brewer.net,52
9529,Patricia Walls,theresa61@mcdaniel.com,14
9530,Angela Stewart,brownjanet@sanchez-allen.com,80
9531,Tyler Williams,gkim@hernandez-warren.com,80
9532,Abigail Roberts,pricesteven@clarke.com,95
9533,Damon Thomas,seancurry@gmail.com,55
9534,Todd Scott,yharrington@miller-kim.com,49
9535,Michael Alvarado,maxwellmoss@baker.net,75
9536,Gabriel Jones,zstewart@alexander.com,58
9537,Amanda Hill,obates@hotmail.com,42
9538,Jennifer Luna,monicasmith@mccoy.org,35
9539,Teresa Howard,petersonmatthew@gmail.com,17
9540,Joel Malone,ehanson@chase.biz,72
9541,Joshua Peterson,blanchardsara@walker-bailey.com,35
9542,Tracy Houston,collinsmegan@russell.com,48
9543,Brian Cole,kcox@gmail.com,67
9544,Cory Knight,weaverjane@clayton-reeves.net,60
9545,Samantha Smith,josephdavis@lee.com,29
9546,Tonya Guzman,uturner@jackson.info,64
9547,Amy Rowland,scottanthony@green-black.net,92
9548,Tammy Kramer,desireehines@roman.info,57
9549,Dana Wilson,gparrish@fisher-campbell.com,11
9550,Lynn Rodriguez,rivasbruce@hotmail.com,30
9551,John Gonzales,jocelyn57@wheeler.biz,33
9552,Lisa Smith,emilyhogan@yahoo.com,57
9553,Joanna Murray,robert66@mckay-morgan.com,24
9554,Chelsey Campbell,anthonyschultz@williams-carter.org,98
9555,Hayden Wilson,melissa59@hotmail.com,65
9556,Dr. Chris Rodriguez,jamesjackson@gmail.com,57
9557,Michael Smith,kedwards@hotmail.com,15
9558,Amber Silva,johnpalmer@gmail.com,57
9559,Cory Thompson,davidtorres@yahoo.com,79
9560,Jeffrey Banks,hubbardgabrielle@yahoo.com,61
9561,Shannon Miller,drichardson@rubio.org,88
9562,Bill Fitzgerald,teresahenry@zavala.com,11
9563,Victor Webb,whitelance@hudson.biz,58
9564,Michelle Williams,bwilliams@adams.net,18
9565,Ronald Rivera,levinecasey@gmail.com,81
9566,Amber Jones,wrightjeffrey@gmail.com,78
9567,Lindsey Johns,lauriemiller@moore.info,98
9568,Jonathon Ward,charles82@gmail.com,52
9569,Marcus Weber,andreapatton@gmail.com,94
9570,Brandi Murray,tamaranorman@watson-morgan.net,51
9571,Joseph Hampton,catherine13@hotmail.com,63
9572,Michael Castillo,lauren81@yahoo.com,14
9573,Chad White,sean01@yahoo.com,52
9574,Sean Liu,heathermarshall@hunter.com,57
9575,Justin Macdonald,michelegonzalez@hall.info,26
9576,Alexander Singleton,kathyruiz@lee-hamilton.com,98
9577,Keith Murray,mary59@serrano.com,39
9578,Sarah Turner,carolynsanders@torres.com,51
9579,Christopher Price,nataliezamora@hotmail.com,37
9580,Susan Willis,macdonaldlisa@vazquez.com,32
9581,Alexandra Howell,smithstephen@gmail.com,34
9582,Stephen King,nwilliams@gmail.com,55
9583,Brandy Walters,vmartinez@hotmail.com,51
9584,Joshua Maxwell,mgray@abbott.com,45
9585,Sheri Lopez,serranojohn@townsend-reid.com,76
9586,Gordon Martin,wheelermark@hernandez.com,98
9587,Maurice Carter,jamesosborn@gmail.com,72
9588,Brian Mayer,andrea74@yahoo.com,23
9589,Dr. Kenneth Vargas DVM,jamesjimenez@elliott-dean.com,12
9590,Douglas Hartman,hkelly@king.net,88
9591,Bryan Walls,jjones@fischer.info,82
9592,Taylor Davis,jimenezholly@patterson.net,88
9593,Vanessa Jones,johnskaren@hotmail.com,82
9594,Kenneth Sloan,heatheryoung@yahoo.com,59
9595,Mrs. Cheryl Meadows,patrickaguilar@mcneil.info,23
9596,Michele Marshall,tina04@hotmail.com,90
9597,Jesse Bell,wbishop@williams.net,21
9598,Alexis Blackwell,mwest@yahoo.com,60
9599,Antonio Bailey,oparker@gmail.com,39
9600,Robert Rivera,hectorrogers@hotmail.com,71
9601,Jessica Duncan,clinelauren@salazar.com,88
9602,Kelly Palmer,stephanie15@haney-kirby.org,85
9603,Lori Hill,dennis48@gmail.com,78
9604,Ryan Day,harmonerin@sanchez-flores.com,76
9605,Gene White,amanda58@patterson.org,74
9606,Troy Salinas,ebaker@gmail.com,65
9607,Jessica Baker,alex77@gmail.com,70
9608,Mikayla Garcia,fsolis@smith.com,16
9609,Kathy Arnold,teresawalker@kelly.com,62
9610,Patty Dixon,kelly86@hotmail.com,99
9611,Amy Mclaughlin,jonesjacob@sims-murphy.com,48
9612,Melvin Villegas,shannonlowe@gmail.com,74
9613,Stephanie Scott,abigail87@santiago-waters.com,73
9614,Christina Vasquez,rgreen@cortez.com,91
9615,Shelly Cook,brian11@prince.com,87
9616,Justin Reed,sierraedwards@hotmail.com,49
9617,Cole Mathis,peter34@hotmail.com,44
9618,Maria Young,wilsonbrian@price.info,59
9619,Angela Franklin,charles62@yahoo.com,75
9620,Mr. Raymond Barnes DVM,qmiller@gmail.com,12
9621,Paul Palmer,john48@mcknight.com,41
9622,Denise Cruz,stephanieramirez@bowers.com,12
9623,Marissa Yu,james43@gmail.com,98
9624,Christopher Stanley,dscott@yahoo.com,78
9625,Andrew Floyd,jillmiles@pitts.com,40
9626,Travis Gardner,ralphwatts@peters.info,78
9627,Jennifer Chavez,michellewebster@williams-adams.biz,58
9628,Victor Mercer,medinajacob@tran-chambers.info,97
9629,Gabrielle Johnson,jeffreyalvarez@francis-hester.com,23
9630,Michael Kelley,dillon81@russell.com,26
9631,Meghan Flores,ellenadams@stephens.net,53
9632,Taylor Wright,jwaters@walker.com,61
9633,Robert Logan,hicksanthony@hotmail.com,48
9634,Christine Little,bauerandrew@yahoo.com,15
9635,Madison Carter,pamelareyes@williams.com,18
9636,Daniel Moore,padillajacob@chavez-parker.org,43
9637,Lisa Taylor,jenniferoconnor@martinez-larsen.com,29
9638,Jose Lee,jonathan18@yahoo.com,50
9639,Tracey Mason,jonathan54@cervantes-mccall.com,34
9640,Kelly Giles,xsuarez@cox.com,43
9641,Charlotte Craig,millerjoseph@collins.com,41
9642,Corey Fischer,beanashlee@hotmail.com,55
9643,Kenneth Gomez,clarkmatthew@jones.com,85
9644,Jose Martinez,hodgeslaurie@yahoo.com,58
9645,Alexis Michael,vellis@gordon.com,44
9646,Kelsey Campbell,christopher01@davis.org,94
9647,Kenneth Patterson,tamaramahoney@hotmail.com,57
9648,Betty Smith,allison86@yahoo.com,81
9649,Erin Chen,morganbrooke@hotmail.com,78
9650,Linda Harris,ckeller@west.org,13
9651,Mike Stevens,browningjames@yahoo.com,69
9652,Darryl Simmons,davidclark@jenkins-pratt.net,84
9653,Leon Schmitt,aguilarjonathan@yahoo.com,16
9654,Nicholas Guerrero,iwilson@gmail.com,25
9655,Pamela Chaney,ilynch@hotmail.com,51
9656,Mary Walsh,richardwilson@gmail.com,30
9657,Amy Lucas,elizabethmoran@ho.biz,46
9658,Kevin Thomas,bryanwalker@kelley-beard.info,25
9659,Ashley Willis,jessicajackson@terry.biz,34
9660,Cynthia Chen,blogan@velez-moore.org,34
9661,Thomas Martin,david48@davenport.com,17
9662,David Logan,ashleywright@hotmail.com,42
9663,Christopher Lowe MD,walkerjessica@yahoo.com,71
9664,Joseph Perez,rmathews@baker.com,54
9665,Gregory Gay,hmoore@gmail.com,72
9666,Emily Robles,barkerrodney@gmail.com,23
9667,Sarah Frank,bradleyharold@nguyen.com,56
9668,Stephanie White,chudson@hotmail.com,91
9669,Brian Leblanc,xthomas@hill.info,51
9670,John Smith,rodriguezeric@yahoo.com,49
9671,John Clark,mariacaldwell@washington-daniels.org,37
9672,Kathleen Hudson,barbarareid@aguilar-schneider.net,53
9673,Patricia Johns,mboyd@melton.com,22
9674,Jacqueline Williams,pcastaneda@fernandez.net,73
9675,Julie West,whart@hart-gonzalez.net,10
9676,Brandy Friedman,toddkristina@allison.com,24
9677,Jonathan Williams,philliphernandez@gonzalez-davis.com,49
9678,Amanda Miller,silvaelizabeth@kelley-fox.com,40
9679,Charles Parks DDS,andersenmary@martin.com,65
9680,Steven Boyd,caleb60@gmail.com,86
9681,Steven Cobb,sperez@hotmail.com,69
9682,Erin Smith,mgarcia@hotmail.com,84
9683,Deborah Nelson,juliasimmons@yahoo.com,69
9684,Jack Garrett,kimthomas@yahoo.com,27
9685,Megan Stafford,jordan85@hotmail.com,15
9686,Janet Nichols,jerryknox@peterson.com,53
9687,Stephanie Kelley,zsanchez@gmail.com,61
9688,Sarah Hawkins,robert40@gmail.com,93
9689,Jessica Walter,samantha46@kelly.org,83
9690,Kelli Black,ghughes@hotmail.com,62
9691,Mr. Jeffrey Bowman,vsanford@hall.info,70
9692,Geoffrey Hatfield,ramirezmiguel@gmail.com,93
9693,Suzanne Elliott,ubaker@bailey-miller.com,14
9694,Lance Henderson,qmarshall@day-christensen.com,90
9695,Matthew Poole,ymaxwell@clay-christensen.com,54
9696,Jordan Gonzalez,khuff@gmail.com,43
9697,Michele Ball,johngonzales@gmail.com,40
9698,Christopher Jimenez,lance05@hotmail.com,75
9699,Stephanie Anderson,fedwards@hotmail.com,19
9700,Alex Zimmerman,katiejones@parker-hughes.com,81
9701,David Shelton,jillmarsh@yahoo.com,60
9702,Michael Jennings,zarcher@yahoo.com,81
9703,Kimberly Hayes,martinezchristopher@meyers-kaufman.com,26
9704,Robin Washington,ashley63@hotmail.com,52
9705,Kimberly Harper,frankjesus@yang.com,82
9706,John Jones,lindsey36@hotmail.com,16
9707,Amanda Atkinson,vstone@gmail.com,51
9708,Kayla Mclaughlin,farrelljeremy@gmail.com,14
9709,Travis Arnold,lewisbrandon@morales-sanders.net,40
9710,Mary Lawson,lopezkyle@hotmail.com,19
9711,William Logan,rsmith@marquez.com,26
9712,Meagan Wood,rodriguezjesus@henderson-fox.biz,38
9713,James Pham,elizabeth99@yahoo.com,93
9714,Robert Smith,awang@gmail.com,86
9715,Linda Sandoval,chandlerlaura@mcdonald.com,97
9716,Tracey Shelton,john07@yahoo.com,45
9717,Sherry Torres,julian14@oliver.info,87
9718,Scott Taylor,jason73@gmail.com,70
9719,Joshua Johnson,nicholas33@chen.biz,68
9720,Julie Smith,johnsonthomas@hotmail.com,47
9721,Jason Hartman,kdiaz@young.com,32
9722,Stacey Barker,mnixon@johnson.info,57
9723,Laura Patterson,hturner@ingram.com,53
9724,Janet Mendoza,emartinez@hotmail.com,31
9725,Jake Carroll,james60@scott-spencer.com,92
9726,Jeffrey Johnson,wheelerdeanna@gentry.info,89
9727,Amber Whitaker,rayjeremy@hunt-hayes.com,51
9728,Daniel Lewis,jennifer00@holland.com,55
9729,Brent Perez,jason33@luna-villegas.com,83
9730,Mason Mcgrath,cathythomas@york-spencer.info,23
9731,Elizabeth Cook,amanda42@smith-carroll.com,15
9732,Mary Navarro,amber11@yahoo.com,24
9733,Rachel Taylor,moralesbradley@miller.com,11
9734,Shane Brown,whitesara@yahoo.com,88
9735,Jessica Arias,vanessa38@hawkins.com,69
9736,Mark Chambers,nreynolds@yahoo.com,58
9737,Leslie Wolfe,philip87@hotmail.com,58
9738,Keith Booth,vaughanrobert@yahoo.com,18
9739,Andrea Wade,tanya59@gmail.com,43
9740,Sergio Zavala,kevinconley@montgomery-jones.com,21
9741,Lori Werner,michael49@wheeler-ball.com,62
9742,Richard Anderson,bstewart@maldonado.com,34
9743,Brian Hernandez,dana88@gmail.com,77
9744,Angie Daniels,echristensen@hotmail.com,86
9745,Jacob Pollard,garrettkayla@harper.biz,26
9746,John Jensen,watsonbonnie@gmail.com,20
9747,Steven Gray,anthony54@hotmail.com,51
9748,Sara Young,martinezcaitlin@perry-mason.net,18
9749,Kevin Lyons,joanne10@bird-christian.com,62
9750,Christine Jones,kevinward@gmail.com,79
9751,Brian Campbell,cabrerashelly@lawson.com,44
9752,Johnathan Moore,ahanson@martin.com,91
9753,Briana Price,jeffersonruth@jones-snyder.com,89
9754,Louis Murray,ewright@gmail.com,27
9755,Kevin Johnston,stephaniesmith@gmail.com,19
9756,Joshua Thomas,julian34@hotmail.com,90
9757,Tracy Hensley,mvasquez@gmail.com,77
9758,Lisa Acevedo,bill94@hotmail.com,19
9759,Daniel Chen,fscott@yahoo.com,21
9760,Joann Gonzalez,megan22@gmail.com,66
9761,Stephen Lee,jennifer54@hotmail.com,47
9762,Denise Kim,holly51@yates.com,71
9763,Brenda Wong,ewalker@gmail.com,58
9764,Paul Gilmore,lori11@delgado.com,70
9765,Laura Sellers,itodd@lamb.biz,43
9766,Brett Allen,hstone@yahoo.com,13
9767,Howard Clark,cherylwilliams@ross.org,47
9768,Courtney Buckley,donnajohns@williams-hill.com,63
9769,Debra Morris,wallacebrenda@gmail.com,54
9770,Ryan Stein,tiffany04@gmail.com,43
9771,Anthony Smith,william50@hotmail.com,26
9772,Joseph Daugherty,fcooper@hotmail.com,69
9773,Mike Prince,carolineatkinson@lucas.com,23
9774,Rebecca Bradley,brandi63@gmail.com,90
9775,Kevin Morgan,shauncook@yahoo.com,59
9776,Raymond Hoffman,jennifer35@yahoo.com,47
9777,Curtis Morris,woodwardrobert@thomas.com,84
9778,Daniel Wiggins,james38@horton-sparks.info,64
9779,Dominic Aguilar,douglasrose@yahoo.com,11
9780,Stephanie Brown,mtravis@gmail.com,80
9781,Melissa Charles,hollowayjordan@hotmail.com,67
9782,April Huffman,reedwilliam@rodriguez.com,11
9783,David Edwards,kristin29@anderson.info,35
9784,James Gutierrez,williamsjesse@lopez-glenn.com,72
9785,Samuel Ward,woodlisa@juarez.com,52
9786,Pamela Garrett,peterskatelyn@jones-williams.com,70
9787,Angela Baker,garciacharles@gaines.com,56
9788,Sarah Robles,christopher35@hotmail.com,88
9789,April Buchanan,xtaylor@yahoo.com,40
9790,James Wilson,elizabethclark@cook-dennis.com,74
9791,Matthew Smith,michelle95@rosales-hunter.com,30
9792,Bryan Yates,serranojennifer@hotmail.com,65
9793,Jose Lewis,christinaromero@stevens-ortega.info,29
9794,Jessica Reese,goodwinlisa@gmail.com,15
9795,Tammy Mills,qfernandez@yahoo.com,93
9796,Gabriel Barrera,jeanneyang@benitez.com,81
9797,Kimberly Barton,bradleysmith@walters.com,60
9798,Roger Gonzalez,jenna52@gmail.com,92
9799,Brian Gray,davidmartinez@gmail.com,80
9800,Jamie Mccoy,rachelbranch@williams.biz,81
9801,Ashlee Carr,umorton@yahoo.com,22
9802,Jeffrey Zuniga,baileysamantha@gmail.com,84
9803,Amanda Stephens,michellepowell@smith.com,35
9804,Michael Gonzalez,yfoster@ward.biz,36
9805,Andrew Miller,grayrachel@gmail.com,42
9806,Robert Cantrell,juliarobinson@hotmail.com,12
9807,Laurie Walker,downsmichelle@hays.net,18
9808,Courtney Francis,collinsjessica@gmail.com,70
9809,Mrs. Jane Harris MD,tmorgan@gmail.com,84
9810,Michael Ochoa,cindymartinez@west.org,26
9811,Joseph Dougherty,fgriffin@hotmail.com,26
9812,Jason Rogers,hancockjennifer@yahoo.com,51
9813,Sara Copeland,phansen@jackson-williams.com,98
9814,Eric Roth,rachel91@gmail.com,41
9815,Lindsay Tyler,petersonhunter@yahoo.com,17
9816,Monica Thomas,anthonylopez@gmail.com,76
9817,Kayla Peterson,eric71@hotmail.com,18
9818,Eric Morgan PhD,anguyen@holland-johnson.com,34
9819,David Vasquez,levinebrandon@thompson-hoffman.info,66
9820,Michelle Romero,joel87@gmail.com,85
9821,Jennifer Velasquez,shawnwest@yahoo.com,74
9822,Jose Welch,jonestyler@hotmail.com,50
9823,Crystal Moody,danawilliams@gmail.com,11
9824,Robert Stevenson,fbrown@hotmail.com,30
9825,Mr. William Paul,rodriguezricky@elliott.com,38
9826,Candace Hall,reyesgary@taylor-baker.com,88
9827,Bonnie Stone,marchunter@willis-kim.com,11
9828,Mary Moore,swood@yahoo.com,62
9829,Lori Williams,lauren59@conway-kaiser.com,22
9830,Robert Jones,scottoliver@kelley-moore.net,56
9831,Kelli Fisher,clarkelisa@mcintosh.com,78
9832,Gina Henderson,stephaniespencer@gmail.com,25
9833,Michael Stuart,thompsonjustin@hotmail.com,67
9834,Tyler Johnson,thomas23@hotmail.com,11
9835,Anthony Coleman MD,katherinebyrd@gmail.com,32
9836,Robert Cummings,joneslori@yahoo.com,79
9837,Kevin Rowland,theresa11@gmail.com,46
9838,Jason Daniels,cooleygregory@gmail.com,73
9839,Kenneth Hines,jamesaustin@hotmail.com,18
9840,Victoria Clark,xbarrett@greene.com,19
9841,Patrick Gray,edwardsgary@gmail.com,34
9842,David Phillips,rachel64@williams.com,59
9843,Stacey Johnson,danielbrown@beck.com,61
9844,Alejandro Ho,xtorres@gutierrez.biz,60
9845,Jillian Lee,murraygregory@norton.com,47
9846,Julie Herman,scottjacob@hotmail.com,31
9847,Sarah Fisher,sarah13@yahoo.com,43
9848,David Barber,kenneth58@gmail.com,99
9849,Kayla Campbell,davissarah@hotmail.com,96
9850,Cody Hardy,trevordavis@beard-becker.com,54
9851,Joseph Hudson,grichardson@reilly.com,76
9852,Donna Ramirez,jeremiah41@huerta-hernandez.com,93
9853,David Hurst,jhardy@short.com,97
9854,Ms. Bridget Porter,beanemily@gmail.com,49
9855,Amy Jensen,thomas83@morris.com,12
9856,Kenneth Sanchez,suareztiffany@logan.biz,27
9857,Heather Park,jclark@wilson.com,13
9858,Scott Peters,vlopez@kelley-ward.biz,41
9859,Rebecca Fisher,eblack@scott.com,84
9860,Kristen Leonard,jameshaas@smith.com,25
9861,Christopher Booth MD,charlesthomas@gmail.com,95
9862,Holly Gray,zmiller@bates.com,18
9863,Amanda Duarte DDS,steven06@yahoo.com,33
9864,Rhonda Pineda,jessemorrison@yahoo.com,74
9865,William Mason,kimberly19@gmail.com,50
9866,Brittany Dodson,rodney94@farrell-johnson.info,95
9867,Eric Anderson,leslie07@hudson.net,31
9868,Terri Oconnell,brandimyers@carroll.org,91
9869,Linda Pierce,jimmynelson@gmail.com,31
9870,Brenda Cox,brandonparker@yahoo.com,19
9871,Regina Rios,warekristen@wilkerson-jones.com,11
9872,Annette Sosa,ksmith@yahoo.com,46
9873,Angela Hernandez,heather33@burton-fry.com,95
9874,Maria Hudson,amberstephens@lopez-hernandez.com,53
9875,Caroline Powell,lauren28@velasquez-gregory.com,20
9876,Amanda Powell,kelli74@lewis.com,60
9877,Keith Flynn,pearsonmatthew@glass-johnson.org,77
9878,Kayla Sullivan,jaimecollins@davis-lynch.net,62
9879,Shelly Kerr,andrea66@barrera-munoz.com,81
9880,Julian Mason,tonyarhodes@zhang.net,75
9881,Kristin Barnes,ilewis@hotmail.com,90
9882,Andrea Conway,debra01@gmail.com,97
9883,Scott Le,myerspatty@yahoo.com,72
9884,Ruben Maynard,jmartin@gmail.com,92
9885,John Hawkins,eschwartz@garner.com,20
9886,Kenneth Smith,martha56@jordan.com,10
9887,Gregory Miller,lukesmith@bowman-goodman.com,22
9888,Cesar Mcneil,samantha73@hansen.com,53
9889,Mrs. Kaitlyn Scott,richardsontimothy@hotmail.com,14
9890,Shannon Sawyer,hjones@hotmail.com,56
9891,Kevin Mays,crystalnunez@robinson.biz,89
9892,Johnny Brown,amywhite@martinez.com,94
9893,Kelsey Brown,gwoods@hotmail.com,31
9894,Richard Dominguez,paul54@yahoo.com,24
9895,Misty Carroll,mrichards@lewis.com,69
9896,Arthur Hernandez,christine03@gmail.com,91
9897,Anthony Ortiz,angela99@gmail.com,75
9898,Lisa Griffith,marybrown@hutchinson.com,57
9899,Darius Zavala,morrisonchristine@page.biz,85
9900,Ms. Ashley Davis MD,cathy30@riley.com,37
9901,Dr. Kathy Mccormick,garygonzalez@gmail.com,19
9902,Aaron Brown,justin52@hotmail.com,44
9903,Alexander Ryan PhD,zchapman@perez.com,79
9904,Linda Cooper,jennifercollins@keith-bailey.com,92
9905,Christopher Hampton,johnny94@gmail.com,80
9906,Zachary Wright,paulwalton@thomas.com,70
9907,Matthew Jennings,vrogers@gmail.com,19
9908,Sabrina Morrison,kariescobar@hall-ward.net,13
9909,John Diaz,miranda99@yahoo.com,73
9910,Katie Ramos,tapiajustin@hotmail.com,39
9911,Lisa Crawford,damonjackson@hotmail.com,28
9912,Casey Bush,mendezjessica@gmail.com,48
9913,Bridget Hardin,hwilson@hotmail.com,15
9914,Victor Buck,zbaxter@hotmail.com,84
9915,George Irwin,farleytiffany@holden.com,88
9916,Andrew Hebert,keith39@lopez.org,98
9917,Jacob Zhang,blake38@gmail.com,15
9918,Becky Holland,vford@peters.info,74
9919,Kara Foster,cdavis@hotmail.com,14
9920,Tracie Rodriguez,nealtraci@parks.biz,91
9921,Bradley Brown,mary94@beasley-murphy.com,44
9922,Michael Donaldson,qmiller@hotmail.com,51
9923,Haley Joseph,irwincharles@harrell.com,23
9924,Joshua Roberts,stanley68@gmail.com,18
9925,Matthew Watson,james47@gmail.com,76
9926,Kelly Glover,melissa19@yahoo.com,11
9927,Mary Williams,wilsonbethany@wang.com,49
9928,Kevin Manning,bradley58@hotmail.com,59
9929,Susan Weiss MD,kennedygina@nichols.com,45
9930,Raymond Li,michele28@yahoo.com,88
9931,Marcus Hall,donaldherring@pham.info,73
9932,Jeffrey Logan,michael19@yahoo.com,81
9933,Kathy Clark,jill71@yahoo.com,89
9934,Ellen Nicholson,mmoore@garcia-dennis.net,25
9935,Alex Salazar,bruce06@yahoo.com,68
9936,Christina Rowe,peterbond@gmail.com,24
9937,Frank Williams,margaretmontoya@walker.com,39
9938,Isaac Bond,bailey32@huynh-wood.org,65
9939,Natalie Robertson,lisale@hale.com,81
9940,Jason Ford,agreen@yahoo.com,18
9941,Kimberly Rhodes,sean04@gmail.com,18
9942,Amber Mcdonald,andersoncheryl@nelson-nguyen.com,78
9943,Julie Pham,troycisneros@hotmail.com,22
9944,Amber Salazar MD,xroberts@gmail.com,43
9945,Hayley Gonzalez,angela38@hotmail.com,67
9946,Ashley Melendez,lawsonchristopher@yahoo.com,25
9947,Jason Rodriguez,jessica60@lynch.com,95
9948,Mrs. Elizabeth Adams,dianejohnson@yahoo.com,41
9949,Matthew Gonzales,nicholsnancy@hotmail.com,94
9950,Laura Farmer,adrian67@trevino.com,42
9951,Ronald Velazquez,parkereddie@williamson.com,93
9952,Julie Morris,johnsondonald@haley-mcconnell.biz,69
9953,James Park,belindahall@gmail.com,24
9954,Tammy Holland,rshaw@gonzales.com,88
9955,Nicole Jensen,ymiller@sanders-gonzalez.info,43
9956,Daniel Harvey,danielskathryn@mckenzie.com,98
9957,Penny Nelson,heathermarshall@yahoo.com,62
9958,Daniel Bell,stevensmith@yahoo.com,19
9959,Brittany Ramirez,robinsonkatherine@acosta.info,12
9960,Alexandra Skinner,brittanywaters@hotmail.com,14
9961,Kimberly Norton,catherinehess@hotmail.com,51
9962,Melissa Donovan,tdixon@barber.net,21
9963,Cheryl White,christina97@delgado.com,33
9964,Glenn Herrera,kochdaniel@brooks-stephens.com,37
9965,Richard Murphy Jr.,wrightellen@watson.com,96
9966,Michelle Smith,hdoyle@gmail.com,47
9967,Thomas Ingram,timothyochoa@good.info,64
9968,Courtney Burnett,ronald23@yahoo.com,91
9969,Laura Oliver,josephtaylor@yahoo.com,18
9970,Amy Cook,alicia27@yahoo.com,22
9971,William Curry,lesliediaz@wagner.com,69
9972,Janice Mitchell,angela24@hotmail.com,12
9973,Randall Burke,areid@marshall.org,45
9974,Jennifer Hernandez,andersonleslie@thomas-duncan.com,31
9975,Nicole Peters,anthony81@gmail.com,82
9976,Kelly Phillips,aaronchapman@thomas.com,89
9977,Jamie Barajas,gibbsjeffrey@harris.info,98
9978,Trevor Ray,david80@hays-johnson.net,55
9979,Stephanie Winters,daltonkayla@gmail.com,34
9980,Robert Cruz,michael41@gmail.com,67
9981,Laura Cook,hammondheather@gmail.com,97
9982,Angela Hamilton,wilsonchristina@hotmail.com,38
9983,Thomas Hayes,tannerheather@mckinney-adams.com,13
9984,Melanie Benitez,mashley@evans-pollard.com,65
9985,Stephanie Aguirre,samanthamitchell@yahoo.com,68
9986,Sylvia Walker,ejackson@hotmail.com,13
9987,Ashley Warren,amyscott@mahoney.com,41
9988,Sherry Gonzalez,fcarson@richards.com,46
9989,Fernando Anderson,kyliejohnson@white.org,32
9990,Larry Norton,qfowler@knox.com,10
9991,Patricia Thomas,hnelson@bruce.net,82
9992,Randy Jones,randallgreene@hotmail.com,88
9993,Debra Henson,williamsdawn@yahoo.com,93
9994,Eric Smith,smallheather@adams-roberts.com,95
9995,Joshua Potter,brandon03@hunter.org,20
9996,Elizabeth Lee,matthewstewart@yahoo.com,49
9997,Joshua Horton,woodrichard@lloyd-meyers.org,63
9998,Michael Ochoa,josephwalker@hotmail.com,52
9999,Kyle Bush,paul16@barnes-brown.com,42
10000,Robert Cooper,james40@gmail.com,79
